store_nbr,item_nbr,date,unit_sales,onpromotion,holiday_local_count,holiday_national_count,holiday_regional_count,store_type,store_cluster,item_family,item_class,perishable,store_status,item_status,year,weekday,week_nbr,week_number_cum
10,1149579,2013-01-02,,False,0,0,0,C,15,BREAD/BAKERY,2708,1,0,3,2013,3,1,1
10,103520,2013-01-02,,False,0,0,0,C,15,GROCERY I,1028,0,0,3,2013,3,1,1
10,1149579,2013-01-03,,False,0,0,0,C,15,BREAD/BAKERY,2708,1,0,3,2013,4,1,1
10,103520,2013-01-03,,False,0,0,0,C,15,GROCERY I,1028,0,0,3,2013,4,1,1
10,1149579,2013-01-04,,False,0,0,0,C,15,BREAD/BAKERY,2708,1,0,3,2013,5,1,1
10,103520,2013-01-04,,False,0,0,0,C,15,GROCERY I,1028,0,0,3,2013,5,1,1
10,103520,2013-01-05,,False,0,1,0,C,15,GROCERY I,1028,0,0,3,2013,6,1,1
10,1149579,2013-01-05,,False,0,1,0,C,15,BREAD/BAKERY,2708,1,0,3,2013,6,1,1
10,1149579,2013-01-06,,False,0,0,0,C,15,BREAD/BAKERY,2708,1,0,3,2013,7,1,1
10,103520,2013-01-06,2.0,False,0,0,0,C,15,GROCERY I,1028,0,0,1,2013,7,1,1
10,1149579,2013-01-07,,False,0,0,0,C,15,BREAD/BAKERY,2708,1,0,3,2013,1,2,2
10,103520,2013-01-07,,False,0,0,0,C,15,GROCERY I,1028,0,0,1,2013,1,2,2
10,103520,2013-01-08,,False,0,0,0,C,15,GROCERY I,1028,0,0,1,2013,2,2,2
10,1149579,2013-01-08,,False,0,0,0,C,15,BREAD/BAKERY,2708,1,0,3,2013,2,2,2
10,103520,2013-01-09,2.0,False,0,0,0,C,15,GROCERY I,1028,0,0,1,2013,3,2,2
10,1149579,2013-01-09,,False,0,0,0,C,15,BREAD/BAKERY,2708,1,0,3,2013,3,2,2
10,103520,2013-01-10,,False,0,0,0,C,15,GROCERY I,1028,0,0,1,2013,4,2,2
10,1149579,2013-01-10,,False,0,0,0,C,15,BREAD/BAKERY,2708,1,0,3,2013,4,2,2
10,1149579,2013-01-11,,False,0,0,0,C,15,BREAD/BAKERY,2708,1,0,3,2013,5,2,2
10,103520,2013-01-11,3.0,False,0,0,0,C,15,GROCERY I,1028,0,0,1,2013,5,2,2
10,103520,2013-01-12,,False,0,1,0,C,15,GROCERY I,1028,0,0,1,2013,6,2,2
10,1149579,2013-01-12,,False,0,1,0,C,15,BREAD/BAKERY,2708,1,0,3,2013,6,2,2
10,103520,2013-01-13,,False,0,0,0,C,15,GROCERY I,1028,0,0,1,2013,7,2,2
10,1149579,2013-01-13,,False,0,0,0,C,15,BREAD/BAKERY,2708,1,0,3,2013,7,2,2
10,103520,2013-01-14,,False,0,0,0,C,15,GROCERY I,1028,0,0,1,2013,1,3,3
10,1149579,2013-01-14,,False,0,0,0,C,15,BREAD/BAKERY,2708,1,0,3,2013,1,3,3
10,1149579,2013-01-15,,False,0,0,0,C,15,BREAD/BAKERY,2708,1,0,3,2013,2,3,3
10,103520,2013-01-15,,False,0,0,0,C,15,GROCERY I,1028,0,0,1,2013,2,3,3
10,103520,2013-01-16,,False,0,0,0,C,15,GROCERY I,1028,0,0,1,2013,3,3,3
10,1149579,2013-01-16,,False,0,0,0,C,15,BREAD/BAKERY,2708,1,0,3,2013,3,3,3
10,103520,2013-01-17,,False,0,0,0,C,15,GROCERY I,1028,0,0,1,2013,4,3,3
10,1149579,2013-01-17,,False,0,0,0,C,15,BREAD/BAKERY,2708,1,0,3,2013,4,3,3
10,103520,2013-01-18,,False,0,0,0,C,15,GROCERY I,1028,0,0,1,2013,5,3,3
10,1149579,2013-01-18,,False,0,0,0,C,15,BREAD/BAKERY,2708,1,0,3,2013,5,3,3
10,1149579,2013-01-19,,False,0,0,0,C,15,BREAD/BAKERY,2708,1,0,3,2013,6,3,3
10,103520,2013-01-19,,False,0,0,0,C,15,GROCERY I,1028,0,0,1,2013,6,3,3
10,1149579,2013-01-20,,False,0,0,0,C,15,BREAD/BAKERY,2708,1,0,3,2013,7,3,3
10,103520,2013-01-20,,False,0,0,0,C,15,GROCERY I,1028,0,0,1,2013,7,3,3
10,103520,2013-01-21,,False,0,0,0,C,15,GROCERY I,1028,0,0,1,2013,1,4,4
10,1149579,2013-01-21,,False,0,0,0,C,15,BREAD/BAKERY,2708,1,0,3,2013,1,4,4
10,1149579,2013-01-22,,False,0,0,0,C,15,BREAD/BAKERY,2708,1,0,3,2013,2,4,4
10,103520,2013-01-22,1.0,False,0,0,0,C,15,GROCERY I,1028,0,0,1,2013,2,4,4
10,103520,2013-01-23,,False,0,0,0,C,15,GROCERY I,1028,0,0,1,2013,3,4,4
10,1149579,2013-01-23,,False,0,0,0,C,15,BREAD/BAKERY,2708,1,0,3,2013,3,4,4
10,1149579,2013-01-24,,False,0,0,0,C,15,BREAD/BAKERY,2708,1,0,3,2013,4,4,4
10,103520,2013-01-24,,False,0,0,0,C,15,GROCERY I,1028,0,0,1,2013,4,4,4
10,103520,2013-01-25,,False,0,0,0,C,15,GROCERY I,1028,0,0,1,2013,5,4,4
10,1149579,2013-01-25,,False,0,0,0,C,15,BREAD/BAKERY,2708,1,0,3,2013,5,4,4
10,103520,2013-01-26,,False,0,0,0,C,15,GROCERY I,1028,0,0,1,2013,6,4,4
10,1149579,2013-01-26,,False,0,0,0,C,15,BREAD/BAKERY,2708,1,0,3,2013,6,4,4
10,1149579,2013-01-27,,False,0,0,0,C,15,BREAD/BAKERY,2708,1,0,3,2013,7,4,4
10,103520,2013-01-27,,False,0,0,0,C,15,GROCERY I,1028,0,0,1,2013,7,4,4
10,103520,2013-01-28,,False,0,0,0,C,15,GROCERY I,1028,0,0,1,2013,1,5,5
10,1149579,2013-01-28,,False,0,0,0,C,15,BREAD/BAKERY,2708,1,0,3,2013,1,5,5
10,103520,2013-01-29,1.0,False,0,0,0,C,15,GROCERY I,1028,0,0,1,2013,2,5,5
10,1149579,2013-01-29,,False,0,0,0,C,15,BREAD/BAKERY,2708,1,0,3,2013,2,5,5
10,1149579,2013-01-30,,False,0,0,0,C,15,BREAD/BAKERY,2708,1,0,3,2013,3,5,5
10,103520,2013-01-30,2.0,False,0,0,0,C,15,GROCERY I,1028,0,0,1,2013,3,5,5
10,1149579,2013-01-31,,False,0,0,0,C,15,BREAD/BAKERY,2708,1,0,3,2013,4,5,5
10,103520,2013-01-31,,False,0,0,0,C,15,GROCERY I,1028,0,0,1,2013,4,5,5
10,1149579,2013-02-01,,False,0,0,0,C,15,BREAD/BAKERY,2708,1,0,3,2013,5,5,5
10,103520,2013-02-01,1.0,False,0,0,0,C,15,GROCERY I,1028,0,0,1,2013,5,5,5
10,103520,2013-02-02,3.0,False,0,0,0,C,15,GROCERY I,1028,0,0,1,2013,6,5,5
10,1149579,2013-02-02,,False,0,0,0,C,15,BREAD/BAKERY,2708,1,0,3,2013,6,5,5
10,103520,2013-02-03,1.0,False,0,0,0,C,15,GROCERY I,1028,0,0,1,2013,7,5,5
10,1149579,2013-02-03,,False,0,0,0,C,15,BREAD/BAKERY,2708,1,0,3,2013,7,5,5
10,1149579,2013-02-04,,False,0,0,0,C,15,BREAD/BAKERY,2708,1,0,3,2013,1,6,6
10,103520,2013-02-04,,False,0,0,0,C,15,GROCERY I,1028,0,0,1,2013,1,6,6
10,1149579,2013-02-05,,False,0,0,0,C,15,BREAD/BAKERY,2708,1,0,3,2013,2,6,6
10,103520,2013-02-05,1.0,False,0,0,0,C,15,GROCERY I,1028,0,0,1,2013,2,6,6
10,103520,2013-02-06,,False,0,0,0,C,15,GROCERY I,1028,0,0,1,2013,3,6,6
10,1149579,2013-02-06,,False,0,0,0,C,15,BREAD/BAKERY,2708,1,0,3,2013,3,6,6
10,1149579,2013-02-07,,False,0,0,0,C,15,BREAD/BAKERY,2708,1,0,3,2013,4,6,6
10,103520,2013-02-07,2.0,False,0,0,0,C,15,GROCERY I,1028,0,0,1,2013,4,6,6
10,103520,2013-02-08,,False,0,0,0,C,15,GROCERY I,1028,0,0,1,2013,5,6,6
10,1149579,2013-02-08,,False,0,0,0,C,15,BREAD/BAKERY,2708,1,0,3,2013,5,6,6
10,103520,2013-02-09,2.0,False,0,0,0,C,15,GROCERY I,1028,0,0,1,2013,6,6,6
10,1149579,2013-02-09,,False,0,0,0,C,15,BREAD/BAKERY,2708,1,0,3,2013,6,6,6
10,1149579,2013-02-10,,False,0,0,0,C,15,BREAD/BAKERY,2708,1,0,3,2013,7,6,6
10,103520,2013-02-10,,False,0,0,0,C,15,GROCERY I,1028,0,0,1,2013,7,6,6
10,103520,2013-02-11,1.0,False,0,1,0,C,15,GROCERY I,1028,0,0,1,2013,1,7,7
10,1149579,2013-02-11,,False,0,1,0,C,15,BREAD/BAKERY,2708,1,0,3,2013,1,7,7
10,1149579,2013-02-12,,False,0,1,0,C,15,BREAD/BAKERY,2708,1,0,3,2013,2,7,7
10,103520,2013-02-12,,False,0,1,0,C,15,GROCERY I,1028,0,0,1,2013,2,7,7
10,1149579,2013-02-13,,False,0,0,0,C,15,BREAD/BAKERY,2708,1,0,3,2013,3,7,7
10,103520,2013-02-13,,False,0,0,0,C,15,GROCERY I,1028,0,0,1,2013,3,7,7
10,103520,2013-02-14,1.0,False,0,0,0,C,15,GROCERY I,1028,0,0,1,2013,4,7,7
10,1149579,2013-02-14,,False,0,0,0,C,15,BREAD/BAKERY,2708,1,0,3,2013,4,7,7
10,1149579,2013-02-15,,False,0,0,0,C,15,BREAD/BAKERY,2708,1,0,3,2013,5,7,7
10,103520,2013-02-15,,False,0,0,0,C,15,GROCERY I,1028,0,0,1,2013,5,7,7
10,1149579,2013-02-16,,False,0,0,0,C,15,BREAD/BAKERY,2708,1,0,3,2013,6,7,7
10,103520,2013-02-16,,False,0,0,0,C,15,GROCERY I,1028,0,0,1,2013,6,7,7
10,1149579,2013-02-17,,False,0,0,0,C,15,BREAD/BAKERY,2708,1,0,3,2013,7,7,7
10,103520,2013-02-17,,False,0,0,0,C,15,GROCERY I,1028,0,0,1,2013,7,7,7
10,1149579,2013-02-18,,False,0,0,0,C,15,BREAD/BAKERY,2708,1,0,3,2013,1,8,8
10,103520,2013-02-18,,False,0,0,0,C,15,GROCERY I,1028,0,0,1,2013,1,8,8
10,103520,2013-02-19,2.0,False,0,0,0,C,15,GROCERY I,1028,0,0,1,2013,2,8,8
10,1149579,2013-02-19,,False,0,0,0,C,15,BREAD/BAKERY,2708,1,0,3,2013,2,8,8
10,1149579,2013-02-20,,False,0,0,0,C,15,BREAD/BAKERY,2708,1,0,3,2013,3,8,8
10,103520,2013-02-20,,False,0,0,0,C,15,GROCERY I,1028,0,0,1,2013,3,8,8
10,103520,2013-02-21,1.0,False,0,0,0,C,15,GROCERY I,1028,0,0,1,2013,4,8,8
10,1149579,2013-02-21,,False,0,0,0,C,15,BREAD/BAKERY,2708,1,0,3,2013,4,8,8
10,103520,2013-02-22,,False,0,0,0,C,15,GROCERY I,1028,0,0,1,2013,5,8,8
10,1149579,2013-02-22,,False,0,0,0,C,15,BREAD/BAKERY,2708,1,0,3,2013,5,8,8
10,103520,2013-02-23,1.0,False,0,0,0,C,15,GROCERY I,1028,0,0,1,2013,6,8,8
10,1149579,2013-02-23,,False,0,0,0,C,15,BREAD/BAKERY,2708,1,0,3,2013,6,8,8
10,1149579,2013-02-24,,False,0,0,0,C,15,BREAD/BAKERY,2708,1,0,3,2013,7,8,8
10,103520,2013-02-24,,False,0,0,0,C,15,GROCERY I,1028,0,0,1,2013,7,8,8
10,1149579,2013-02-25,,False,0,0,0,C,15,BREAD/BAKERY,2708,1,0,3,2013,1,9,9
10,103520,2013-02-25,,False,0,0,0,C,15,GROCERY I,1028,0,0,1,2013,1,9,9
10,1149579,2013-02-26,,False,0,0,0,C,15,BREAD/BAKERY,2708,1,0,3,2013,2,9,9
10,103520,2013-02-26,,False,0,0,0,C,15,GROCERY I,1028,0,0,1,2013,2,9,9
10,1149579,2013-02-27,,False,0,0,0,C,15,BREAD/BAKERY,2708,1,0,3,2013,3,9,9
10,103520,2013-02-27,,False,0,0,0,C,15,GROCERY I,1028,0,0,1,2013,3,9,9
10,1149579,2013-02-28,,False,0,0,0,C,15,BREAD/BAKERY,2708,1,0,3,2013,4,9,9
10,103520,2013-02-28,1.0,False,0,0,0,C,15,GROCERY I,1028,0,0,1,2013,4,9,9
10,103520,2013-03-01,1.0,False,0,0,0,C,15,GROCERY I,1028,0,0,1,2013,5,9,9
10,1149579,2013-03-01,,False,0,0,0,C,15,BREAD/BAKERY,2708,1,0,3,2013,5,9,9
10,103520,2013-03-02,,False,0,0,0,C,15,GROCERY I,1028,0,0,1,2013,6,9,9
10,1149579,2013-03-02,,False,0,0,0,C,15,BREAD/BAKERY,2708,1,0,3,2013,6,9,9
10,103520,2013-03-03,,False,0,0,0,C,15,GROCERY I,1028,0,0,1,2013,7,9,9
10,1149579,2013-03-03,,False,0,0,0,C,15,BREAD/BAKERY,2708,1,0,3,2013,7,9,9
10,103520,2013-03-04,,False,0,0,0,C,15,GROCERY I,1028,0,0,1,2013,1,10,10
10,1149579,2013-03-04,,False,0,0,0,C,15,BREAD/BAKERY,2708,1,0,3,2013,1,10,10
10,1149579,2013-03-05,,False,0,0,0,C,15,BREAD/BAKERY,2708,1,0,3,2013,2,10,10
10,103520,2013-03-05,1.0,False,0,0,0,C,15,GROCERY I,1028,0,0,1,2013,2,10,10
10,1149579,2013-03-06,,False,0,0,0,C,15,BREAD/BAKERY,2708,1,0,3,2013,3,10,10
10,103520,2013-03-06,,False,0,0,0,C,15,GROCERY I,1028,0,0,1,2013,3,10,10
10,103520,2013-03-07,,False,0,0,0,C,15,GROCERY I,1028,0,0,1,2013,4,10,10
10,1149579,2013-03-07,,False,0,0,0,C,15,BREAD/BAKERY,2708,1,0,3,2013,4,10,10
10,103520,2013-03-08,,False,0,0,0,C,15,GROCERY I,1028,0,0,1,2013,5,10,10
10,1149579,2013-03-08,,False,0,0,0,C,15,BREAD/BAKERY,2708,1,0,3,2013,5,10,10
10,1149579,2013-03-09,,False,0,0,0,C,15,BREAD/BAKERY,2708,1,0,3,2013,6,10,10
10,103520,2013-03-09,,False,0,0,0,C,15,GROCERY I,1028,0,0,1,2013,6,10,10
10,103520,2013-03-10,1.0,False,0,0,0,C,15,GROCERY I,1028,0,0,1,2013,7,10,10
10,1149579,2013-03-10,,False,0,0,0,C,15,BREAD/BAKERY,2708,1,0,3,2013,7,10,10
10,1149579,2013-03-11,,False,0,0,0,C,15,BREAD/BAKERY,2708,1,0,3,2013,1,11,11
10,103520,2013-03-11,,False,0,0,0,C,15,GROCERY I,1028,0,0,1,2013,1,11,11
10,103520,2013-03-12,,False,0,0,0,C,15,GROCERY I,1028,0,0,1,2013,2,11,11
10,1149579,2013-03-12,,False,0,0,0,C,15,BREAD/BAKERY,2708,1,0,3,2013,2,11,11
10,103520,2013-03-13,,False,0,0,0,C,15,GROCERY I,1028,0,0,1,2013,3,11,11
10,1149579,2013-03-13,,False,0,0,0,C,15,BREAD/BAKERY,2708,1,0,3,2013,3,11,11
10,1149579,2013-03-14,,False,0,0,0,C,15,BREAD/BAKERY,2708,1,0,3,2013,4,11,11
10,103520,2013-03-14,,False,0,0,0,C,15,GROCERY I,1028,0,0,1,2013,4,11,11
10,1149579,2013-03-15,,False,0,0,0,C,15,BREAD/BAKERY,2708,1,0,3,2013,5,11,11
10,103520,2013-03-15,,False,0,0,0,C,15,GROCERY I,1028,0,0,1,2013,5,11,11
10,1149579,2013-03-16,2.0,False,0,0,0,C,15,BREAD/BAKERY,2708,1,0,1,2013,6,11,11
10,103520,2013-03-16,,False,0,0,0,C,15,GROCERY I,1028,0,0,1,2013,6,11,11
10,1149579,2013-03-17,6.0,False,0,0,0,C,15,BREAD/BAKERY,2708,1,0,1,2013,7,11,11
10,103520,2013-03-17,,False,0,0,0,C,15,GROCERY I,1028,0,0,1,2013,7,11,11
10,1149579,2013-03-18,6.0,False,0,0,0,C,15,BREAD/BAKERY,2708,1,0,1,2013,1,12,12
10,103520,2013-03-18,,False,0,0,0,C,15,GROCERY I,1028,0,0,1,2013,1,12,12
10,1149579,2013-03-19,,False,0,0,0,C,15,BREAD/BAKERY,2708,1,0,1,2013,2,12,12
10,103520,2013-03-19,,False,0,0,0,C,15,GROCERY I,1028,0,0,1,2013,2,12,12
10,103520,2013-03-20,,False,0,0,0,C,15,GROCERY I,1028,0,0,1,2013,3,12,12
10,1149579,2013-03-20,8.0,False,0,0,0,C,15,BREAD/BAKERY,2708,1,0,1,2013,3,12,12
10,103520,2013-03-21,,False,0,0,0,C,15,GROCERY I,1028,0,0,1,2013,4,12,12
10,1149579,2013-03-21,,False,0,0,0,C,15,BREAD/BAKERY,2708,1,0,1,2013,4,12,12
10,1149579,2013-03-22,2.0,False,0,0,0,C,15,BREAD/BAKERY,2708,1,0,1,2013,5,12,12
10,103520,2013-03-22,,False,0,0,0,C,15,GROCERY I,1028,0,0,1,2013,5,12,12
10,1149579,2013-03-23,10.0,False,0,0,0,C,15,BREAD/BAKERY,2708,1,0,1,2013,6,12,12
10,103520,2013-03-23,1.0,False,0,0,0,C,15,GROCERY I,1028,0,0,1,2013,6,12,12
10,103520,2013-03-24,,False,0,0,0,C,15,GROCERY I,1028,0,0,1,2013,7,12,12
10,1149579,2013-03-24,4.0,False,0,0,0,C,15,BREAD/BAKERY,2708,1,0,1,2013,7,12,12
10,1149579,2013-03-25,14.0,False,0,0,0,C,15,BREAD/BAKERY,2708,1,0,1,2013,1,13,13
10,103520,2013-03-25,,False,0,0,0,C,15,GROCERY I,1028,0,0,1,2013,1,13,13
10,103520,2013-03-26,1.0,False,0,0,0,C,15,GROCERY I,1028,0,0,1,2013,2,13,13
10,1149579,2013-03-26,3.0,False,0,0,0,C,15,BREAD/BAKERY,2708,1,0,1,2013,2,13,13
10,103520,2013-03-27,,False,0,0,0,C,15,GROCERY I,1028,0,0,1,2013,3,13,13
10,1149579,2013-03-27,1.0,False,0,0,0,C,15,BREAD/BAKERY,2708,1,0,1,2013,3,13,13
10,1149579,2013-03-28,9.0,False,0,0,0,C,15,BREAD/BAKERY,2708,1,0,1,2013,4,13,13
10,103520,2013-03-28,2.0,False,0,0,0,C,15,GROCERY I,1028,0,0,1,2013,4,13,13
10,1149579,2013-03-29,4.0,False,0,0,0,C,15,BREAD/BAKERY,2708,1,0,1,2013,5,13,13
10,103520,2013-03-29,,False,0,0,0,C,15,GROCERY I,1028,0,0,1,2013,5,13,13
10,103520,2013-03-30,3.0,False,0,0,0,C,15,GROCERY I,1028,0,0,1,2013,6,13,13
10,1149579,2013-03-30,7.0,False,0,0,0,C,15,BREAD/BAKERY,2708,1,0,1,2013,6,13,13
10,1149579,2013-03-31,14.0,False,0,0,0,C,15,BREAD/BAKERY,2708,1,0,1,2013,7,13,13
10,103520,2013-03-31,1.0,False,0,0,0,C,15,GROCERY I,1028,0,0,1,2013,7,13,13
10,103520,2013-04-01,1.0,False,0,0,0,C,15,GROCERY I,1028,0,0,1,2013,1,14,14
10,1149579,2013-04-01,4.0,False,0,0,0,C,15,BREAD/BAKERY,2708,1,0,1,2013,1,14,14
10,1149579,2013-04-02,8.0,False,0,0,0,C,15,BREAD/BAKERY,2708,1,0,1,2013,2,14,14
10,103520,2013-04-02,1.0,False,0,0,0,C,15,GROCERY I,1028,0,0,1,2013,2,14,14
10,103520,2013-04-03,,False,0,0,0,C,15,GROCERY I,1028,0,0,1,2013,3,14,14
10,1149579,2013-04-03,10.0,False,0,0,0,C,15,BREAD/BAKERY,2708,1,0,1,2013,3,14,14
10,103520,2013-04-04,1.0,False,0,0,0,C,15,GROCERY I,1028,0,0,1,2013,4,14,14
10,1149579,2013-04-04,7.0,False,0,0,0,C,15,BREAD/BAKERY,2708,1,0,1,2013,4,14,14
10,1149579,2013-04-05,4.0,False,0,0,0,C,15,BREAD/BAKERY,2708,1,0,1,2013,5,14,14
10,103520,2013-04-05,,False,0,0,0,C,15,GROCERY I,1028,0,0,1,2013,5,14,14
10,103520,2013-04-06,,False,0,0,0,C,15,GROCERY I,1028,0,0,1,2013,6,14,14
10,1149579,2013-04-06,6.0,False,0,0,0,C,15,BREAD/BAKERY,2708,1,0,1,2013,6,14,14
10,103520,2013-04-07,,False,0,0,0,C,15,GROCERY I,1028,0,0,1,2013,7,14,14
10,1149579,2013-04-07,7.0,False,0,0,0,C,15,BREAD/BAKERY,2708,1,0,1,2013,7,14,14
10,103520,2013-04-08,,False,0,0,0,C,15,GROCERY I,1028,0,0,1,2013,1,15,15
10,1149579,2013-04-08,9.0,False,0,0,0,C,15,BREAD/BAKERY,2708,1,0,1,2013,1,15,15
10,1149579,2013-04-09,8.0,False,0,0,0,C,15,BREAD/BAKERY,2708,1,0,1,2013,2,15,15
10,103520,2013-04-09,,False,0,0,0,C,15,GROCERY I,1028,0,0,1,2013,2,15,15
10,1149579,2013-04-10,1.0,False,0,0,0,C,15,BREAD/BAKERY,2708,1,0,1,2013,3,15,15
10,103520,2013-04-10,,False,0,0,0,C,15,GROCERY I,1028,0,0,1,2013,3,15,15
10,103520,2013-04-11,1.0,False,0,0,0,C,15,GROCERY I,1028,0,0,1,2013,4,15,15
10,1149579,2013-04-11,11.0,False,0,0,0,C,15,BREAD/BAKERY,2708,1,0,1,2013,4,15,15
10,1149579,2013-04-12,2.0,False,0,0,0,C,15,BREAD/BAKERY,2708,1,0,1,2013,5,15,15
10,103520,2013-04-12,1.0,False,0,0,0,C,15,GROCERY I,1028,0,0,1,2013,5,15,15
10,1149579,2013-04-13,12.0,False,0,0,0,C,15,BREAD/BAKERY,2708,1,0,1,2013,6,15,15
10,103520,2013-04-13,,False,0,0,0,C,15,GROCERY I,1028,0,0,1,2013,6,15,15
10,103520,2013-04-14,1.0,False,0,0,0,C,15,GROCERY I,1028,0,0,1,2013,7,15,15
10,1149579,2013-04-14,1.0,False,0,0,0,C,15,BREAD/BAKERY,2708,1,0,1,2013,7,15,15
10,103520,2013-04-15,,False,0,0,0,C,15,GROCERY I,1028,0,0,1,2013,1,16,16
10,1149579,2013-04-15,,False,0,0,0,C,15,BREAD/BAKERY,2708,1,0,1,2013,1,16,16
10,1149579,2013-04-16,13.0,False,0,0,0,C,15,BREAD/BAKERY,2708,1,0,1,2013,2,16,16
10,103520,2013-04-16,,False,0,0,0,C,15,GROCERY I,1028,0,0,1,2013,2,16,16
10,1149579,2013-04-17,2.0,False,0,0,0,C,15,BREAD/BAKERY,2708,1,0,1,2013,3,16,16
10,103520,2013-04-17,,False,0,0,0,C,15,GROCERY I,1028,0,0,1,2013,3,16,16
10,103520,2013-04-18,,False,0,0,0,C,15,GROCERY I,1028,0,0,1,2013,4,16,16
10,1149579,2013-04-18,5.0,False,0,0,0,C,15,BREAD/BAKERY,2708,1,0,1,2013,4,16,16
10,1149579,2013-04-19,8.0,False,0,0,0,C,15,BREAD/BAKERY,2708,1,0,1,2013,5,16,16
10,103520,2013-04-19,1.0,False,0,0,0,C,15,GROCERY I,1028,0,0,1,2013,5,16,16
10,103520,2013-04-20,1.0,False,0,0,0,C,15,GROCERY I,1028,0,0,1,2013,6,16,16
10,1149579,2013-04-20,9.0,False,0,0,0,C,15,BREAD/BAKERY,2708,1,0,1,2013,6,16,16
10,1149579,2013-04-21,9.0,False,0,0,0,C,15,BREAD/BAKERY,2708,1,0,1,2013,7,16,16
10,103520,2013-04-21,2.0,False,0,0,0,C,15,GROCERY I,1028,0,0,1,2013,7,16,16
10,103520,2013-04-22,,False,0,0,0,C,15,GROCERY I,1028,0,0,1,2013,1,17,17
10,1149579,2013-04-22,5.0,False,0,0,0,C,15,BREAD/BAKERY,2708,1,0,1,2013,1,17,17
10,1149579,2013-04-23,5.0,False,0,0,0,C,15,BREAD/BAKERY,2708,1,0,1,2013,2,17,17
10,103520,2013-04-23,1.0,False,0,0,0,C,15,GROCERY I,1028,0,0,1,2013,2,17,17
10,103520,2013-04-24,2.0,False,0,0,0,C,15,GROCERY I,1028,0,0,1,2013,3,17,17
10,1149579,2013-04-24,4.0,False,0,0,0,C,15,BREAD/BAKERY,2708,1,0,1,2013,3,17,17
10,1149579,2013-04-25,11.0,False,0,0,0,C,15,BREAD/BAKERY,2708,1,0,1,2013,4,17,17
10,103520,2013-04-25,1.0,False,0,0,0,C,15,GROCERY I,1028,0,0,1,2013,4,17,17
10,103520,2013-04-26,,False,0,0,0,C,15,GROCERY I,1028,0,0,1,2013,5,17,17
10,1149579,2013-04-26,8.0,False,0,0,0,C,15,BREAD/BAKERY,2708,1,0,1,2013,5,17,17
10,1149579,2013-04-27,4.0,False,0,0,0,C,15,BREAD/BAKERY,2708,1,0,1,2013,6,17,17
10,103520,2013-04-27,6.0,False,0,0,0,C,15,GROCERY I,1028,0,0,1,2013,6,17,17
10,1149579,2013-04-28,1.0,False,0,0,0,C,15,BREAD/BAKERY,2708,1,0,1,2013,7,17,17
10,103520,2013-04-28,,False,0,0,0,C,15,GROCERY I,1028,0,0,1,2013,7,17,17
10,103520,2013-04-29,3.0,False,0,1,0,C,15,GROCERY I,1028,0,0,1,2013,1,18,18
10,1149579,2013-04-29,7.0,False,0,1,0,C,15,BREAD/BAKERY,2708,1,0,1,2013,1,18,18
10,1149579,2013-04-30,6.0,False,0,0,0,C,15,BREAD/BAKERY,2708,1,0,1,2013,2,18,18
10,103520,2013-04-30,1.0,False,0,0,0,C,15,GROCERY I,1028,0,0,1,2013,2,18,18
10,103520,2013-05-01,,False,0,1,0,C,15,GROCERY I,1028,0,0,1,2013,3,18,18
10,1149579,2013-05-01,8.0,False,0,1,0,C,15,BREAD/BAKERY,2708,1,0,1,2013,3,18,18
10,1149579,2013-05-02,2.0,False,0,0,0,C,15,BREAD/BAKERY,2708,1,0,1,2013,4,18,18
10,103520,2013-05-02,1.0,False,0,0,0,C,15,GROCERY I,1028,0,0,1,2013,4,18,18
10,103520,2013-05-03,2.0,False,0,0,0,C,15,GROCERY I,1028,0,0,1,2013,5,18,18
10,1149579,2013-05-03,4.0,False,0,0,0,C,15,BREAD/BAKERY,2708,1,0,1,2013,5,18,18
10,1149579,2013-05-04,11.0,False,0,0,0,C,15,BREAD/BAKERY,2708,1,0,1,2013,6,18,18
10,103520,2013-05-04,,False,0,0,0,C,15,GROCERY I,1028,0,0,1,2013,6,18,18
10,1149579,2013-05-05,7.0,False,0,0,0,C,15,BREAD/BAKERY,2708,1,0,1,2013,7,18,18
10,103520,2013-05-05,4.0,False,0,0,0,C,15,GROCERY I,1028,0,0,1,2013,7,18,18
10,103520,2013-05-06,,False,0,0,0,C,15,GROCERY I,1028,0,0,1,2013,1,19,19
10,1149579,2013-05-06,8.0,False,0,0,0,C,15,BREAD/BAKERY,2708,1,0,1,2013,1,19,19
10,1149579,2013-05-07,4.0,False,0,0,0,C,15,BREAD/BAKERY,2708,1,0,1,2013,2,19,19
10,103520,2013-05-07,,False,0,0,0,C,15,GROCERY I,1028,0,0,1,2013,2,19,19
10,1149579,2013-05-08,6.0,False,0,0,0,C,15,BREAD/BAKERY,2708,1,0,1,2013,3,19,19
10,103520,2013-05-08,3.0,False,0,0,0,C,15,GROCERY I,1028,0,0,1,2013,3,19,19
10,103520,2013-05-09,4.0,False,0,0,0,C,15,GROCERY I,1028,0,0,1,2013,4,19,19
10,1149579,2013-05-09,11.0,False,0,0,0,C,15,BREAD/BAKERY,2708,1,0,1,2013,4,19,19
10,103520,2013-05-10,1.0,False,0,0,0,C,15,GROCERY I,1028,0,0,1,2013,5,19,19
10,1149579,2013-05-10,2.0,False,0,0,0,C,15,BREAD/BAKERY,2708,1,0,1,2013,5,19,19
10,103520,2013-05-11,5.0,False,0,1,0,C,15,GROCERY I,1028,0,0,1,2013,6,19,19
10,1149579,2013-05-11,,False,0,1,0,C,15,BREAD/BAKERY,2708,1,0,1,2013,6,19,19
10,1149579,2013-05-12,4.0,False,0,1,0,C,15,BREAD/BAKERY,2708,1,0,1,2013,7,19,19
10,103520,2013-05-12,1.0,False,0,1,0,C,15,GROCERY I,1028,0,0,1,2013,7,19,19
10,103520,2013-05-13,,False,0,0,0,C,15,GROCERY I,1028,0,0,1,2013,1,20,20
10,1149579,2013-05-13,12.0,False,0,0,0,C,15,BREAD/BAKERY,2708,1,0,1,2013,1,20,20
10,1149579,2013-05-14,6.0,False,0,0,0,C,15,BREAD/BAKERY,2708,1,0,1,2013,2,20,20
10,103520,2013-05-14,,False,0,0,0,C,15,GROCERY I,1028,0,0,1,2013,2,20,20
10,1149579,2013-05-15,2.0,False,0,0,0,C,15,BREAD/BAKERY,2708,1,0,1,2013,3,20,20
10,103520,2013-05-15,1.0,False,0,0,0,C,15,GROCERY I,1028,0,0,1,2013,3,20,20
10,103520,2013-05-16,1.0,False,0,0,0,C,15,GROCERY I,1028,0,0,1,2013,4,20,20
10,1149579,2013-05-16,,False,0,0,0,C,15,BREAD/BAKERY,2708,1,0,1,2013,4,20,20
10,1149579,2013-05-17,5.0,False,0,0,0,C,15,BREAD/BAKERY,2708,1,0,1,2013,5,20,20
10,103520,2013-05-17,,False,0,0,0,C,15,GROCERY I,1028,0,0,1,2013,5,20,20
10,103520,2013-05-18,,False,0,0,0,C,15,GROCERY I,1028,0,0,1,2013,6,20,20
10,1149579,2013-05-18,3.0,False,0,0,0,C,15,BREAD/BAKERY,2708,1,0,1,2013,6,20,20
10,1149579,2013-05-19,3.0,False,0,0,0,C,15,BREAD/BAKERY,2708,1,0,1,2013,7,20,20
10,103520,2013-05-19,,False,0,0,0,C,15,GROCERY I,1028,0,0,1,2013,7,20,20
10,103520,2013-05-20,,False,0,0,0,C,15,GROCERY I,1028,0,0,1,2013,1,21,21
10,1149579,2013-05-20,9.0,False,0,0,0,C,15,BREAD/BAKERY,2708,1,0,1,2013,1,21,21
10,1149579,2013-05-21,2.0,False,0,0,0,C,15,BREAD/BAKERY,2708,1,0,1,2013,2,21,21
10,103520,2013-05-21,,False,0,0,0,C,15,GROCERY I,1028,0,0,1,2013,2,21,21
10,103520,2013-05-22,,False,0,0,0,C,15,GROCERY I,1028,0,0,1,2013,3,21,21
10,1149579,2013-05-22,3.0,False,0,0,0,C,15,BREAD/BAKERY,2708,1,0,1,2013,3,21,21
10,103520,2013-05-23,,False,0,0,0,C,15,GROCERY I,1028,0,0,1,2013,4,21,21
10,1149579,2013-05-23,14.0,False,0,0,0,C,15,BREAD/BAKERY,2708,1,0,1,2013,4,21,21
10,1149579,2013-05-24,2.0,False,0,1,0,C,15,BREAD/BAKERY,2708,1,0,1,2013,5,21,21
10,103520,2013-05-24,1.0,False,0,1,0,C,15,GROCERY I,1028,0,0,1,2013,5,21,21
10,103520,2013-05-25,,False,0,0,0,C,15,GROCERY I,1028,0,0,1,2013,6,21,21
10,1149579,2013-05-25,5.0,False,0,0,0,C,15,BREAD/BAKERY,2708,1,0,1,2013,6,21,21
10,1149579,2013-05-26,3.0,False,0,0,0,C,15,BREAD/BAKERY,2708,1,0,1,2013,7,21,21
10,103520,2013-05-26,,False,0,0,0,C,15,GROCERY I,1028,0,0,1,2013,7,21,21
10,1149579,2013-05-27,3.0,False,0,0,0,C,15,BREAD/BAKERY,2708,1,0,1,2013,1,22,22
10,103520,2013-05-27,,False,0,0,0,C,15,GROCERY I,1028,0,0,1,2013,1,22,22
10,1149579,2013-05-28,7.0,False,0,0,0,C,15,BREAD/BAKERY,2708,1,0,1,2013,2,22,22
10,103520,2013-05-28,,False,0,0,0,C,15,GROCERY I,1028,0,0,1,2013,2,22,22
10,103520,2013-05-29,3.0,False,0,0,0,C,15,GROCERY I,1028,0,0,1,2013,3,22,22
10,1149579,2013-05-29,9.0,False,0,0,0,C,15,BREAD/BAKERY,2708,1,0,1,2013,3,22,22
10,1149579,2013-05-30,2.0,False,0,0,0,C,15,BREAD/BAKERY,2708,1,0,1,2013,4,22,22
10,103520,2013-05-30,5.0,False,0,0,0,C,15,GROCERY I,1028,0,0,1,2013,4,22,22
10,103520,2013-05-31,5.0,False,0,0,0,C,15,GROCERY I,1028,0,0,1,2013,5,22,22
10,1149579,2013-05-31,3.0,False,0,0,0,C,15,BREAD/BAKERY,2708,1,0,1,2013,5,22,22
10,1149579,2013-06-01,8.0,False,0,0,0,C,15,BREAD/BAKERY,2708,1,0,1,2013,6,22,22
10,103520,2013-06-01,2.0,False,0,0,0,C,15,GROCERY I,1028,0,0,1,2013,6,22,22
10,103520,2013-06-02,,False,0,0,0,C,15,GROCERY I,1028,0,0,1,2013,7,22,22
10,1149579,2013-06-02,2.0,False,0,0,0,C,15,BREAD/BAKERY,2708,1,0,1,2013,7,22,22
10,1149579,2013-06-03,4.0,False,0,0,0,C,15,BREAD/BAKERY,2708,1,0,1,2013,1,23,23
10,103520,2013-06-03,1.0,False,0,0,0,C,15,GROCERY I,1028,0,0,1,2013,1,23,23
10,103520,2013-06-04,3.0,False,0,0,0,C,15,GROCERY I,1028,0,0,1,2013,2,23,23
10,1149579,2013-06-04,4.0,False,0,0,0,C,15,BREAD/BAKERY,2708,1,0,1,2013,2,23,23
10,1149579,2013-06-05,6.0,False,0,0,0,C,15,BREAD/BAKERY,2708,1,0,1,2013,3,23,23
10,103520,2013-06-05,1.0,False,0,0,0,C,15,GROCERY I,1028,0,0,1,2013,3,23,23
10,103520,2013-06-06,2.0,False,0,0,0,C,15,GROCERY I,1028,0,0,1,2013,4,23,23
10,1149579,2013-06-06,12.0,False,0,0,0,C,15,BREAD/BAKERY,2708,1,0,1,2013,4,23,23
10,1149579,2013-06-07,5.0,False,0,0,0,C,15,BREAD/BAKERY,2708,1,0,1,2013,5,23,23
10,103520,2013-06-07,,False,0,0,0,C,15,GROCERY I,1028,0,0,1,2013,5,23,23
10,1149579,2013-06-08,3.0,False,0,0,0,C,15,BREAD/BAKERY,2708,1,0,1,2013,6,23,23
10,103520,2013-06-08,,False,0,0,0,C,15,GROCERY I,1028,0,0,1,2013,6,23,23
10,103520,2013-06-09,,False,0,0,0,C,15,GROCERY I,1028,0,0,1,2013,7,23,23
10,1149579,2013-06-09,5.0,False,0,0,0,C,15,BREAD/BAKERY,2708,1,0,1,2013,7,23,23
10,1149579,2013-06-10,5.0,False,0,0,0,C,15,BREAD/BAKERY,2708,1,0,1,2013,1,24,24
10,103520,2013-06-10,,False,0,0,0,C,15,GROCERY I,1028,0,0,1,2013,1,24,24
10,103520,2013-06-11,1.0,False,0,0,0,C,15,GROCERY I,1028,0,0,1,2013,2,24,24
10,1149579,2013-06-11,4.0,False,0,0,0,C,15,BREAD/BAKERY,2708,1,0,1,2013,2,24,24
10,1149579,2013-06-12,3.0,False,0,0,0,C,15,BREAD/BAKERY,2708,1,0,1,2013,3,24,24
10,103520,2013-06-12,1.0,False,0,0,0,C,15,GROCERY I,1028,0,0,1,2013,3,24,24
10,1149579,2013-06-13,10.0,False,0,0,0,C,15,BREAD/BAKERY,2708,1,0,1,2013,4,24,24
10,103520,2013-06-13,2.0,False,0,0,0,C,15,GROCERY I,1028,0,0,1,2013,4,24,24
10,1149579,2013-06-14,2.0,False,0,0,0,C,15,BREAD/BAKERY,2708,1,0,1,2013,5,24,24
10,103520,2013-06-14,1.0,False,0,0,0,C,15,GROCERY I,1028,0,0,1,2013,5,24,24
10,103520,2013-06-15,,False,0,0,0,C,15,GROCERY I,1028,0,0,1,2013,6,24,24
10,1149579,2013-06-15,,False,0,0,0,C,15,BREAD/BAKERY,2708,1,0,1,2013,6,24,24
10,1149579,2013-06-16,2.0,False,0,0,0,C,15,BREAD/BAKERY,2708,1,0,1,2013,7,24,24
10,103520,2013-06-16,,False,0,0,0,C,15,GROCERY I,1028,0,0,1,2013,7,24,24
10,1149579,2013-06-17,7.0,False,0,0,0,C,15,BREAD/BAKERY,2708,1,0,1,2013,1,25,25
10,103520,2013-06-17,2.0,False,0,0,0,C,15,GROCERY I,1028,0,0,1,2013,1,25,25
10,103520,2013-06-18,,False,0,0,0,C,15,GROCERY I,1028,0,0,1,2013,2,25,25
10,1149579,2013-06-18,5.0,False,0,0,0,C,15,BREAD/BAKERY,2708,1,0,1,2013,2,25,25
10,103520,2013-06-19,,False,0,0,0,C,15,GROCERY I,1028,0,0,1,2013,3,25,25
10,1149579,2013-06-19,3.0,False,0,0,0,C,15,BREAD/BAKERY,2708,1,0,1,2013,3,25,25
10,103520,2013-06-20,,False,0,0,0,C,15,GROCERY I,1028,0,0,1,2013,4,25,25
10,1149579,2013-06-20,7.0,False,0,0,0,C,15,BREAD/BAKERY,2708,1,0,1,2013,4,25,25
10,1149579,2013-06-21,,False,0,0,0,C,15,BREAD/BAKERY,2708,1,0,1,2013,5,25,25
10,103520,2013-06-21,5.0,False,0,0,0,C,15,GROCERY I,1028,0,0,1,2013,5,25,25
10,103520,2013-06-22,,False,0,0,0,C,15,GROCERY I,1028,0,0,1,2013,6,25,25
10,1149579,2013-06-22,,False,0,0,0,C,15,BREAD/BAKERY,2708,1,0,1,2013,6,25,25
10,103520,2013-06-23,,False,0,0,0,C,15,GROCERY I,1028,0,0,1,2013,7,25,25
10,1149579,2013-06-23,,False,0,0,0,C,15,BREAD/BAKERY,2708,1,0,1,2013,7,25,25
10,1149579,2013-06-24,10.0,False,0,0,0,C,15,BREAD/BAKERY,2708,1,0,1,2013,1,26,26
10,103520,2013-06-24,1.0,False,0,0,0,C,15,GROCERY I,1028,0,0,1,2013,1,26,26
10,1149579,2013-06-25,10.0,False,0,0,0,C,15,BREAD/BAKERY,2708,1,0,1,2013,2,26,26
10,103520,2013-06-25,1.0,False,0,0,0,C,15,GROCERY I,1028,0,0,1,2013,2,26,26
10,1149579,2013-06-26,4.0,False,0,0,0,C,15,BREAD/BAKERY,2708,1,0,1,2013,3,26,26
10,103520,2013-06-26,2.0,False,0,0,0,C,15,GROCERY I,1028,0,0,1,2013,3,26,26
10,103520,2013-06-27,3.0,False,0,0,0,C,15,GROCERY I,1028,0,0,1,2013,4,26,26
10,1149579,2013-06-27,,False,0,0,0,C,15,BREAD/BAKERY,2708,1,0,1,2013,4,26,26
10,103520,2013-06-28,,False,0,0,0,C,15,GROCERY I,1028,0,0,1,2013,5,26,26
10,1149579,2013-06-28,7.0,False,0,0,0,C,15,BREAD/BAKERY,2708,1,0,1,2013,5,26,26
10,103520,2013-06-29,2.0,False,0,0,0,C,15,GROCERY I,1028,0,0,1,2013,6,26,26
10,1149579,2013-06-29,1.0,False,0,0,0,C,15,BREAD/BAKERY,2708,1,0,1,2013,6,26,26
10,1149579,2013-06-30,1.0,False,0,0,0,C,15,BREAD/BAKERY,2708,1,0,1,2013,7,26,26
10,103520,2013-06-30,1.0,False,0,0,0,C,15,GROCERY I,1028,0,0,1,2013,7,26,26
10,103520,2013-07-01,1.0,False,0,0,0,C,15,GROCERY I,1028,0,0,1,2013,1,27,27
10,1149579,2013-07-01,5.0,False,0,0,0,C,15,BREAD/BAKERY,2708,1,0,1,2013,1,27,27
10,1149579,2013-07-02,3.0,False,0,0,0,C,15,BREAD/BAKERY,2708,1,0,1,2013,2,27,27
10,103520,2013-07-02,,False,0,0,0,C,15,GROCERY I,1028,0,0,1,2013,2,27,27
10,1149579,2013-07-03,5.0,False,0,0,0,C,15,BREAD/BAKERY,2708,1,0,1,2013,3,27,27
10,103520,2013-07-03,,False,0,0,0,C,15,GROCERY I,1028,0,0,1,2013,3,27,27
10,103520,2013-07-04,1.0,False,0,0,0,C,15,GROCERY I,1028,0,0,1,2013,4,27,27
10,1149579,2013-07-04,8.0,False,0,0,0,C,15,BREAD/BAKERY,2708,1,0,1,2013,4,27,27
10,1149579,2013-07-05,,False,0,0,0,C,15,BREAD/BAKERY,2708,1,0,1,2013,5,27,27
10,103520,2013-07-05,1.0,False,0,0,0,C,15,GROCERY I,1028,0,0,1,2013,5,27,27
10,1149579,2013-07-06,,False,0,0,0,C,15,BREAD/BAKERY,2708,1,0,1,2013,6,27,27
10,103520,2013-07-06,2.0,False,0,0,0,C,15,GROCERY I,1028,0,0,1,2013,6,27,27
10,103520,2013-07-07,1.0,False,0,0,0,C,15,GROCERY I,1028,0,0,1,2013,7,27,27
10,1149579,2013-07-07,5.0,False,0,0,0,C,15,BREAD/BAKERY,2708,1,0,1,2013,7,27,27
10,103520,2013-07-08,,False,0,0,0,C,15,GROCERY I,1028,0,0,1,2013,1,28,28
10,1149579,2013-07-08,1.0,False,0,0,0,C,15,BREAD/BAKERY,2708,1,0,1,2013,1,28,28
10,103520,2013-07-09,,False,0,0,0,C,15,GROCERY I,1028,0,0,1,2013,2,28,28
10,1149579,2013-07-09,10.0,False,0,0,0,C,15,BREAD/BAKERY,2708,1,0,1,2013,2,28,28
10,103520,2013-07-10,,False,0,0,0,C,15,GROCERY I,1028,0,0,1,2013,3,28,28
10,1149579,2013-07-10,7.0,False,0,0,0,C,15,BREAD/BAKERY,2708,1,0,1,2013,3,28,28
10,103520,2013-07-11,3.0,False,0,0,0,C,15,GROCERY I,1028,0,0,1,2013,4,28,28
10,1149579,2013-07-11,8.0,False,0,0,0,C,15,BREAD/BAKERY,2708,1,0,1,2013,4,28,28
10,1149579,2013-07-12,1.0,False,0,0,0,C,15,BREAD/BAKERY,2708,1,0,1,2013,5,28,28
10,103520,2013-07-12,,False,0,0,0,C,15,GROCERY I,1028,0,0,1,2013,5,28,28
10,1149579,2013-07-13,2.0,False,0,0,0,C,15,BREAD/BAKERY,2708,1,0,1,2013,6,28,28
10,103520,2013-07-13,,False,0,0,0,C,15,GROCERY I,1028,0,0,1,2013,6,28,28
10,1149579,2013-07-14,3.0,False,0,0,0,C,15,BREAD/BAKERY,2708,1,0,1,2013,7,28,28
10,103520,2013-07-14,,False,0,0,0,C,15,GROCERY I,1028,0,0,1,2013,7,28,28
10,1149579,2013-07-15,2.0,False,0,0,0,C,15,BREAD/BAKERY,2708,1,0,1,2013,1,29,29
10,103520,2013-07-15,,False,0,0,0,C,15,GROCERY I,1028,0,0,1,2013,1,29,29
10,103520,2013-07-16,,False,0,0,0,C,15,GROCERY I,1028,0,0,1,2013,2,29,29
10,1149579,2013-07-16,8.0,False,0,0,0,C,15,BREAD/BAKERY,2708,1,0,1,2013,2,29,29
10,1149579,2013-07-17,8.0,False,0,0,0,C,15,BREAD/BAKERY,2708,1,0,1,2013,3,29,29
10,103520,2013-07-17,1.0,False,0,0,0,C,15,GROCERY I,1028,0,0,1,2013,3,29,29
10,1149579,2013-07-18,5.0,False,0,0,0,C,15,BREAD/BAKERY,2708,1,0,1,2013,4,29,29
10,103520,2013-07-18,1.0,False,0,0,0,C,15,GROCERY I,1028,0,0,1,2013,4,29,29
10,103520,2013-07-19,1.0,False,0,0,0,C,15,GROCERY I,1028,0,0,1,2013,5,29,29
10,1149579,2013-07-19,1.0,False,0,0,0,C,15,BREAD/BAKERY,2708,1,0,1,2013,5,29,29
10,1149579,2013-07-20,3.0,False,0,0,0,C,15,BREAD/BAKERY,2708,1,0,1,2013,6,29,29
10,103520,2013-07-20,2.0,False,0,0,0,C,15,GROCERY I,1028,0,0,1,2013,6,29,29
10,103520,2013-07-21,1.0,False,0,0,0,C,15,GROCERY I,1028,0,0,1,2013,7,29,29
10,1149579,2013-07-21,4.0,False,0,0,0,C,15,BREAD/BAKERY,2708,1,0,1,2013,7,29,29
10,103520,2013-07-22,2.0,False,0,0,0,C,15,GROCERY I,1028,0,0,1,2013,1,30,30
10,1149579,2013-07-22,11.0,False,0,0,0,C,15,BREAD/BAKERY,2708,1,0,1,2013,1,30,30
10,103520,2013-07-23,1.0,False,0,0,0,C,15,GROCERY I,1028,0,0,1,2013,2,30,30
10,1149579,2013-07-23,3.0,False,0,0,0,C,15,BREAD/BAKERY,2708,1,0,1,2013,2,30,30
10,1149579,2013-07-24,6.0,False,0,0,0,C,15,BREAD/BAKERY,2708,1,0,1,2013,3,30,30
10,103520,2013-07-24,2.0,False,0,0,0,C,15,GROCERY I,1028,0,0,1,2013,3,30,30
10,1149579,2013-07-25,,False,0,0,0,C,15,BREAD/BAKERY,2708,1,0,1,2013,4,30,30
10,103520,2013-07-25,1.0,False,0,0,0,C,15,GROCERY I,1028,0,0,1,2013,4,30,30
10,1149579,2013-07-26,6.0,False,0,0,0,C,15,BREAD/BAKERY,2708,1,0,1,2013,5,30,30
10,103520,2013-07-26,3.0,False,0,0,0,C,15,GROCERY I,1028,0,0,1,2013,5,30,30
10,1149579,2013-07-27,9.0,False,0,0,0,C,15,BREAD/BAKERY,2708,1,0,1,2013,6,30,30
10,103520,2013-07-27,2.0,False,0,0,0,C,15,GROCERY I,1028,0,0,1,2013,6,30,30
10,1149579,2013-07-28,,False,0,0,0,C,15,BREAD/BAKERY,2708,1,0,1,2013,7,30,30
10,103520,2013-07-28,3.0,False,0,0,0,C,15,GROCERY I,1028,0,0,1,2013,7,30,30
10,103520,2013-07-29,,False,0,0,0,C,15,GROCERY I,1028,0,0,1,2013,1,31,31
10,1149579,2013-07-29,8.0,False,0,0,0,C,15,BREAD/BAKERY,2708,1,0,1,2013,1,31,31
10,103520,2013-07-30,1.0,False,0,0,0,C,15,GROCERY I,1028,0,0,1,2013,2,31,31
10,1149579,2013-07-30,1.0,False,0,0,0,C,15,BREAD/BAKERY,2708,1,0,1,2013,2,31,31
10,103520,2013-07-31,,False,0,0,0,C,15,GROCERY I,1028,0,0,1,2013,3,31,31
10,1149579,2013-07-31,8.0,False,0,0,0,C,15,BREAD/BAKERY,2708,1,0,1,2013,3,31,31
10,1149579,2013-08-01,,False,0,0,0,C,15,BREAD/BAKERY,2708,1,0,1,2013,4,31,31
10,103520,2013-08-01,4.0,False,0,0,0,C,15,GROCERY I,1028,0,0,1,2013,4,31,31
10,1149579,2013-08-02,8.0,False,0,0,0,C,15,BREAD/BAKERY,2708,1,0,1,2013,5,31,31
10,103520,2013-08-02,1.0,False,0,0,0,C,15,GROCERY I,1028,0,0,1,2013,5,31,31
10,1149579,2013-08-03,6.0,False,0,0,0,C,15,BREAD/BAKERY,2708,1,0,1,2013,6,31,31
10,103520,2013-08-03,1.0,False,0,0,0,C,15,GROCERY I,1028,0,0,1,2013,6,31,31
10,103520,2013-08-04,,False,0,0,0,C,15,GROCERY I,1028,0,0,1,2013,7,31,31
10,1149579,2013-08-04,2.0,False,0,0,0,C,15,BREAD/BAKERY,2708,1,0,1,2013,7,31,31
10,103520,2013-08-05,,False,0,0,0,C,15,GROCERY I,1028,0,0,1,2013,1,32,32
10,1149579,2013-08-05,,False,0,0,0,C,15,BREAD/BAKERY,2708,1,0,1,2013,1,32,32
10,1149579,2013-08-06,8.0,False,0,0,0,C,15,BREAD/BAKERY,2708,1,0,1,2013,2,32,32
10,103520,2013-08-06,1.0,False,0,0,0,C,15,GROCERY I,1028,0,0,1,2013,2,32,32
10,103520,2013-08-07,,False,0,0,0,C,15,GROCERY I,1028,0,0,1,2013,3,32,32
10,1149579,2013-08-07,7.0,False,0,0,0,C,15,BREAD/BAKERY,2708,1,0,1,2013,3,32,32
10,1149579,2013-08-08,1.0,False,0,0,0,C,15,BREAD/BAKERY,2708,1,0,1,2013,4,32,32
10,103520,2013-08-08,1.0,False,0,0,0,C,15,GROCERY I,1028,0,0,1,2013,4,32,32
10,1149579,2013-08-09,6.0,False,0,0,0,C,15,BREAD/BAKERY,2708,1,0,1,2013,5,32,32
10,103520,2013-08-09,,False,0,0,0,C,15,GROCERY I,1028,0,0,1,2013,5,32,32
10,103520,2013-08-10,3.0,False,0,1,0,C,15,GROCERY I,1028,0,0,1,2013,6,32,32
10,1149579,2013-08-10,4.0,False,0,1,0,C,15,BREAD/BAKERY,2708,1,0,1,2013,6,32,32
10,103520,2013-08-11,2.0,False,0,0,0,C,15,GROCERY I,1028,0,0,1,2013,7,32,32
10,1149579,2013-08-11,7.0,False,0,0,0,C,15,BREAD/BAKERY,2708,1,0,1,2013,7,32,32
10,103520,2013-08-12,,False,0,0,0,C,15,GROCERY I,1028,0,0,1,2013,1,33,33
10,1149579,2013-08-12,7.0,False,0,0,0,C,15,BREAD/BAKERY,2708,1,0,1,2013,1,33,33
10,1149579,2013-08-13,,False,0,0,0,C,15,BREAD/BAKERY,2708,1,0,1,2013,2,33,33
10,103520,2013-08-13,3.0,False,0,0,0,C,15,GROCERY I,1028,0,0,1,2013,2,33,33
10,1149579,2013-08-14,4.0,False,0,0,0,C,15,BREAD/BAKERY,2708,1,0,1,2013,3,33,33
10,103520,2013-08-14,1.0,False,0,0,0,C,15,GROCERY I,1028,0,0,1,2013,3,33,33
10,103520,2013-08-15,,False,0,0,0,C,15,GROCERY I,1028,0,0,1,2013,4,33,33
10,1149579,2013-08-15,4.0,False,0,0,0,C,15,BREAD/BAKERY,2708,1,0,1,2013,4,33,33
10,103520,2013-08-16,,False,0,0,0,C,15,GROCERY I,1028,0,0,1,2013,5,33,33
10,1149579,2013-08-16,1.0,False,0,0,0,C,15,BREAD/BAKERY,2708,1,0,1,2013,5,33,33
10,103520,2013-08-17,,False,0,0,0,C,15,GROCERY I,1028,0,0,1,2013,6,33,33
10,1149579,2013-08-17,7.0,False,0,0,0,C,15,BREAD/BAKERY,2708,1,0,1,2013,6,33,33
10,1149579,2013-08-18,3.0,False,0,0,0,C,15,BREAD/BAKERY,2708,1,0,1,2013,7,33,33
10,103520,2013-08-18,1.0,False,0,0,0,C,15,GROCERY I,1028,0,0,1,2013,7,33,33
10,103520,2013-08-19,2.0,False,0,0,0,C,15,GROCERY I,1028,0,0,1,2013,1,34,34
10,1149579,2013-08-19,5.0,False,0,0,0,C,15,BREAD/BAKERY,2708,1,0,1,2013,1,34,34
10,1149579,2013-08-20,7.0,False,0,0,0,C,15,BREAD/BAKERY,2708,1,0,1,2013,2,34,34
10,103520,2013-08-20,2.0,False,0,0,0,C,15,GROCERY I,1028,0,0,1,2013,2,34,34
10,1149579,2013-08-21,,False,0,0,0,C,15,BREAD/BAKERY,2708,1,0,1,2013,3,34,34
10,103520,2013-08-21,1.0,False,0,0,0,C,15,GROCERY I,1028,0,0,1,2013,3,34,34
10,1149579,2013-08-22,,False,0,0,0,C,15,BREAD/BAKERY,2708,1,0,1,2013,4,34,34
10,103520,2013-08-22,1.0,False,0,0,0,C,15,GROCERY I,1028,0,0,1,2013,4,34,34
10,103520,2013-08-23,,False,0,0,0,C,15,GROCERY I,1028,0,0,1,2013,5,34,34
10,1149579,2013-08-23,2.0,False,0,0,0,C,15,BREAD/BAKERY,2708,1,0,1,2013,5,34,34
10,1149579,2013-08-24,4.0,False,0,0,0,C,15,BREAD/BAKERY,2708,1,0,1,2013,6,34,34
10,103520,2013-08-24,3.0,False,0,0,0,C,15,GROCERY I,1028,0,0,1,2013,6,34,34
10,103520,2013-08-25,1.0,False,0,0,0,C,15,GROCERY I,1028,0,0,1,2013,7,34,34
10,1149579,2013-08-25,4.0,False,0,0,0,C,15,BREAD/BAKERY,2708,1,0,1,2013,7,34,34
10,1149579,2013-08-26,1.0,False,0,0,0,C,15,BREAD/BAKERY,2708,1,0,1,2013,1,35,35
10,103520,2013-08-26,1.0,False,0,0,0,C,15,GROCERY I,1028,0,0,1,2013,1,35,35
10,1149579,2013-08-27,11.0,False,0,0,0,C,15,BREAD/BAKERY,2708,1,0,1,2013,2,35,35
10,103520,2013-08-27,,False,0,0,0,C,15,GROCERY I,1028,0,0,1,2013,2,35,35
10,103520,2013-08-28,,False,0,0,0,C,15,GROCERY I,1028,0,0,1,2013,3,35,35
10,1149579,2013-08-28,4.0,False,0,0,0,C,15,BREAD/BAKERY,2708,1,0,1,2013,3,35,35
10,103520,2013-08-29,1.0,False,0,0,0,C,15,GROCERY I,1028,0,0,1,2013,4,35,35
10,1149579,2013-08-29,4.0,False,0,0,0,C,15,BREAD/BAKERY,2708,1,0,1,2013,4,35,35
10,1149579,2013-08-30,5.0,False,0,0,0,C,15,BREAD/BAKERY,2708,1,0,1,2013,5,35,35
10,103520,2013-08-30,2.0,False,0,0,0,C,15,GROCERY I,1028,0,0,1,2013,5,35,35
10,103520,2013-08-31,1.0,False,0,0,0,C,15,GROCERY I,1028,0,0,1,2013,6,35,35
10,1149579,2013-08-31,9.0,False,0,0,0,C,15,BREAD/BAKERY,2708,1,0,1,2013,6,35,35
10,1149579,2013-09-01,6.0,False,0,0,0,C,15,BREAD/BAKERY,2708,1,0,1,2013,7,35,35
10,103520,2013-09-01,1.0,False,0,0,0,C,15,GROCERY I,1028,0,0,1,2013,7,35,35
10,103520,2013-09-02,,False,0,0,0,C,15,GROCERY I,1028,0,0,1,2013,1,36,36
10,1149579,2013-09-02,4.0,False,0,0,0,C,15,BREAD/BAKERY,2708,1,0,1,2013,1,36,36
10,1149579,2013-09-03,7.0,False,0,0,0,C,15,BREAD/BAKERY,2708,1,0,1,2013,2,36,36
10,103520,2013-09-03,3.0,False,0,0,0,C,15,GROCERY I,1028,0,0,1,2013,2,36,36
10,103520,2013-09-04,2.0,False,0,0,0,C,15,GROCERY I,1028,0,0,1,2013,3,36,36
10,1149579,2013-09-04,14.0,False,0,0,0,C,15,BREAD/BAKERY,2708,1,0,1,2013,3,36,36
10,1149579,2013-09-05,3.0,False,0,0,0,C,15,BREAD/BAKERY,2708,1,0,1,2013,4,36,36
10,103520,2013-09-05,,False,0,0,0,C,15,GROCERY I,1028,0,0,1,2013,4,36,36
10,103520,2013-09-06,3.0,False,0,0,0,C,15,GROCERY I,1028,0,0,1,2013,5,36,36
10,1149579,2013-09-06,,False,0,0,0,C,15,BREAD/BAKERY,2708,1,0,1,2013,5,36,36
10,103520,2013-09-07,1.0,False,0,0,0,C,15,GROCERY I,1028,0,0,1,2013,6,36,36
10,1149579,2013-09-07,8.0,False,0,0,0,C,15,BREAD/BAKERY,2708,1,0,1,2013,6,36,36
10,1149579,2013-09-08,9.0,False,0,0,0,C,15,BREAD/BAKERY,2708,1,0,1,2013,7,36,36
10,103520,2013-09-08,4.0,False,0,0,0,C,15,GROCERY I,1028,0,0,1,2013,7,36,36
10,103520,2013-09-09,,False,0,0,0,C,15,GROCERY I,1028,0,0,1,2013,1,37,37
10,1149579,2013-09-09,5.0,False,0,0,0,C,15,BREAD/BAKERY,2708,1,0,1,2013,1,37,37
10,1149579,2013-09-10,2.0,False,0,0,0,C,15,BREAD/BAKERY,2708,1,0,1,2013,2,37,37
10,103520,2013-09-10,2.0,False,0,0,0,C,15,GROCERY I,1028,0,0,1,2013,2,37,37
10,103520,2013-09-11,1.0,False,0,0,0,C,15,GROCERY I,1028,0,0,1,2013,3,37,37
10,1149579,2013-09-11,15.0,False,0,0,0,C,15,BREAD/BAKERY,2708,1,0,1,2013,3,37,37
10,103520,2013-09-12,,False,0,0,0,C,15,GROCERY I,1028,0,0,1,2013,4,37,37
10,1149579,2013-09-12,2.0,False,0,0,0,C,15,BREAD/BAKERY,2708,1,0,1,2013,4,37,37
10,1149579,2013-09-13,,False,0,0,0,C,15,BREAD/BAKERY,2708,1,0,1,2013,5,37,37
10,103520,2013-09-13,1.0,False,0,0,0,C,15,GROCERY I,1028,0,0,1,2013,5,37,37
10,103520,2013-09-14,3.0,False,0,0,0,C,15,GROCERY I,1028,0,0,1,2013,6,37,37
10,1149579,2013-09-14,7.0,False,0,0,0,C,15,BREAD/BAKERY,2708,1,0,1,2013,6,37,37
10,103520,2013-09-15,4.0,False,0,0,0,C,15,GROCERY I,1028,0,0,1,2013,7,37,37
10,1149579,2013-09-15,14.0,False,0,0,0,C,15,BREAD/BAKERY,2708,1,0,1,2013,7,37,37
10,103520,2013-09-16,2.0,False,0,0,0,C,15,GROCERY I,1028,0,0,1,2013,1,38,38
10,1149579,2013-09-16,3.0,False,0,0,0,C,15,BREAD/BAKERY,2708,1,0,1,2013,1,38,38
10,1149579,2013-09-17,8.0,False,0,0,0,C,15,BREAD/BAKERY,2708,1,0,1,2013,2,38,38
10,103520,2013-09-17,,False,0,0,0,C,15,GROCERY I,1028,0,0,1,2013,2,38,38
10,1149579,2013-09-18,4.0,False,0,0,0,C,15,BREAD/BAKERY,2708,1,0,1,2013,3,38,38
10,103520,2013-09-18,,False,0,0,0,C,15,GROCERY I,1028,0,0,1,2013,3,38,38
10,1149579,2013-09-19,4.0,False,0,0,0,C,15,BREAD/BAKERY,2708,1,0,1,2013,4,38,38
10,103520,2013-09-19,3.0,False,0,0,0,C,15,GROCERY I,1028,0,0,1,2013,4,38,38
10,1149579,2013-09-20,8.0,False,0,0,0,C,15,BREAD/BAKERY,2708,1,0,1,2013,5,38,38
10,103520,2013-09-20,,False,0,0,0,C,15,GROCERY I,1028,0,0,1,2013,5,38,38
10,1149579,2013-09-21,8.0,False,0,0,0,C,15,BREAD/BAKERY,2708,1,0,1,2013,6,38,38
10,103520,2013-09-21,,False,0,0,0,C,15,GROCERY I,1028,0,0,1,2013,6,38,38
10,103520,2013-09-22,,False,0,0,0,C,15,GROCERY I,1028,0,0,1,2013,7,38,38
10,1149579,2013-09-22,11.0,False,0,0,0,C,15,BREAD/BAKERY,2708,1,0,1,2013,7,38,38
10,103520,2013-09-23,1.0,False,0,0,0,C,15,GROCERY I,1028,0,0,1,2013,1,39,39
10,1149579,2013-09-23,5.0,False,0,0,0,C,15,BREAD/BAKERY,2708,1,0,1,2013,1,39,39
10,103520,2013-09-24,,False,0,0,0,C,15,GROCERY I,1028,0,0,1,2013,2,39,39
10,1149579,2013-09-24,5.0,False,0,0,0,C,15,BREAD/BAKERY,2708,1,0,1,2013,2,39,39
10,1149579,2013-09-25,1.0,False,0,0,0,C,15,BREAD/BAKERY,2708,1,0,1,2013,3,39,39
10,103520,2013-09-25,1.0,False,0,0,0,C,15,GROCERY I,1028,0,0,1,2013,3,39,39
10,103520,2013-09-26,1.0,False,0,0,0,C,15,GROCERY I,1028,0,0,1,2013,4,39,39
10,1149579,2013-09-26,4.0,False,0,0,0,C,15,BREAD/BAKERY,2708,1,0,1,2013,4,39,39
10,103520,2013-09-27,1.0,False,0,0,0,C,15,GROCERY I,1028,0,0,1,2013,5,39,39
10,1149579,2013-09-27,10.0,False,0,0,0,C,15,BREAD/BAKERY,2708,1,0,1,2013,5,39,39
10,103520,2013-09-28,1.0,False,0,0,0,C,15,GROCERY I,1028,0,0,1,2013,6,39,39
10,1149579,2013-09-28,6.0,False,0,0,0,C,15,BREAD/BAKERY,2708,1,0,1,2013,6,39,39
10,103520,2013-09-29,,False,0,0,0,C,15,GROCERY I,1028,0,0,1,2013,7,39,39
10,1149579,2013-09-29,5.0,False,0,0,0,C,15,BREAD/BAKERY,2708,1,0,1,2013,7,39,39
10,103520,2013-09-30,,False,0,0,0,C,15,GROCERY I,1028,0,0,1,2013,1,40,40
10,1149579,2013-09-30,5.0,False,0,0,0,C,15,BREAD/BAKERY,2708,1,0,1,2013,1,40,40
10,1149579,2013-10-01,,False,0,0,0,C,15,BREAD/BAKERY,2708,1,0,1,2013,2,40,40
10,103520,2013-10-01,3.0,False,0,0,0,C,15,GROCERY I,1028,0,0,1,2013,2,40,40
10,103520,2013-10-02,2.0,False,0,0,0,C,15,GROCERY I,1028,0,0,1,2013,3,40,40
10,1149579,2013-10-02,,False,0,0,0,C,15,BREAD/BAKERY,2708,1,0,1,2013,3,40,40
10,103520,2013-10-03,1.0,False,0,0,0,C,15,GROCERY I,1028,0,0,1,2013,4,40,40
10,1149579,2013-10-03,8.0,False,0,0,0,C,15,BREAD/BAKERY,2708,1,0,1,2013,4,40,40
10,1149579,2013-10-04,10.0,False,0,0,0,C,15,BREAD/BAKERY,2708,1,0,1,2013,5,40,40
10,103520,2013-10-04,4.0,False,0,0,0,C,15,GROCERY I,1028,0,0,1,2013,5,40,40
10,103520,2013-10-05,2.0,False,0,0,0,C,15,GROCERY I,1028,0,0,1,2013,6,40,40
10,1149579,2013-10-05,6.0,False,0,0,0,C,15,BREAD/BAKERY,2708,1,0,1,2013,6,40,40
10,1149579,2013-10-06,,False,0,0,0,C,15,BREAD/BAKERY,2708,1,0,1,2013,7,40,40
10,103520,2013-10-06,,False,0,0,0,C,15,GROCERY I,1028,0,0,1,2013,7,40,40
10,103520,2013-10-07,,False,0,0,0,C,15,GROCERY I,1028,0,0,1,2013,1,41,41
10,1149579,2013-10-07,8.0,False,0,0,0,C,15,BREAD/BAKERY,2708,1,0,1,2013,1,41,41
10,103520,2013-10-08,,False,0,0,0,C,15,GROCERY I,1028,0,0,1,2013,2,41,41
10,1149579,2013-10-08,,False,0,0,0,C,15,BREAD/BAKERY,2708,1,0,1,2013,2,41,41
10,1149579,2013-10-09,,False,0,1,0,C,15,BREAD/BAKERY,2708,1,0,1,2013,3,41,41
10,103520,2013-10-09,3.0,False,0,1,0,C,15,GROCERY I,1028,0,0,1,2013,3,41,41
10,1149579,2013-10-10,6.0,False,0,0,0,C,15,BREAD/BAKERY,2708,1,0,1,2013,4,41,41
10,103520,2013-10-10,,False,0,0,0,C,15,GROCERY I,1028,0,0,1,2013,4,41,41
10,103520,2013-10-11,5.0,False,0,1,0,C,15,GROCERY I,1028,0,0,1,2013,5,41,41
10,1149579,2013-10-11,3.0,False,0,1,0,C,15,BREAD/BAKERY,2708,1,0,1,2013,5,41,41
10,103520,2013-10-12,,False,0,0,0,C,15,GROCERY I,1028,0,0,1,2013,6,41,41
10,1149579,2013-10-12,5.0,False,0,0,0,C,15,BREAD/BAKERY,2708,1,0,1,2013,6,41,41
10,1149579,2013-10-13,3.0,False,0,0,0,C,15,BREAD/BAKERY,2708,1,0,1,2013,7,41,41
10,103520,2013-10-13,2.0,False,0,0,0,C,15,GROCERY I,1028,0,0,1,2013,7,41,41
10,103520,2013-10-14,3.0,False,0,0,0,C,15,GROCERY I,1028,0,0,1,2013,1,42,42
10,1149579,2013-10-14,,False,0,0,0,C,15,BREAD/BAKERY,2708,1,0,1,2013,1,42,42
10,1149579,2013-10-15,,False,0,0,0,C,15,BREAD/BAKERY,2708,1,0,1,2013,2,42,42
10,103520,2013-10-15,2.0,False,0,0,0,C,15,GROCERY I,1028,0,0,1,2013,2,42,42
10,103520,2013-10-16,2.0,False,0,0,0,C,15,GROCERY I,1028,0,0,1,2013,3,42,42
10,1149579,2013-10-16,7.0,False,0,0,0,C,15,BREAD/BAKERY,2708,1,0,1,2013,3,42,42
10,1149579,2013-10-17,1.0,False,0,0,0,C,15,BREAD/BAKERY,2708,1,0,1,2013,4,42,42
10,103520,2013-10-17,1.0,False,0,0,0,C,15,GROCERY I,1028,0,0,1,2013,4,42,42
10,103520,2013-10-18,1.0,False,0,0,0,C,15,GROCERY I,1028,0,0,1,2013,5,42,42
10,1149579,2013-10-18,10.0,False,0,0,0,C,15,BREAD/BAKERY,2708,1,0,1,2013,5,42,42
10,103520,2013-10-19,2.0,False,0,0,0,C,15,GROCERY I,1028,0,0,1,2013,6,42,42
10,1149579,2013-10-19,4.0,False,0,0,0,C,15,BREAD/BAKERY,2708,1,0,1,2013,6,42,42
10,1149579,2013-10-20,7.0,False,0,0,0,C,15,BREAD/BAKERY,2708,1,0,1,2013,7,42,42
10,103520,2013-10-20,1.0,False,0,0,0,C,15,GROCERY I,1028,0,0,1,2013,7,42,42
10,103520,2013-10-21,,False,0,0,0,C,15,GROCERY I,1028,0,0,1,2013,1,43,43
10,1149579,2013-10-21,6.0,False,0,0,0,C,15,BREAD/BAKERY,2708,1,0,1,2013,1,43,43
10,1149579,2013-10-22,2.0,False,0,0,0,C,15,BREAD/BAKERY,2708,1,0,1,2013,2,43,43
10,103520,2013-10-22,,False,0,0,0,C,15,GROCERY I,1028,0,0,1,2013,2,43,43
10,1149579,2013-10-23,3.0,False,0,0,0,C,15,BREAD/BAKERY,2708,1,0,1,2013,3,43,43
10,103520,2013-10-23,3.0,False,0,0,0,C,15,GROCERY I,1028,0,0,1,2013,3,43,43
10,103520,2013-10-24,1.0,False,0,0,0,C,15,GROCERY I,1028,0,0,1,2013,4,43,43
10,1149579,2013-10-24,8.0,False,0,0,0,C,15,BREAD/BAKERY,2708,1,0,1,2013,4,43,43
10,1149579,2013-10-25,7.0,False,0,0,0,C,15,BREAD/BAKERY,2708,1,0,1,2013,5,43,43
10,103520,2013-10-25,2.0,False,0,0,0,C,15,GROCERY I,1028,0,0,1,2013,5,43,43
10,1149579,2013-10-26,1.0,False,0,0,0,C,15,BREAD/BAKERY,2708,1,0,1,2013,6,43,43
10,103520,2013-10-26,3.0,False,0,0,0,C,15,GROCERY I,1028,0,0,1,2013,6,43,43
10,1149579,2013-10-27,8.0,False,0,0,0,C,15,BREAD/BAKERY,2708,1,0,1,2013,7,43,43
10,103520,2013-10-27,3.0,False,0,0,0,C,15,GROCERY I,1028,0,0,1,2013,7,43,43
10,1149579,2013-10-28,,False,0,0,0,C,15,BREAD/BAKERY,2708,1,0,1,2013,1,44,44
10,103520,2013-10-28,4.0,False,0,0,0,C,15,GROCERY I,1028,0,0,1,2013,1,44,44
10,1149579,2013-10-29,7.0,False,0,0,0,C,15,BREAD/BAKERY,2708,1,0,1,2013,2,44,44
10,103520,2013-10-29,1.0,False,0,0,0,C,15,GROCERY I,1028,0,0,1,2013,2,44,44
10,103520,2013-10-30,3.0,False,0,0,0,C,15,GROCERY I,1028,0,0,1,2013,3,44,44
10,1149579,2013-10-30,9.0,False,0,0,0,C,15,BREAD/BAKERY,2708,1,0,1,2013,3,44,44
10,1149579,2013-10-31,,False,0,0,0,C,15,BREAD/BAKERY,2708,1,0,1,2013,4,44,44
10,103520,2013-10-31,2.0,False,0,0,0,C,15,GROCERY I,1028,0,0,1,2013,4,44,44
10,103520,2013-11-01,6.0,False,0,0,0,C,15,GROCERY I,1028,0,0,1,2013,5,44,44
10,1149579,2013-11-01,2.0,False,0,0,0,C,15,BREAD/BAKERY,2708,1,0,1,2013,5,44,44
10,103520,2013-11-02,3.0,False,0,1,0,C,15,GROCERY I,1028,0,0,1,2013,6,44,44
10,1149579,2013-11-02,9.0,False,0,1,0,C,15,BREAD/BAKERY,2708,1,0,1,2013,6,44,44
10,1149579,2013-11-03,5.0,False,0,1,0,C,15,BREAD/BAKERY,2708,1,0,1,2013,7,44,44
10,103520,2013-11-03,1.0,False,0,1,0,C,15,GROCERY I,1028,0,0,1,2013,7,44,44
10,103520,2013-11-04,1.0,False,0,0,0,C,15,GROCERY I,1028,0,0,1,2013,1,45,45
10,1149579,2013-11-04,11.0,False,0,0,0,C,15,BREAD/BAKERY,2708,1,0,1,2013,1,45,45
10,103520,2013-11-05,2.0,False,0,0,0,C,15,GROCERY I,1028,0,0,1,2013,2,45,45
10,1149579,2013-11-05,5.0,False,0,0,0,C,15,BREAD/BAKERY,2708,1,0,1,2013,2,45,45
10,1149579,2013-11-06,7.0,False,0,0,0,C,15,BREAD/BAKERY,2708,1,0,1,2013,3,45,45
10,103520,2013-11-06,1.0,False,0,0,0,C,15,GROCERY I,1028,0,0,1,2013,3,45,45
10,1149579,2013-11-07,1.0,False,0,0,0,C,15,BREAD/BAKERY,2708,1,0,1,2013,4,45,45
10,103520,2013-11-07,1.0,False,0,0,0,C,15,GROCERY I,1028,0,0,1,2013,4,45,45
10,103520,2013-11-08,1.0,False,0,0,0,C,15,GROCERY I,1028,0,0,1,2013,5,45,45
10,1149579,2013-11-08,4.0,False,0,0,0,C,15,BREAD/BAKERY,2708,1,0,1,2013,5,45,45
10,103520,2013-11-09,3.0,False,0,0,0,C,15,GROCERY I,1028,0,0,1,2013,6,45,45
10,1149579,2013-11-09,10.0,False,0,0,0,C,15,BREAD/BAKERY,2708,1,0,1,2013,6,45,45
10,1149579,2013-11-10,4.0,False,0,0,0,C,15,BREAD/BAKERY,2708,1,0,1,2013,7,45,45
10,103520,2013-11-10,2.0,False,0,0,0,C,15,GROCERY I,1028,0,0,1,2013,7,45,45
10,103520,2013-11-11,1.0,False,0,0,0,C,15,GROCERY I,1028,0,0,1,2013,1,46,46
10,1149579,2013-11-11,4.0,False,0,0,0,C,15,BREAD/BAKERY,2708,1,0,1,2013,1,46,46
10,1149579,2013-11-12,7.0,False,0,0,0,C,15,BREAD/BAKERY,2708,1,0,1,2013,2,46,46
10,103520,2013-11-12,,False,0,0,0,C,15,GROCERY I,1028,0,0,1,2013,2,46,46
10,1149579,2013-11-13,11.0,False,0,0,0,C,15,BREAD/BAKERY,2708,1,0,1,2013,3,46,46
10,103520,2013-11-13,,False,0,0,0,C,15,GROCERY I,1028,0,0,1,2013,3,46,46
10,103520,2013-11-14,,False,0,0,0,C,15,GROCERY I,1028,0,0,1,2013,4,46,46
10,1149579,2013-11-14,4.0,False,0,0,0,C,15,BREAD/BAKERY,2708,1,0,1,2013,4,46,46
10,1149579,2013-11-15,3.0,False,0,0,0,C,15,BREAD/BAKERY,2708,1,0,1,2013,5,46,46
10,103520,2013-11-15,1.0,False,0,0,0,C,15,GROCERY I,1028,0,0,1,2013,5,46,46
10,103520,2013-11-16,,False,0,0,0,C,15,GROCERY I,1028,0,0,1,2013,6,46,46
10,1149579,2013-11-16,4.0,False,0,0,0,C,15,BREAD/BAKERY,2708,1,0,1,2013,6,46,46
10,103520,2013-11-17,,False,0,0,0,C,15,GROCERY I,1028,0,0,1,2013,7,46,46
10,1149579,2013-11-17,6.0,False,0,0,0,C,15,BREAD/BAKERY,2708,1,0,1,2013,7,46,46
10,1149579,2013-11-18,5.0,False,0,0,0,C,15,BREAD/BAKERY,2708,1,0,1,2013,1,47,47
10,103520,2013-11-18,1.0,False,0,0,0,C,15,GROCERY I,1028,0,0,1,2013,1,47,47
10,1149579,2013-11-19,6.0,False,0,0,0,C,15,BREAD/BAKERY,2708,1,0,1,2013,2,47,47
10,103520,2013-11-19,,False,0,0,0,C,15,GROCERY I,1028,0,0,1,2013,2,47,47
10,103520,2013-11-20,,False,0,0,0,C,15,GROCERY I,1028,0,0,1,2013,3,47,47
10,1149579,2013-11-20,7.0,False,0,0,0,C,15,BREAD/BAKERY,2708,1,0,1,2013,3,47,47
10,1149579,2013-11-21,3.0,False,0,0,0,C,15,BREAD/BAKERY,2708,1,0,1,2013,4,47,47
10,103520,2013-11-21,,False,0,0,0,C,15,GROCERY I,1028,0,0,1,2013,4,47,47
10,103520,2013-11-22,2.0,False,0,0,0,C,15,GROCERY I,1028,0,0,1,2013,5,47,47
10,1149579,2013-11-22,15.0,False,0,0,0,C,15,BREAD/BAKERY,2708,1,0,1,2013,5,47,47
10,1149579,2013-11-23,9.0,False,0,0,0,C,15,BREAD/BAKERY,2708,1,0,1,2013,6,47,47
10,103520,2013-11-23,1.0,False,0,0,0,C,15,GROCERY I,1028,0,0,1,2013,6,47,47
10,1149579,2013-11-24,,False,0,0,0,C,15,BREAD/BAKERY,2708,1,0,1,2013,7,47,47
10,103520,2013-11-24,,False,0,0,0,C,15,GROCERY I,1028,0,0,1,2013,7,47,47
10,103520,2013-11-25,2.0,False,0,0,0,C,15,GROCERY I,1028,0,0,1,2013,1,48,48
10,1149579,2013-11-25,1.0,False,0,0,0,C,15,BREAD/BAKERY,2708,1,0,1,2013,1,48,48
10,103520,2013-11-26,2.0,False,0,0,0,C,15,GROCERY I,1028,0,0,1,2013,2,48,48
10,1149579,2013-11-26,5.0,False,0,0,0,C,15,BREAD/BAKERY,2708,1,0,1,2013,2,48,48
10,103520,2013-11-27,1.0,False,0,0,0,C,15,GROCERY I,1028,0,0,1,2013,3,48,48
10,1149579,2013-11-27,10.0,False,0,0,0,C,15,BREAD/BAKERY,2708,1,0,1,2013,3,48,48
10,103520,2013-11-28,2.0,False,0,0,0,C,15,GROCERY I,1028,0,0,1,2013,4,48,48
10,1149579,2013-11-28,,False,0,0,0,C,15,BREAD/BAKERY,2708,1,0,1,2013,4,48,48
10,103520,2013-11-29,2.0,False,0,0,0,C,15,GROCERY I,1028,0,0,1,2013,5,48,48
10,1149579,2013-11-29,4.0,False,0,0,0,C,15,BREAD/BAKERY,2708,1,0,1,2013,5,48,48
10,1149579,2013-11-30,9.0,False,0,0,0,C,15,BREAD/BAKERY,2708,1,0,1,2013,6,48,48
10,103520,2013-11-30,4.0,False,0,0,0,C,15,GROCERY I,1028,0,0,1,2013,6,48,48
10,103520,2013-12-01,2.0,False,0,0,0,C,15,GROCERY I,1028,0,0,1,2013,7,48,48
10,1149579,2013-12-01,6.0,False,0,0,0,C,15,BREAD/BAKERY,2708,1,0,1,2013,7,48,48
10,103520,2013-12-02,,False,0,0,0,C,15,GROCERY I,1028,0,0,1,2013,1,49,49
10,1149579,2013-12-02,12.0,False,0,0,0,C,15,BREAD/BAKERY,2708,1,0,1,2013,1,49,49
10,1149579,2013-12-03,7.0,False,0,0,0,C,15,BREAD/BAKERY,2708,1,0,1,2013,2,49,49
10,103520,2013-12-03,,False,0,0,0,C,15,GROCERY I,1028,0,0,1,2013,2,49,49
10,1149579,2013-12-04,3.0,False,0,0,0,C,15,BREAD/BAKERY,2708,1,0,1,2013,3,49,49
10,103520,2013-12-04,,False,0,0,0,C,15,GROCERY I,1028,0,0,1,2013,3,49,49
10,1149579,2013-12-05,4.0,False,1,0,0,C,15,BREAD/BAKERY,2708,1,0,1,2013,4,49,49
10,103520,2013-12-05,1.0,False,1,0,0,C,15,GROCERY I,1028,0,0,1,2013,4,49,49
10,103520,2013-12-06,,False,1,0,0,C,15,GROCERY I,1028,0,0,1,2013,5,49,49
10,1149579,2013-12-06,3.0,False,1,0,0,C,15,BREAD/BAKERY,2708,1,0,1,2013,5,49,49
10,103520,2013-12-07,7.0,False,0,0,0,C,15,GROCERY I,1028,0,0,1,2013,6,49,49
10,1149579,2013-12-07,5.0,False,0,0,0,C,15,BREAD/BAKERY,2708,1,0,1,2013,6,49,49
10,1149579,2013-12-08,10.0,False,0,0,0,C,15,BREAD/BAKERY,2708,1,0,1,2013,7,49,49
10,103520,2013-12-08,3.0,False,0,0,0,C,15,GROCERY I,1028,0,0,1,2013,7,49,49
10,1149579,2013-12-09,11.0,False,0,0,0,C,15,BREAD/BAKERY,2708,1,0,1,2013,1,50,50
10,103520,2013-12-09,1.0,False,0,0,0,C,15,GROCERY I,1028,0,0,1,2013,1,50,50
10,1149579,2013-12-10,4.0,False,0,0,0,C,15,BREAD/BAKERY,2708,1,0,1,2013,2,50,50
10,103520,2013-12-10,1.0,False,0,0,0,C,15,GROCERY I,1028,0,0,1,2013,2,50,50
10,103520,2013-12-11,3.0,False,0,0,0,C,15,GROCERY I,1028,0,0,1,2013,3,50,50
10,1149579,2013-12-11,1.0,False,0,0,0,C,15,BREAD/BAKERY,2708,1,0,1,2013,3,50,50
10,1149579,2013-12-12,,False,0,0,0,C,15,BREAD/BAKERY,2708,1,0,1,2013,4,50,50
10,103520,2013-12-12,4.0,False,0,0,0,C,15,GROCERY I,1028,0,0,1,2013,4,50,50
10,1149579,2013-12-13,11.0,False,0,0,0,C,15,BREAD/BAKERY,2708,1,0,1,2013,5,50,50
10,103520,2013-12-13,6.0,False,0,0,0,C,15,GROCERY I,1028,0,0,1,2013,5,50,50
10,103520,2013-12-14,2.0,False,0,0,0,C,15,GROCERY I,1028,0,0,1,2013,6,50,50
10,1149579,2013-12-14,8.0,False,0,0,0,C,15,BREAD/BAKERY,2708,1,0,1,2013,6,50,50
10,103520,2013-12-15,4.0,False,0,0,0,C,15,GROCERY I,1028,0,0,1,2013,7,50,50
10,1149579,2013-12-15,3.0,False,0,0,0,C,15,BREAD/BAKERY,2708,1,0,1,2013,7,50,50
10,1149579,2013-12-16,7.0,False,0,0,0,C,15,BREAD/BAKERY,2708,1,0,1,2013,1,51,51
10,103520,2013-12-16,6.0,False,0,0,0,C,15,GROCERY I,1028,0,0,1,2013,1,51,51
10,103520,2013-12-17,7.0,False,0,0,0,C,15,GROCERY I,1028,0,0,1,2013,2,51,51
10,1149579,2013-12-17,12.0,False,0,0,0,C,15,BREAD/BAKERY,2708,1,0,1,2013,2,51,51
10,1149579,2013-12-18,4.0,False,0,0,0,C,15,BREAD/BAKERY,2708,1,0,1,2013,3,51,51
10,103520,2013-12-18,5.0,False,0,0,0,C,15,GROCERY I,1028,0,0,1,2013,3,51,51
10,1149579,2013-12-19,5.0,False,0,0,0,C,15,BREAD/BAKERY,2708,1,0,1,2013,4,51,51
10,103520,2013-12-19,6.0,False,0,0,0,C,15,GROCERY I,1028,0,0,1,2013,4,51,51
10,1149579,2013-12-20,10.0,False,0,0,0,C,15,BREAD/BAKERY,2708,1,0,1,2013,5,51,51
10,103520,2013-12-20,5.0,False,0,0,0,C,15,GROCERY I,1028,0,0,1,2013,5,51,51
10,103520,2013-12-21,21.0,False,0,1,0,C,15,GROCERY I,1028,0,0,1,2013,6,51,51
10,1149579,2013-12-21,8.0,False,0,1,0,C,15,BREAD/BAKERY,2708,1,0,1,2013,6,51,51
10,103520,2013-12-22,8.0,False,0,1,0,C,15,GROCERY I,1028,0,0,1,2013,7,51,51
10,1149579,2013-12-22,2.0,False,0,1,0,C,15,BREAD/BAKERY,2708,1,0,1,2013,7,51,51
10,1149579,2013-12-23,3.0,False,0,1,0,C,15,BREAD/BAKERY,2708,1,0,1,2013,1,52,52
10,103520,2013-12-23,1.0,False,0,1,0,C,15,GROCERY I,1028,0,0,1,2013,1,52,52
10,103520,2013-12-24,15.0,False,0,1,0,C,15,GROCERY I,1028,0,0,1,2013,2,52,52
10,1149579,2013-12-24,7.0,False,0,1,0,C,15,BREAD/BAKERY,2708,1,0,1,2013,2,52,52
10,1149579,2013-12-25,0.0,False,0,1,0,C,15,BREAD/BAKERY,2708,1,4,1,2013,3,52,52
10,103520,2013-12-25,0.0,False,0,1,0,C,15,GROCERY I,1028,0,4,1,2013,3,52,52
10,1149579,2013-12-26,9.0,False,0,1,0,C,15,BREAD/BAKERY,2708,1,0,1,2013,4,52,52
10,103520,2013-12-26,,False,0,1,0,C,15,GROCERY I,1028,0,0,1,2013,4,52,52
10,1149579,2013-12-27,4.0,False,0,0,0,C,15,BREAD/BAKERY,2708,1,0,1,2013,5,52,52
10,103520,2013-12-27,5.0,False,0,0,0,C,15,GROCERY I,1028,0,0,1,2013,5,52,52
10,103520,2013-12-28,3.0,False,0,0,0,C,15,GROCERY I,1028,0,0,1,2013,6,52,52
10,1149579,2013-12-28,7.0,False,0,0,0,C,15,BREAD/BAKERY,2708,1,0,1,2013,6,52,52
10,103520,2013-12-29,3.0,False,0,0,0,C,15,GROCERY I,1028,0,0,1,2013,7,52,52
10,1149579,2013-12-29,9.0,False,0,0,0,C,15,BREAD/BAKERY,2708,1,0,1,2013,7,52,52
10,1149579,2013-12-30,,False,0,0,0,C,15,BREAD/BAKERY,2708,1,0,1,2014,1,1,53
10,103520,2013-12-30,1.0,False,0,0,0,C,15,GROCERY I,1028,0,0,1,2014,1,1,53
10,103520,2013-12-31,1.0,False,0,1,0,C,15,GROCERY I,1028,0,0,1,2014,2,1,53
10,1149579,2013-12-31,3.0,False,0,1,0,C,15,BREAD/BAKERY,2708,1,0,1,2014,2,1,53
10,103520,2014-01-01,0.0,False,0,1,0,C,15,GROCERY I,1028,0,4,1,2014,3,1,53
10,1149579,2014-01-01,0.0,False,0,1,0,C,15,BREAD/BAKERY,2708,1,4,1,2014,3,1,53
10,103520,2014-01-02,,False,0,0,0,C,15,GROCERY I,1028,0,0,1,2014,4,1,53
10,1149579,2014-01-02,12.0,False,0,0,0,C,15,BREAD/BAKERY,2708,1,0,1,2014,4,1,53
10,103520,2014-01-03,,False,0,0,0,C,15,GROCERY I,1028,0,0,1,2014,5,1,53
10,1149579,2014-01-03,9.0,False,0,0,0,C,15,BREAD/BAKERY,2708,1,0,1,2014,5,1,53
10,103520,2014-01-04,,False,0,0,0,C,15,GROCERY I,1028,0,0,1,2014,6,1,53
10,1149579,2014-01-04,,False,0,0,0,C,15,BREAD/BAKERY,2708,1,0,1,2014,6,1,53
10,103520,2014-01-05,,False,0,0,0,C,15,GROCERY I,1028,0,0,1,2014,7,1,53
10,1149579,2014-01-05,6.0,False,0,0,0,C,15,BREAD/BAKERY,2708,1,0,1,2014,7,1,53
10,1149579,2014-01-06,2.0,False,0,0,0,C,15,BREAD/BAKERY,2708,1,0,1,2014,1,2,54
10,103520,2014-01-06,,False,0,0,0,C,15,GROCERY I,1028,0,0,1,2014,1,2,54
10,1149579,2014-01-07,7.0,False,0,0,0,C,15,BREAD/BAKERY,2708,1,0,1,2014,2,2,54
10,103520,2014-01-07,,False,0,0,0,C,15,GROCERY I,1028,0,0,1,2014,2,2,54
10,1149579,2014-01-08,7.0,False,0,0,0,C,15,BREAD/BAKERY,2708,1,0,1,2014,3,2,54
10,103520,2014-01-08,,False,0,0,0,C,15,GROCERY I,1028,0,0,1,2014,3,2,54
10,103520,2014-01-09,,False,0,0,0,C,15,GROCERY I,1028,0,0,1,2014,4,2,54
10,1149579,2014-01-09,3.0,False,0,0,0,C,15,BREAD/BAKERY,2708,1,0,1,2014,4,2,54
10,1149579,2014-01-10,3.0,False,0,0,0,C,15,BREAD/BAKERY,2708,1,0,1,2014,5,2,54
10,103520,2014-01-10,,False,0,0,0,C,15,GROCERY I,1028,0,0,1,2014,5,2,54
10,103520,2014-01-11,3.0,False,0,0,0,C,15,GROCERY I,1028,0,0,1,2014,6,2,54
10,1149579,2014-01-11,7.0,False,0,0,0,C,15,BREAD/BAKERY,2708,1,0,1,2014,6,2,54
10,1149579,2014-01-12,4.0,False,0,0,0,C,15,BREAD/BAKERY,2708,1,0,1,2014,7,2,54
10,103520,2014-01-12,4.0,False,0,0,0,C,15,GROCERY I,1028,0,0,1,2014,7,2,54
10,1149579,2014-01-13,9.0,False,0,0,0,C,15,BREAD/BAKERY,2708,1,0,1,2014,1,3,55
10,103520,2014-01-13,1.0,False,0,0,0,C,15,GROCERY I,1028,0,0,1,2014,1,3,55
10,103520,2014-01-14,5.0,False,0,0,0,C,15,GROCERY I,1028,0,0,1,2014,2,3,55
10,1149579,2014-01-14,3.0,False,0,0,0,C,15,BREAD/BAKERY,2708,1,0,1,2014,2,3,55
10,103520,2014-01-15,,False,0,0,0,C,15,GROCERY I,1028,0,0,1,2014,3,3,55
10,1149579,2014-01-15,11.0,False,0,0,0,C,15,BREAD/BAKERY,2708,1,0,1,2014,3,3,55
10,1149579,2014-01-16,1.0,False,0,0,0,C,15,BREAD/BAKERY,2708,1,0,1,2014,4,3,55
10,103520,2014-01-16,,False,0,0,0,C,15,GROCERY I,1028,0,0,1,2014,4,3,55
10,103520,2014-01-17,,False,0,0,0,C,15,GROCERY I,1028,0,0,1,2014,5,3,55
10,1149579,2014-01-17,2.0,False,0,0,0,C,15,BREAD/BAKERY,2708,1,0,1,2014,5,3,55
10,103520,2014-01-18,,False,0,0,0,C,15,GROCERY I,1028,0,0,1,2014,6,3,55
10,1149579,2014-01-18,,False,0,0,0,C,15,BREAD/BAKERY,2708,1,0,1,2014,6,3,55
10,1149579,2014-01-19,11.0,False,0,0,0,C,15,BREAD/BAKERY,2708,1,0,1,2014,7,3,55
10,103520,2014-01-19,,False,0,0,0,C,15,GROCERY I,1028,0,0,1,2014,7,3,55
10,1149579,2014-01-20,8.0,False,0,0,0,C,15,BREAD/BAKERY,2708,1,0,1,2014,1,4,56
10,103520,2014-01-20,,False,0,0,0,C,15,GROCERY I,1028,0,0,1,2014,1,4,56
10,1149579,2014-01-21,4.0,False,0,0,0,C,15,BREAD/BAKERY,2708,1,0,1,2014,2,4,56
10,103520,2014-01-21,,False,0,0,0,C,15,GROCERY I,1028,0,0,1,2014,2,4,56
10,103520,2014-01-22,,False,0,0,0,C,15,GROCERY I,1028,0,0,1,2014,3,4,56
10,1149579,2014-01-22,,False,0,0,0,C,15,BREAD/BAKERY,2708,1,0,1,2014,3,4,56
10,103520,2014-01-23,,False,0,0,0,C,15,GROCERY I,1028,0,0,1,2014,4,4,56
10,1149579,2014-01-23,,False,0,0,0,C,15,BREAD/BAKERY,2708,1,0,1,2014,4,4,56
10,1149579,2014-01-24,10.0,False,0,0,0,C,15,BREAD/BAKERY,2708,1,0,1,2014,5,4,56
10,103520,2014-01-24,,False,0,0,0,C,15,GROCERY I,1028,0,0,1,2014,5,4,56
10,1149579,2014-01-25,6.0,False,0,0,0,C,15,BREAD/BAKERY,2708,1,0,1,2014,6,4,56
10,103520,2014-01-25,,False,0,0,0,C,15,GROCERY I,1028,0,0,1,2014,6,4,56
10,103520,2014-01-26,,False,0,0,0,C,15,GROCERY I,1028,0,0,1,2014,7,4,56
10,1149579,2014-01-26,4.0,False,0,0,0,C,15,BREAD/BAKERY,2708,1,0,1,2014,7,4,56
10,1149579,2014-01-27,1.0,False,0,0,0,C,15,BREAD/BAKERY,2708,1,0,1,2014,1,5,57
10,103520,2014-01-27,,False,0,0,0,C,15,GROCERY I,1028,0,0,1,2014,1,5,57
10,1149579,2014-01-28,3.0,False,0,0,0,C,15,BREAD/BAKERY,2708,1,0,1,2014,2,5,57
10,103520,2014-01-28,,False,0,0,0,C,15,GROCERY I,1028,0,0,1,2014,2,5,57
10,103520,2014-01-29,,False,0,0,0,C,15,GROCERY I,1028,0,0,1,2014,3,5,57
10,1149579,2014-01-29,8.0,False,0,0,0,C,15,BREAD/BAKERY,2708,1,0,1,2014,3,5,57
10,103520,2014-01-30,,False,0,0,0,C,15,GROCERY I,1028,0,0,1,2014,4,5,57
10,1149579,2014-01-30,7.0,False,0,0,0,C,15,BREAD/BAKERY,2708,1,0,1,2014,4,5,57
10,1149579,2014-01-31,4.0,False,0,0,0,C,15,BREAD/BAKERY,2708,1,0,1,2014,5,5,57
10,103520,2014-01-31,,False,0,0,0,C,15,GROCERY I,1028,0,0,1,2014,5,5,57
10,103520,2014-02-01,1.0,False,0,0,0,C,15,GROCERY I,1028,0,0,1,2014,6,5,57
10,1149579,2014-02-01,8.0,False,0,0,0,C,15,BREAD/BAKERY,2708,1,0,1,2014,6,5,57
10,103520,2014-02-02,,False,0,0,0,C,15,GROCERY I,1028,0,0,1,2014,7,5,57
10,1149579,2014-02-02,9.0,False,0,0,0,C,15,BREAD/BAKERY,2708,1,0,1,2014,7,5,57
10,1149579,2014-02-03,11.0,False,0,0,0,C,15,BREAD/BAKERY,2708,1,0,1,2014,1,6,58
10,103520,2014-02-03,,False,0,0,0,C,15,GROCERY I,1028,0,0,1,2014,1,6,58
10,1149579,2014-02-04,,False,0,0,0,C,15,BREAD/BAKERY,2708,1,0,1,2014,2,6,58
10,103520,2014-02-04,,False,0,0,0,C,15,GROCERY I,1028,0,0,1,2014,2,6,58
10,103520,2014-02-05,,False,0,0,0,C,15,GROCERY I,1028,0,0,1,2014,3,6,58
10,1149579,2014-02-05,8.0,False,0,0,0,C,15,BREAD/BAKERY,2708,1,0,1,2014,3,6,58
10,1149579,2014-02-06,,False,0,0,0,C,15,BREAD/BAKERY,2708,1,0,1,2014,4,6,58
10,103520,2014-02-06,2.0,False,0,0,0,C,15,GROCERY I,1028,0,0,1,2014,4,6,58
10,103520,2014-02-07,,False,0,0,0,C,15,GROCERY I,1028,0,0,1,2014,5,6,58
10,1149579,2014-02-07,7.0,False,0,0,0,C,15,BREAD/BAKERY,2708,1,0,1,2014,5,6,58
10,103520,2014-02-08,,False,0,0,0,C,15,GROCERY I,1028,0,0,1,2014,6,6,58
10,1149579,2014-02-08,6.0,False,0,0,0,C,15,BREAD/BAKERY,2708,1,0,1,2014,6,6,58
10,1149579,2014-02-09,5.0,False,0,0,0,C,15,BREAD/BAKERY,2708,1,0,1,2014,7,6,58
10,103520,2014-02-09,,False,0,0,0,C,15,GROCERY I,1028,0,0,1,2014,7,6,58
10,1149579,2014-02-10,5.0,False,0,0,0,C,15,BREAD/BAKERY,2708,1,0,1,2014,1,7,59
10,103520,2014-02-10,,False,0,0,0,C,15,GROCERY I,1028,0,0,1,2014,1,7,59
10,1149579,2014-02-11,4.0,False,0,0,0,C,15,BREAD/BAKERY,2708,1,0,1,2014,2,7,59
10,103520,2014-02-11,,False,0,0,0,C,15,GROCERY I,1028,0,0,1,2014,2,7,59
10,103520,2014-02-12,,False,0,0,0,C,15,GROCERY I,1028,0,0,1,2014,3,7,59
10,1149579,2014-02-12,5.0,False,0,0,0,C,15,BREAD/BAKERY,2708,1,0,1,2014,3,7,59
10,103520,2014-02-13,2.0,False,0,0,0,C,15,GROCERY I,1028,0,0,1,2014,4,7,59
10,1149579,2014-02-13,,False,0,0,0,C,15,BREAD/BAKERY,2708,1,0,1,2014,4,7,59
10,103520,2014-02-14,1.0,False,0,0,0,C,15,GROCERY I,1028,0,0,1,2014,5,7,59
10,1149579,2014-02-14,5.0,False,0,0,0,C,15,BREAD/BAKERY,2708,1,0,1,2014,5,7,59
10,103520,2014-02-15,,False,0,0,0,C,15,GROCERY I,1028,0,0,1,2014,6,7,59
10,1149579,2014-02-15,8.0,False,0,0,0,C,15,BREAD/BAKERY,2708,1,0,1,2014,6,7,59
10,1149579,2014-02-16,8.0,False,0,0,0,C,15,BREAD/BAKERY,2708,1,0,1,2014,7,7,59
10,103520,2014-02-16,,False,0,0,0,C,15,GROCERY I,1028,0,0,1,2014,7,7,59
10,1149579,2014-02-17,8.0,False,0,0,0,C,15,BREAD/BAKERY,2708,1,0,1,2014,1,8,60
10,103520,2014-02-17,2.0,False,0,0,0,C,15,GROCERY I,1028,0,0,1,2014,1,8,60
10,1149579,2014-02-18,6.0,False,0,0,0,C,15,BREAD/BAKERY,2708,1,0,1,2014,2,8,60
10,103520,2014-02-18,2.0,False,0,0,0,C,15,GROCERY I,1028,0,0,1,2014,2,8,60
10,103520,2014-02-19,1.0,False,0,0,0,C,15,GROCERY I,1028,0,0,1,2014,3,8,60
10,1149579,2014-02-19,4.0,False,0,0,0,C,15,BREAD/BAKERY,2708,1,0,1,2014,3,8,60
10,1149579,2014-02-20,6.0,False,0,0,0,C,15,BREAD/BAKERY,2708,1,0,1,2014,4,8,60
10,103520,2014-02-20,3.0,False,0,0,0,C,15,GROCERY I,1028,0,0,1,2014,4,8,60
10,103520,2014-02-21,,False,0,0,0,C,15,GROCERY I,1028,0,0,1,2014,5,8,60
10,1149579,2014-02-21,,False,0,0,0,C,15,BREAD/BAKERY,2708,1,0,1,2014,5,8,60
10,103520,2014-02-22,,False,0,0,0,C,15,GROCERY I,1028,0,0,1,2014,6,8,60
10,1149579,2014-02-22,8.0,False,0,0,0,C,15,BREAD/BAKERY,2708,1,0,1,2014,6,8,60
10,1149579,2014-02-23,6.0,False,0,0,0,C,15,BREAD/BAKERY,2708,1,0,1,2014,7,8,60
10,103520,2014-02-23,1.0,False,0,0,0,C,15,GROCERY I,1028,0,0,1,2014,7,8,60
10,1149579,2014-02-24,10.0,False,0,0,0,C,15,BREAD/BAKERY,2708,1,0,1,2014,1,9,61
10,103520,2014-02-24,2.0,False,0,0,0,C,15,GROCERY I,1028,0,0,1,2014,1,9,61
10,1149579,2014-02-25,6.0,False,0,0,0,C,15,BREAD/BAKERY,2708,1,0,1,2014,2,9,61
10,103520,2014-02-25,,False,0,0,0,C,15,GROCERY I,1028,0,0,1,2014,2,9,61
10,1149579,2014-02-26,2.0,False,0,0,0,C,15,BREAD/BAKERY,2708,1,0,1,2014,3,9,61
10,103520,2014-02-26,,False,0,0,0,C,15,GROCERY I,1028,0,0,1,2014,3,9,61
10,103520,2014-02-27,,False,0,0,0,C,15,GROCERY I,1028,0,0,1,2014,4,9,61
10,1149579,2014-02-27,,False,0,0,0,C,15,BREAD/BAKERY,2708,1,0,1,2014,4,9,61
10,1149579,2014-02-28,8.0,False,0,0,0,C,15,BREAD/BAKERY,2708,1,0,1,2014,5,9,61
10,103520,2014-02-28,,False,0,0,0,C,15,GROCERY I,1028,0,0,1,2014,5,9,61
10,103520,2014-03-01,,False,0,0,0,C,15,GROCERY I,1028,0,0,1,2014,6,9,61
10,1149579,2014-03-01,,False,0,0,0,C,15,BREAD/BAKERY,2708,1,0,1,2014,6,9,61
10,103520,2014-03-02,,False,0,0,0,C,15,GROCERY I,1028,0,0,1,2014,7,9,61
10,1149579,2014-03-02,6.0,False,0,0,0,C,15,BREAD/BAKERY,2708,1,0,1,2014,7,9,61
10,1149579,2014-03-03,1.0,False,0,1,0,C,15,BREAD/BAKERY,2708,1,0,1,2014,1,10,62
10,103520,2014-03-03,1.0,False,0,1,0,C,15,GROCERY I,1028,0,0,1,2014,1,10,62
10,103520,2014-03-04,,False,0,1,0,C,15,GROCERY I,1028,0,0,1,2014,2,10,62
10,1149579,2014-03-04,6.0,False,0,1,0,C,15,BREAD/BAKERY,2708,1,0,1,2014,2,10,62
10,1149579,2014-03-05,10.0,False,0,0,0,C,15,BREAD/BAKERY,2708,1,0,1,2014,3,10,62
10,103520,2014-03-05,,False,0,0,0,C,15,GROCERY I,1028,0,0,1,2014,3,10,62
10,103520,2014-03-06,,False,0,0,0,C,15,GROCERY I,1028,0,0,1,2014,4,10,62
10,1149579,2014-03-06,5.0,False,0,0,0,C,15,BREAD/BAKERY,2708,1,0,1,2014,4,10,62
10,103520,2014-03-07,1.0,False,0,0,0,C,15,GROCERY I,1028,0,0,1,2014,5,10,62
10,1149579,2014-03-07,5.0,False,0,0,0,C,15,BREAD/BAKERY,2708,1,0,1,2014,5,10,62
10,1149579,2014-03-08,4.0,False,0,0,0,C,15,BREAD/BAKERY,2708,1,0,1,2014,6,10,62
10,103520,2014-03-08,,False,0,0,0,C,15,GROCERY I,1028,0,0,1,2014,6,10,62
10,1149579,2014-03-09,12.0,False,0,0,0,C,15,BREAD/BAKERY,2708,1,0,1,2014,7,10,62
10,103520,2014-03-09,,False,0,0,0,C,15,GROCERY I,1028,0,0,1,2014,7,10,62
10,103520,2014-03-10,,False,0,0,0,C,15,GROCERY I,1028,0,0,1,2014,1,11,63
10,1149579,2014-03-10,11.0,False,0,0,0,C,15,BREAD/BAKERY,2708,1,0,1,2014,1,11,63
10,103520,2014-03-11,,False,0,0,0,C,15,GROCERY I,1028,0,0,1,2014,2,11,63
10,1149579,2014-03-11,5.0,False,0,0,0,C,15,BREAD/BAKERY,2708,1,0,1,2014,2,11,63
10,1149579,2014-03-12,2.0,False,0,0,0,C,15,BREAD/BAKERY,2708,1,0,1,2014,3,11,63
10,103520,2014-03-12,,False,0,0,0,C,15,GROCERY I,1028,0,0,1,2014,3,11,63
10,1149579,2014-03-13,3.0,False,0,0,0,C,15,BREAD/BAKERY,2708,1,0,1,2014,4,11,63
10,103520,2014-03-13,,False,0,0,0,C,15,GROCERY I,1028,0,0,1,2014,4,11,63
10,1149579,2014-03-14,7.0,False,0,0,0,C,15,BREAD/BAKERY,2708,1,0,1,2014,5,11,63
10,103520,2014-03-14,,False,0,0,0,C,15,GROCERY I,1028,0,0,1,2014,5,11,63
10,1149579,2014-03-15,4.0,False,0,0,0,C,15,BREAD/BAKERY,2708,1,0,1,2014,6,11,63
10,103520,2014-03-15,,False,0,0,0,C,15,GROCERY I,1028,0,0,1,2014,6,11,63
10,1149579,2014-03-16,8.0,False,0,0,0,C,15,BREAD/BAKERY,2708,1,0,1,2014,7,11,63
10,103520,2014-03-16,1.0,False,0,0,0,C,15,GROCERY I,1028,0,0,1,2014,7,11,63
10,1149579,2014-03-17,8.0,False,0,0,0,C,15,BREAD/BAKERY,2708,1,0,1,2014,1,12,64
10,103520,2014-03-17,,False,0,0,0,C,15,GROCERY I,1028,0,0,1,2014,1,12,64
10,103520,2014-03-18,,False,0,0,0,C,15,GROCERY I,1028,0,0,1,2014,2,12,64
10,1149579,2014-03-18,12.0,False,0,0,0,C,15,BREAD/BAKERY,2708,1,0,1,2014,2,12,64
10,1149579,2014-03-19,6.0,False,0,0,0,C,15,BREAD/BAKERY,2708,1,0,1,2014,3,12,64
10,103520,2014-03-19,,False,0,0,0,C,15,GROCERY I,1028,0,0,1,2014,3,12,64
10,103520,2014-03-20,,False,0,0,0,C,15,GROCERY I,1028,0,0,1,2014,4,12,64
10,1149579,2014-03-20,3.0,False,0,0,0,C,15,BREAD/BAKERY,2708,1,0,1,2014,4,12,64
10,103520,2014-03-21,,False,0,0,0,C,15,GROCERY I,1028,0,0,1,2014,5,12,64
10,1149579,2014-03-21,4.0,False,0,0,0,C,15,BREAD/BAKERY,2708,1,0,1,2014,5,12,64
10,1149579,2014-03-22,9.0,False,0,0,0,C,15,BREAD/BAKERY,2708,1,0,1,2014,6,12,64
10,103520,2014-03-22,8.0,False,0,0,0,C,15,GROCERY I,1028,0,0,1,2014,6,12,64
10,103520,2014-03-23,,False,0,0,0,C,15,GROCERY I,1028,0,0,1,2014,7,12,64
10,1149579,2014-03-23,15.0,False,0,0,0,C,15,BREAD/BAKERY,2708,1,0,1,2014,7,12,64
10,1149579,2014-03-24,6.0,False,0,0,0,C,15,BREAD/BAKERY,2708,1,0,1,2014,1,13,65
10,103520,2014-03-24,,False,0,0,0,C,15,GROCERY I,1028,0,0,1,2014,1,13,65
10,103520,2014-03-25,,False,0,0,0,C,15,GROCERY I,1028,0,0,1,2014,2,13,65
10,1149579,2014-03-25,6.0,False,0,0,0,C,15,BREAD/BAKERY,2708,1,0,1,2014,2,13,65
10,103520,2014-03-26,,False,0,0,0,C,15,GROCERY I,1028,0,0,1,2014,3,13,65
10,1149579,2014-03-26,7.0,False,0,0,0,C,15,BREAD/BAKERY,2708,1,0,1,2014,3,13,65
10,1149579,2014-03-27,1.0,False,0,0,0,C,15,BREAD/BAKERY,2708,1,0,1,2014,4,13,65
10,103520,2014-03-27,,False,0,0,0,C,15,GROCERY I,1028,0,0,1,2014,4,13,65
10,1149579,2014-03-28,2.0,False,0,0,0,C,15,BREAD/BAKERY,2708,1,0,1,2014,5,13,65
10,103520,2014-03-28,,False,0,0,0,C,15,GROCERY I,1028,0,0,1,2014,5,13,65
10,103520,2014-03-29,1.0,False,0,0,0,C,15,GROCERY I,1028,0,0,1,2014,6,13,65
10,1149579,2014-03-29,3.0,False,0,0,0,C,15,BREAD/BAKERY,2708,1,0,1,2014,6,13,65
10,103520,2014-03-30,1.0,False,0,0,0,C,15,GROCERY I,1028,0,0,1,2014,7,13,65
10,1149579,2014-03-30,5.0,False,0,0,0,C,15,BREAD/BAKERY,2708,1,0,1,2014,7,13,65
10,1149579,2014-03-31,9.0,False,0,0,0,C,15,BREAD/BAKERY,2708,1,0,1,2014,1,14,66
10,103520,2014-03-31,,False,0,0,0,C,15,GROCERY I,1028,0,0,1,2014,1,14,66
10,103520,2014-04-01,2.0,False,0,0,0,C,15,GROCERY I,1028,0,0,1,2014,2,14,66
10,1149579,2014-04-01,10.0,False,0,0,0,C,15,BREAD/BAKERY,2708,1,0,1,2014,2,14,66
10,1149579,2014-04-02,3.0,False,0,0,0,C,15,BREAD/BAKERY,2708,1,0,1,2014,3,14,66
10,103520,2014-04-02,,False,0,0,0,C,15,GROCERY I,1028,0,0,1,2014,3,14,66
10,103520,2014-04-03,1.0,False,0,0,0,C,15,GROCERY I,1028,0,0,1,2014,4,14,66
10,1149579,2014-04-03,6.0,False,0,0,0,C,15,BREAD/BAKERY,2708,1,0,1,2014,4,14,66
10,1149579,2014-04-04,3.0,False,0,0,0,C,15,BREAD/BAKERY,2708,1,0,1,2014,5,14,66
10,103520,2014-04-04,1.0,False,0,0,0,C,15,GROCERY I,1028,0,0,1,2014,5,14,66
10,1149579,2014-04-05,7.0,False,0,0,0,C,15,BREAD/BAKERY,2708,1,0,1,2014,6,14,66
10,103520,2014-04-05,1.0,False,0,0,0,C,15,GROCERY I,1028,0,0,1,2014,6,14,66
10,103520,2014-04-06,,False,0,0,0,C,15,GROCERY I,1028,0,0,1,2014,7,14,66
10,1149579,2014-04-06,6.0,False,0,0,0,C,15,BREAD/BAKERY,2708,1,0,1,2014,7,14,66
10,1149579,2014-04-07,2.0,False,0,0,0,C,15,BREAD/BAKERY,2708,1,0,1,2014,1,15,67
10,103520,2014-04-07,1.0,False,0,0,0,C,15,GROCERY I,1028,0,0,1,2014,1,15,67
10,103520,2014-04-08,,False,0,0,0,C,15,GROCERY I,1028,0,0,1,2014,2,15,67
10,1149579,2014-04-08,7.0,False,0,0,0,C,15,BREAD/BAKERY,2708,1,0,1,2014,2,15,67
10,1149579,2014-04-09,7.0,False,0,0,0,C,15,BREAD/BAKERY,2708,1,0,1,2014,3,15,67
10,103520,2014-04-09,1.0,False,0,0,0,C,15,GROCERY I,1028,0,0,1,2014,3,15,67
10,103520,2014-04-10,2.0,False,0,0,0,C,15,GROCERY I,1028,0,0,1,2014,4,15,67
10,1149579,2014-04-10,,False,0,0,0,C,15,BREAD/BAKERY,2708,1,0,1,2014,4,15,67
10,103520,2014-04-11,2.0,False,0,0,0,C,15,GROCERY I,1028,0,0,1,2014,5,15,67
10,1149579,2014-04-11,8.0,False,0,0,0,C,15,BREAD/BAKERY,2708,1,0,1,2014,5,15,67
10,103520,2014-04-12,1.0,False,0,0,0,C,15,GROCERY I,1028,0,0,1,2014,6,15,67
10,1149579,2014-04-12,1.0,False,0,0,0,C,15,BREAD/BAKERY,2708,1,0,1,2014,6,15,67
10,1149579,2014-04-13,4.0,False,0,0,0,C,15,BREAD/BAKERY,2708,1,0,1,2014,7,15,67
10,103520,2014-04-13,2.0,False,0,0,0,C,15,GROCERY I,1028,0,0,1,2014,7,15,67
10,103520,2014-04-14,2.0,False,0,0,0,C,15,GROCERY I,1028,0,0,1,2014,1,16,68
10,1149579,2014-04-14,9.0,False,0,0,0,C,15,BREAD/BAKERY,2708,1,0,1,2014,1,16,68
10,1149579,2014-04-15,7.0,False,0,0,0,C,15,BREAD/BAKERY,2708,1,0,1,2014,2,16,68
10,103520,2014-04-15,2.0,False,0,0,0,C,15,GROCERY I,1028,0,0,1,2014,2,16,68
10,1149579,2014-04-16,7.0,False,0,0,0,C,15,BREAD/BAKERY,2708,1,0,1,2014,3,16,68
10,103520,2014-04-16,2.0,False,0,0,0,C,15,GROCERY I,1028,0,0,1,2014,3,16,68
10,103520,2014-04-17,3.0,False,0,0,0,C,15,GROCERY I,1028,0,0,1,2014,4,16,68
10,1149579,2014-04-17,4.0,False,0,0,0,C,15,BREAD/BAKERY,2708,1,0,1,2014,4,16,68
10,1149579,2014-04-18,2.0,False,0,1,0,C,15,BREAD/BAKERY,2708,1,0,1,2014,5,16,68
10,103520,2014-04-18,1.0,False,0,1,0,C,15,GROCERY I,1028,0,0,1,2014,5,16,68
10,1149579,2014-04-19,10.0,False,0,0,0,C,15,BREAD/BAKERY,2708,1,0,1,2014,6,16,68
10,103520,2014-04-19,3.0,False,0,0,0,C,15,GROCERY I,1028,0,0,1,2014,6,16,68
10,103520,2014-04-20,1.0,False,0,0,0,C,15,GROCERY I,1028,0,0,1,2014,7,16,68
10,1149579,2014-04-20,3.0,False,0,0,0,C,15,BREAD/BAKERY,2708,1,0,1,2014,7,16,68
10,103520,2014-04-21,,False,0,0,0,C,15,GROCERY I,1028,0,0,1,2014,1,17,69
10,1149579,2014-04-21,10.0,False,0,0,0,C,15,BREAD/BAKERY,2708,1,0,1,2014,1,17,69
10,1149579,2014-04-22,8.0,False,0,0,0,C,15,BREAD/BAKERY,2708,1,0,1,2014,2,17,69
10,103520,2014-04-22,1.0,False,0,0,0,C,15,GROCERY I,1028,0,0,1,2014,2,17,69
10,1149579,2014-04-23,7.0,False,0,0,0,C,15,BREAD/BAKERY,2708,1,0,1,2014,3,17,69
10,103520,2014-04-23,1.0,False,0,0,0,C,15,GROCERY I,1028,0,0,1,2014,3,17,69
10,1149579,2014-04-24,1.0,False,0,0,0,C,15,BREAD/BAKERY,2708,1,0,1,2014,4,17,69
10,103520,2014-04-24,1.0,False,0,0,0,C,15,GROCERY I,1028,0,0,1,2014,4,17,69
10,1149579,2014-04-25,3.0,False,0,0,0,C,15,BREAD/BAKERY,2708,1,0,1,2014,5,17,69
10,103520,2014-04-25,2.0,False,0,0,0,C,15,GROCERY I,1028,0,0,1,2014,5,17,69
10,103520,2014-04-26,2.0,False,0,0,0,C,15,GROCERY I,1028,0,0,1,2014,6,17,69
10,1149579,2014-04-26,3.0,False,0,0,0,C,15,BREAD/BAKERY,2708,1,0,1,2014,6,17,69
10,1149579,2014-04-27,7.0,False,0,0,0,C,15,BREAD/BAKERY,2708,1,0,1,2014,7,17,69
10,103520,2014-04-27,2.0,False,0,0,0,C,15,GROCERY I,1028,0,0,1,2014,7,17,69
10,1149579,2014-04-28,6.0,False,0,0,0,C,15,BREAD/BAKERY,2708,1,0,1,2014,1,18,70
10,103520,2014-04-28,,False,0,0,0,C,15,GROCERY I,1028,0,0,1,2014,1,18,70
10,1149579,2014-04-29,9.0,False,0,0,0,C,15,BREAD/BAKERY,2708,1,0,1,2014,2,18,70
10,103520,2014-04-29,1.0,False,0,0,0,C,15,GROCERY I,1028,0,0,1,2014,2,18,70
10,103520,2014-04-30,,False,0,0,0,C,15,GROCERY I,1028,0,0,1,2014,3,18,70
10,1149579,2014-04-30,4.0,False,0,0,0,C,15,BREAD/BAKERY,2708,1,0,1,2014,3,18,70
10,103520,2014-05-01,,False,0,1,0,C,15,GROCERY I,1028,0,0,1,2014,4,18,70
10,1149579,2014-05-01,2.0,False,0,1,0,C,15,BREAD/BAKERY,2708,1,0,1,2014,4,18,70
10,1149579,2014-05-02,5.0,False,0,0,0,C,15,BREAD/BAKERY,2708,1,0,1,2014,5,18,70
10,103520,2014-05-02,1.0,False,0,0,0,C,15,GROCERY I,1028,0,0,1,2014,5,18,70
10,103520,2014-05-03,3.0,False,0,0,0,C,15,GROCERY I,1028,0,0,1,2014,6,18,70
10,1149579,2014-05-03,1.0,False,0,0,0,C,15,BREAD/BAKERY,2708,1,0,1,2014,6,18,70
10,1149579,2014-05-04,7.0,False,0,0,0,C,15,BREAD/BAKERY,2708,1,0,1,2014,7,18,70
10,103520,2014-05-04,1.0,False,0,0,0,C,15,GROCERY I,1028,0,0,1,2014,7,18,70
10,1149579,2014-05-05,8.0,False,0,0,0,C,15,BREAD/BAKERY,2708,1,0,1,2014,1,19,71
10,103520,2014-05-05,,False,0,0,0,C,15,GROCERY I,1028,0,0,1,2014,1,19,71
10,1149579,2014-05-06,5.0,False,0,0,0,C,15,BREAD/BAKERY,2708,1,0,1,2014,2,19,71
10,103520,2014-05-06,,False,0,0,0,C,15,GROCERY I,1028,0,0,1,2014,2,19,71
10,103520,2014-05-07,2.0,False,0,0,0,C,15,GROCERY I,1028,0,0,1,2014,3,19,71
10,1149579,2014-05-07,5.0,False,0,0,0,C,15,BREAD/BAKERY,2708,1,0,1,2014,3,19,71
10,1149579,2014-05-08,7.0,False,0,0,0,C,15,BREAD/BAKERY,2708,1,0,1,2014,4,19,71
10,103520,2014-05-08,,False,0,0,0,C,15,GROCERY I,1028,0,0,1,2014,4,19,71
10,1149579,2014-05-09,,False,0,0,0,C,15,BREAD/BAKERY,2708,1,0,1,2014,5,19,71
10,103520,2014-05-09,5.0,False,0,0,0,C,15,GROCERY I,1028,0,0,1,2014,5,19,71
10,103520,2014-05-10,14.0,False,0,1,0,C,15,GROCERY I,1028,0,0,1,2014,6,19,71
10,1149579,2014-05-10,5.0,False,0,1,0,C,15,BREAD/BAKERY,2708,1,0,1,2014,6,19,71
10,1149579,2014-05-11,3.0,False,0,1,0,C,15,BREAD/BAKERY,2708,1,0,1,2014,7,19,71
10,103520,2014-05-11,8.0,False,0,1,0,C,15,GROCERY I,1028,0,0,1,2014,7,19,71
10,1149579,2014-05-12,5.0,False,0,0,0,C,15,BREAD/BAKERY,2708,1,0,1,2014,1,20,72
10,103520,2014-05-12,3.0,False,0,0,0,C,15,GROCERY I,1028,0,0,1,2014,1,20,72
10,103520,2014-05-13,2.0,False,0,0,0,C,15,GROCERY I,1028,0,0,1,2014,2,20,72
10,1149579,2014-05-13,5.0,False,0,0,0,C,15,BREAD/BAKERY,2708,1,0,1,2014,2,20,72
10,1149579,2014-05-14,3.0,False,0,0,0,C,15,BREAD/BAKERY,2708,1,0,1,2014,3,20,72
10,103520,2014-05-14,2.0,False,0,0,0,C,15,GROCERY I,1028,0,0,1,2014,3,20,72
10,103520,2014-05-15,,False,0,0,0,C,15,GROCERY I,1028,0,0,1,2014,4,20,72
10,1149579,2014-05-15,7.0,False,0,0,0,C,15,BREAD/BAKERY,2708,1,0,1,2014,4,20,72
10,1149579,2014-05-16,8.0,False,0,0,0,C,15,BREAD/BAKERY,2708,1,0,1,2014,5,20,72
10,103520,2014-05-16,3.0,False,0,0,0,C,15,GROCERY I,1028,0,0,1,2014,5,20,72
10,103520,2014-05-17,2.0,False,0,0,0,C,15,GROCERY I,1028,0,0,1,2014,6,20,72
10,1149579,2014-05-17,6.0,False,0,0,0,C,15,BREAD/BAKERY,2708,1,0,1,2014,6,20,72
10,103520,2014-05-18,4.0,False,0,0,0,C,15,GROCERY I,1028,0,0,1,2014,7,20,72
10,1149579,2014-05-18,7.0,False,0,0,0,C,15,BREAD/BAKERY,2708,1,0,1,2014,7,20,72
10,1149579,2014-05-19,10.0,False,0,0,0,C,15,BREAD/BAKERY,2708,1,0,1,2014,1,21,73
10,103520,2014-05-19,1.0,False,0,0,0,C,15,GROCERY I,1028,0,0,1,2014,1,21,73
10,1149579,2014-05-20,5.0,False,0,0,0,C,15,BREAD/BAKERY,2708,1,0,1,2014,2,21,73
10,103520,2014-05-20,4.0,False,0,0,0,C,15,GROCERY I,1028,0,0,1,2014,2,21,73
10,103520,2014-05-21,,False,0,0,0,C,15,GROCERY I,1028,0,0,1,2014,3,21,73
10,1149579,2014-05-21,12.0,False,0,0,0,C,15,BREAD/BAKERY,2708,1,0,1,2014,3,21,73
10,103520,2014-05-22,,False,0,0,0,C,15,GROCERY I,1028,0,0,1,2014,4,21,73
10,1149579,2014-05-22,7.0,False,0,0,0,C,15,BREAD/BAKERY,2708,1,0,1,2014,4,21,73
10,1149579,2014-05-23,6.0,False,0,0,0,C,15,BREAD/BAKERY,2708,1,0,1,2014,5,21,73
10,103520,2014-05-23,1.0,False,0,0,0,C,15,GROCERY I,1028,0,0,1,2014,5,21,73
10,1149579,2014-05-24,9.0,False,0,1,0,C,15,BREAD/BAKERY,2708,1,0,1,2014,6,21,73
10,103520,2014-05-24,3.0,False,0,1,0,C,15,GROCERY I,1028,0,0,1,2014,6,21,73
10,103520,2014-05-25,2.0,False,0,0,0,C,15,GROCERY I,1028,0,0,1,2014,7,21,73
10,1149579,2014-05-25,5.0,False,0,0,0,C,15,BREAD/BAKERY,2708,1,0,1,2014,7,21,73
10,1149579,2014-05-26,5.0,False,0,0,0,C,15,BREAD/BAKERY,2708,1,0,1,2014,1,22,74
10,103520,2014-05-26,,False,0,0,0,C,15,GROCERY I,1028,0,0,1,2014,1,22,74
10,103520,2014-05-27,,False,0,0,0,C,15,GROCERY I,1028,0,0,1,2014,2,22,74
10,1149579,2014-05-27,11.0,False,0,0,0,C,15,BREAD/BAKERY,2708,1,0,1,2014,2,22,74
10,103520,2014-05-28,,False,0,0,0,C,15,GROCERY I,1028,0,0,1,2014,3,22,74
10,1149579,2014-05-28,5.0,False,0,0,0,C,15,BREAD/BAKERY,2708,1,0,1,2014,3,22,74
10,103520,2014-05-29,1.0,False,0,0,0,C,15,GROCERY I,1028,0,0,1,2014,4,22,74
10,1149579,2014-05-29,5.0,False,0,0,0,C,15,BREAD/BAKERY,2708,1,0,1,2014,4,22,74
10,103520,2014-05-30,4.0,False,0,0,0,C,15,GROCERY I,1028,0,0,1,2014,5,22,74
10,1149579,2014-05-30,5.0,False,0,0,0,C,15,BREAD/BAKERY,2708,1,0,1,2014,5,22,74
10,103520,2014-05-31,1.0,False,0,0,0,C,15,GROCERY I,1028,0,0,1,2014,6,22,74
10,1149579,2014-05-31,8.0,False,0,0,0,C,15,BREAD/BAKERY,2708,1,0,1,2014,6,22,74
10,1149579,2014-06-01,3.0,False,0,0,0,C,15,BREAD/BAKERY,2708,1,0,1,2014,7,22,74
10,103520,2014-06-01,,False,0,0,0,C,15,GROCERY I,1028,0,0,1,2014,7,22,74
10,1149579,2014-06-02,13.0,False,0,0,0,C,15,BREAD/BAKERY,2708,1,0,1,2014,1,23,75
10,103520,2014-06-02,,False,0,0,0,C,15,GROCERY I,1028,0,0,1,2014,1,23,75
10,103520,2014-06-03,,False,0,0,0,C,15,GROCERY I,1028,0,0,1,2014,2,23,75
10,1149579,2014-06-03,7.0,False,0,0,0,C,15,BREAD/BAKERY,2708,1,0,1,2014,2,23,75
10,1149579,2014-06-04,6.0,False,0,0,0,C,15,BREAD/BAKERY,2708,1,0,1,2014,3,23,75
10,103520,2014-06-04,,False,0,0,0,C,15,GROCERY I,1028,0,0,1,2014,3,23,75
10,103520,2014-06-05,,False,0,0,0,C,15,GROCERY I,1028,0,0,1,2014,4,23,75
10,1149579,2014-06-05,,False,0,0,0,C,15,BREAD/BAKERY,2708,1,0,1,2014,4,23,75
10,103520,2014-06-06,1.0,False,0,0,0,C,15,GROCERY I,1028,0,0,1,2014,5,23,75
10,1149579,2014-06-06,8.0,False,0,0,0,C,15,BREAD/BAKERY,2708,1,0,1,2014,5,23,75
10,1149579,2014-06-07,,False,0,0,0,C,15,BREAD/BAKERY,2708,1,0,1,2014,6,23,75
10,103520,2014-06-07,1.0,False,0,0,0,C,15,GROCERY I,1028,0,0,1,2014,6,23,75
10,103520,2014-06-08,,False,0,0,0,C,15,GROCERY I,1028,0,0,1,2014,7,23,75
10,1149579,2014-06-08,7.0,False,0,0,0,C,15,BREAD/BAKERY,2708,1,0,1,2014,7,23,75
10,1149579,2014-06-09,8.0,False,0,0,0,C,15,BREAD/BAKERY,2708,1,0,1,2014,1,24,76
10,103520,2014-06-09,1.0,False,0,0,0,C,15,GROCERY I,1028,0,0,1,2014,1,24,76
10,103520,2014-06-10,1.0,False,0,0,0,C,15,GROCERY I,1028,0,0,1,2014,2,24,76
10,1149579,2014-06-10,7.0,False,0,0,0,C,15,BREAD/BAKERY,2708,1,0,1,2014,2,24,76
10,103520,2014-06-11,2.0,False,0,0,0,C,15,GROCERY I,1028,0,0,1,2014,3,24,76
10,1149579,2014-06-11,2.0,False,0,0,0,C,15,BREAD/BAKERY,2708,1,0,1,2014,3,24,76
10,103520,2014-06-12,5.0,False,0,1,0,C,15,GROCERY I,1028,0,0,1,2014,4,24,76
10,1149579,2014-06-12,,False,0,1,0,C,15,BREAD/BAKERY,2708,1,0,1,2014,4,24,76
10,103520,2014-06-13,6.0,False,0,0,0,C,15,GROCERY I,1028,0,0,1,2014,5,24,76
10,1149579,2014-06-13,4.0,False,0,0,0,C,15,BREAD/BAKERY,2708,1,0,1,2014,5,24,76
10,103520,2014-06-14,3.0,False,0,0,0,C,15,GROCERY I,1028,0,0,1,2014,6,24,76
10,1149579,2014-06-14,7.0,False,0,0,0,C,15,BREAD/BAKERY,2708,1,0,1,2014,6,24,76
10,1149579,2014-06-15,8.0,False,0,1,0,C,15,BREAD/BAKERY,2708,1,0,1,2014,7,24,76
10,103520,2014-06-15,4.0,False,0,1,0,C,15,GROCERY I,1028,0,0,1,2014,7,24,76
10,1149579,2014-06-16,4.0,False,0,0,0,C,15,BREAD/BAKERY,2708,1,0,1,2014,1,25,77
10,103520,2014-06-16,1.0,False,0,0,0,C,15,GROCERY I,1028,0,0,1,2014,1,25,77
10,103520,2014-06-17,,False,0,0,0,C,15,GROCERY I,1028,0,0,1,2014,2,25,77
10,1149579,2014-06-17,7.0,False,0,0,0,C,15,BREAD/BAKERY,2708,1,0,1,2014,2,25,77
10,103520,2014-06-18,,False,0,0,0,C,15,GROCERY I,1028,0,0,1,2014,3,25,77
10,1149579,2014-06-18,4.0,False,0,0,0,C,15,BREAD/BAKERY,2708,1,0,1,2014,3,25,77
10,1149579,2014-06-19,,False,0,0,0,C,15,BREAD/BAKERY,2708,1,0,1,2014,4,25,77
10,103520,2014-06-19,,False,0,0,0,C,15,GROCERY I,1028,0,0,1,2014,4,25,77
10,1149579,2014-06-20,,False,0,1,0,C,15,BREAD/BAKERY,2708,1,0,1,2014,5,25,77
10,103520,2014-06-20,2.0,False,0,1,0,C,15,GROCERY I,1028,0,0,1,2014,5,25,77
10,103520,2014-06-21,2.0,False,0,0,0,C,15,GROCERY I,1028,0,0,1,2014,6,25,77
10,1149579,2014-06-21,6.0,False,0,0,0,C,15,BREAD/BAKERY,2708,1,0,1,2014,6,25,77
10,103520,2014-06-22,,False,0,0,0,C,15,GROCERY I,1028,0,0,1,2014,7,25,77
10,1149579,2014-06-22,12.0,False,0,0,0,C,15,BREAD/BAKERY,2708,1,0,1,2014,7,25,77
10,103520,2014-06-23,,False,0,0,0,C,15,GROCERY I,1028,0,0,1,2014,1,26,78
10,1149579,2014-06-23,6.0,False,0,0,0,C,15,BREAD/BAKERY,2708,1,0,1,2014,1,26,78
10,1149579,2014-06-24,3.0,False,0,0,0,C,15,BREAD/BAKERY,2708,1,0,1,2014,2,26,78
10,103520,2014-06-24,1.0,False,0,0,0,C,15,GROCERY I,1028,0,0,1,2014,2,26,78
10,103520,2014-06-25,,False,0,1,0,C,15,GROCERY I,1028,0,0,1,2014,3,26,78
10,1149579,2014-06-25,5.0,False,0,1,0,C,15,BREAD/BAKERY,2708,1,0,1,2014,3,26,78
10,103520,2014-06-26,,False,0,0,0,C,15,GROCERY I,1028,0,0,1,2014,4,26,78
10,1149579,2014-06-26,2.0,False,0,0,0,C,15,BREAD/BAKERY,2708,1,0,1,2014,4,26,78
10,1149579,2014-06-27,4.0,False,0,0,0,C,15,BREAD/BAKERY,2708,1,0,1,2014,5,26,78
10,103520,2014-06-27,1.0,False,0,0,0,C,15,GROCERY I,1028,0,0,1,2014,5,26,78
10,1149579,2014-06-28,4.0,False,0,1,0,C,15,BREAD/BAKERY,2708,1,0,1,2014,6,26,78
10,103520,2014-06-28,1.0,False,0,1,0,C,15,GROCERY I,1028,0,0,1,2014,6,26,78
10,103520,2014-06-29,,False,0,1,0,C,15,GROCERY I,1028,0,0,1,2014,7,26,78
10,1149579,2014-06-29,8.0,False,0,1,0,C,15,BREAD/BAKERY,2708,1,0,1,2014,7,26,78
10,1149579,2014-06-30,7.0,False,0,1,0,C,15,BREAD/BAKERY,2708,1,0,1,2014,1,27,79
10,103520,2014-06-30,,False,0,1,0,C,15,GROCERY I,1028,0,0,1,2014,1,27,79
10,103520,2014-07-01,,False,0,1,0,C,15,GROCERY I,1028,0,0,1,2014,2,27,79
10,1149579,2014-07-01,2.0,False,0,1,0,C,15,BREAD/BAKERY,2708,1,0,1,2014,2,27,79
10,1149579,2014-07-02,12.0,False,0,0,0,C,15,BREAD/BAKERY,2708,1,0,1,2014,3,27,79
10,103520,2014-07-02,,False,0,0,0,C,15,GROCERY I,1028,0,0,1,2014,3,27,79
10,103520,2014-07-03,,False,0,0,0,C,15,GROCERY I,1028,0,0,1,2014,4,27,79
10,1149579,2014-07-03,4.0,False,0,0,0,C,15,BREAD/BAKERY,2708,1,0,1,2014,4,27,79
10,103520,2014-07-04,6.0,False,0,1,0,C,15,GROCERY I,1028,0,0,1,2014,5,27,79
10,1149579,2014-07-04,5.0,False,0,1,0,C,15,BREAD/BAKERY,2708,1,0,1,2014,5,27,79
10,1149579,2014-07-05,9.0,False,0,1,0,C,15,BREAD/BAKERY,2708,1,0,1,2014,6,27,79
10,103520,2014-07-05,2.0,False,0,1,0,C,15,GROCERY I,1028,0,0,1,2014,6,27,79
10,103520,2014-07-06,,False,0,0,0,C,15,GROCERY I,1028,0,0,1,2014,7,27,79
10,1149579,2014-07-06,5.0,False,0,0,0,C,15,BREAD/BAKERY,2708,1,0,1,2014,7,27,79
10,103520,2014-07-07,,False,0,0,0,C,15,GROCERY I,1028,0,0,1,2014,1,28,80
10,1149579,2014-07-07,3.0,False,0,0,0,C,15,BREAD/BAKERY,2708,1,0,1,2014,1,28,80
10,1149579,2014-07-08,9.0,False,0,1,0,C,15,BREAD/BAKERY,2708,1,0,1,2014,2,28,80
10,103520,2014-07-08,3.0,False,0,1,0,C,15,GROCERY I,1028,0,0,1,2014,2,28,80
10,103520,2014-07-09,1.0,False,0,1,0,C,15,GROCERY I,1028,0,0,1,2014,3,28,80
10,1149579,2014-07-09,6.0,False,0,1,0,C,15,BREAD/BAKERY,2708,1,0,1,2014,3,28,80
10,1149579,2014-07-10,1.0,False,0,0,0,C,15,BREAD/BAKERY,2708,1,0,1,2014,4,28,80
10,103520,2014-07-10,,False,0,0,0,C,15,GROCERY I,1028,0,0,1,2014,4,28,80
10,103520,2014-07-11,2.0,False,0,0,0,C,15,GROCERY I,1028,0,0,1,2014,5,28,80
10,1149579,2014-07-11,8.0,False,0,0,0,C,15,BREAD/BAKERY,2708,1,0,1,2014,5,28,80
10,103520,2014-07-12,2.0,False,0,1,0,C,15,GROCERY I,1028,0,0,1,2014,6,28,80
10,1149579,2014-07-12,8.0,False,0,1,0,C,15,BREAD/BAKERY,2708,1,0,1,2014,6,28,80
10,103520,2014-07-13,,False,0,1,0,C,15,GROCERY I,1028,0,0,1,2014,7,28,80
10,1149579,2014-07-13,,False,0,1,0,C,15,BREAD/BAKERY,2708,1,0,1,2014,7,28,80
10,103520,2014-07-14,2.0,False,0,0,0,C,15,GROCERY I,1028,0,0,1,2014,1,29,81
10,1149579,2014-07-14,10.0,False,0,0,0,C,15,BREAD/BAKERY,2708,1,0,1,2014,1,29,81
10,1149579,2014-07-15,2.0,False,0,0,0,C,15,BREAD/BAKERY,2708,1,0,1,2014,2,29,81
10,103520,2014-07-15,11.0,False,0,0,0,C,15,GROCERY I,1028,0,0,1,2014,2,29,81
10,1149579,2014-07-16,8.0,False,0,0,0,C,15,BREAD/BAKERY,2708,1,0,1,2014,3,29,81
10,103520,2014-07-16,2.0,False,0,0,0,C,15,GROCERY I,1028,0,0,1,2014,3,29,81
10,1149579,2014-07-17,,False,0,0,0,C,15,BREAD/BAKERY,2708,1,0,1,2014,4,29,81
10,103520,2014-07-17,,False,0,0,0,C,15,GROCERY I,1028,0,0,1,2014,4,29,81
10,103520,2014-07-18,3.0,False,0,0,0,C,15,GROCERY I,1028,0,0,1,2014,5,29,81
10,1149579,2014-07-18,1.0,False,0,0,0,C,15,BREAD/BAKERY,2708,1,0,1,2014,5,29,81
10,103520,2014-07-19,4.0,False,0,0,0,C,15,GROCERY I,1028,0,0,1,2014,6,29,81
10,1149579,2014-07-19,1.0,False,0,0,0,C,15,BREAD/BAKERY,2708,1,0,1,2014,6,29,81
10,1149579,2014-07-20,6.0,False,0,0,0,C,15,BREAD/BAKERY,2708,1,0,1,2014,7,29,81
10,103520,2014-07-20,1.0,False,0,0,0,C,15,GROCERY I,1028,0,0,1,2014,7,29,81
10,103520,2014-07-21,1.0,False,0,0,0,C,15,GROCERY I,1028,0,0,1,2014,1,30,82
10,1149579,2014-07-21,4.0,False,0,0,0,C,15,BREAD/BAKERY,2708,1,0,1,2014,1,30,82
10,103520,2014-07-22,1.0,False,0,0,0,C,15,GROCERY I,1028,0,0,1,2014,2,30,82
10,1149579,2014-07-22,8.0,False,0,0,0,C,15,BREAD/BAKERY,2708,1,0,1,2014,2,30,82
10,1149579,2014-07-23,3.0,False,0,0,0,C,15,BREAD/BAKERY,2708,1,0,1,2014,3,30,82
10,103520,2014-07-23,,False,0,0,0,C,15,GROCERY I,1028,0,0,1,2014,3,30,82
10,103520,2014-07-24,2.0,False,0,0,0,C,15,GROCERY I,1028,0,0,1,2014,4,30,82
10,1149579,2014-07-24,6.0,False,0,0,0,C,15,BREAD/BAKERY,2708,1,0,1,2014,4,30,82
10,103520,2014-07-25,1.0,False,0,0,0,C,15,GROCERY I,1028,0,0,1,2014,5,30,82
10,1149579,2014-07-25,1.0,False,0,0,0,C,15,BREAD/BAKERY,2708,1,0,1,2014,5,30,82
10,103520,2014-07-26,1.0,False,0,0,0,C,15,GROCERY I,1028,0,0,1,2014,6,30,82
10,1149579,2014-07-26,5.0,False,0,0,0,C,15,BREAD/BAKERY,2708,1,0,1,2014,6,30,82
10,1149579,2014-07-27,6.0,False,0,0,0,C,15,BREAD/BAKERY,2708,1,0,1,2014,7,30,82
10,103520,2014-07-27,,False,0,0,0,C,15,GROCERY I,1028,0,0,1,2014,7,30,82
10,103520,2014-07-28,,False,0,0,0,C,15,GROCERY I,1028,0,0,1,2014,1,31,83
10,1149579,2014-07-28,5.0,False,0,0,0,C,15,BREAD/BAKERY,2708,1,0,1,2014,1,31,83
10,1149579,2014-07-29,7.0,False,0,0,0,C,15,BREAD/BAKERY,2708,1,0,1,2014,2,31,83
10,103520,2014-07-29,,False,0,0,0,C,15,GROCERY I,1028,0,0,1,2014,2,31,83
10,103520,2014-07-30,,False,0,0,0,C,15,GROCERY I,1028,0,0,1,2014,3,31,83
10,1149579,2014-07-30,7.0,False,0,0,0,C,15,BREAD/BAKERY,2708,1,0,1,2014,3,31,83
10,103520,2014-07-31,,False,0,0,0,C,15,GROCERY I,1028,0,0,1,2014,4,31,83
10,1149579,2014-07-31,,False,0,0,0,C,15,BREAD/BAKERY,2708,1,0,1,2014,4,31,83
10,103520,2014-08-01,2.0,False,0,0,0,C,15,GROCERY I,1028,0,0,1,2014,5,31,83
10,1149579,2014-08-01,4.0,False,0,0,0,C,15,BREAD/BAKERY,2708,1,0,1,2014,5,31,83
10,103520,2014-08-02,,False,0,0,0,C,15,GROCERY I,1028,0,0,1,2014,6,31,83
10,1149579,2014-08-02,2.0,False,0,0,0,C,15,BREAD/BAKERY,2708,1,0,1,2014,6,31,83
10,1149579,2014-08-03,2.0,False,0,0,0,C,15,BREAD/BAKERY,2708,1,0,1,2014,7,31,83
10,103520,2014-08-03,1.0,False,0,0,0,C,15,GROCERY I,1028,0,0,1,2014,7,31,83
10,103520,2014-08-04,1.0,False,0,0,0,C,15,GROCERY I,1028,0,0,1,2014,1,32,84
10,1149579,2014-08-04,8.0,False,0,0,0,C,15,BREAD/BAKERY,2708,1,0,1,2014,1,32,84
10,1149579,2014-08-05,9.0,False,0,0,0,C,15,BREAD/BAKERY,2708,1,0,1,2014,2,32,84
10,103520,2014-08-05,,False,0,0,0,C,15,GROCERY I,1028,0,0,1,2014,2,32,84
10,1149579,2014-08-06,5.0,False,0,0,0,C,15,BREAD/BAKERY,2708,1,0,1,2014,3,32,84
10,103520,2014-08-06,,False,0,0,0,C,15,GROCERY I,1028,0,0,1,2014,3,32,84
10,1149579,2014-08-07,4.0,False,0,0,0,C,15,BREAD/BAKERY,2708,1,0,1,2014,4,32,84
10,103520,2014-08-07,,False,0,0,0,C,15,GROCERY I,1028,0,0,1,2014,4,32,84
10,1149579,2014-08-08,4.0,False,0,0,0,C,15,BREAD/BAKERY,2708,1,0,1,2014,5,32,84
10,103520,2014-08-08,,False,0,0,0,C,15,GROCERY I,1028,0,0,1,2014,5,32,84
10,103520,2014-08-09,4.0,False,0,0,0,C,15,GROCERY I,1028,0,0,1,2014,6,32,84
10,1149579,2014-08-09,9.0,False,0,0,0,C,15,BREAD/BAKERY,2708,1,0,1,2014,6,32,84
10,1149579,2014-08-10,4.0,False,0,1,0,C,15,BREAD/BAKERY,2708,1,0,1,2014,7,32,84
10,103520,2014-08-10,,False,0,1,0,C,15,GROCERY I,1028,0,0,1,2014,7,32,84
10,1149579,2014-08-11,6.0,False,0,0,0,C,15,BREAD/BAKERY,2708,1,0,1,2014,1,33,85
10,103520,2014-08-11,,False,0,0,0,C,15,GROCERY I,1028,0,0,1,2014,1,33,85
10,103520,2014-08-12,2.0,False,0,0,0,C,15,GROCERY I,1028,0,0,1,2014,2,33,85
10,1149579,2014-08-12,6.0,False,0,0,0,C,15,BREAD/BAKERY,2708,1,0,1,2014,2,33,85
10,1149579,2014-08-13,8.0,False,0,0,0,C,15,BREAD/BAKERY,2708,1,0,1,2014,3,33,85
10,103520,2014-08-13,,False,0,0,0,C,15,GROCERY I,1028,0,0,1,2014,3,33,85
10,103520,2014-08-14,2.0,False,0,0,0,C,15,GROCERY I,1028,0,0,1,2014,4,33,85
10,1149579,2014-08-14,2.0,False,0,0,0,C,15,BREAD/BAKERY,2708,1,0,1,2014,4,33,85
10,103520,2014-08-15,1.0,False,0,0,0,C,15,GROCERY I,1028,0,0,1,2014,5,33,85
10,1149579,2014-08-15,3.0,False,0,0,0,C,15,BREAD/BAKERY,2708,1,0,1,2014,5,33,85
10,103520,2014-08-16,1.0,False,0,0,0,C,15,GROCERY I,1028,0,0,1,2014,6,33,85
10,1149579,2014-08-16,4.0,False,0,0,0,C,15,BREAD/BAKERY,2708,1,0,1,2014,6,33,85
10,103520,2014-08-17,,False,0,0,0,C,15,GROCERY I,1028,0,0,1,2014,7,33,85
10,1149579,2014-08-17,7.0,False,0,0,0,C,15,BREAD/BAKERY,2708,1,0,1,2014,7,33,85
10,1149579,2014-08-18,8.0,False,0,0,0,C,15,BREAD/BAKERY,2708,1,0,1,2014,1,34,86
10,103520,2014-08-18,1.0,False,0,0,0,C,15,GROCERY I,1028,0,0,1,2014,1,34,86
10,1149579,2014-08-19,4.0,False,0,0,0,C,15,BREAD/BAKERY,2708,1,0,1,2014,2,34,86
10,103520,2014-08-19,,False,0,0,0,C,15,GROCERY I,1028,0,0,1,2014,2,34,86
10,103520,2014-08-20,1.0,False,0,0,0,C,15,GROCERY I,1028,0,0,1,2014,3,34,86
10,1149579,2014-08-20,5.0,False,0,0,0,C,15,BREAD/BAKERY,2708,1,0,1,2014,3,34,86
10,103520,2014-08-21,6.0,False,0,0,0,C,15,GROCERY I,1028,0,0,1,2014,4,34,86
10,1149579,2014-08-21,2.0,False,0,0,0,C,15,BREAD/BAKERY,2708,1,0,1,2014,4,34,86
10,103520,2014-08-22,1.0,False,0,0,0,C,15,GROCERY I,1028,0,0,1,2014,5,34,86
10,1149579,2014-08-22,,False,0,0,0,C,15,BREAD/BAKERY,2708,1,0,1,2014,5,34,86
10,103520,2014-08-23,3.0,False,0,0,0,C,15,GROCERY I,1028,0,0,1,2014,6,34,86
10,1149579,2014-08-23,2.0,False,0,0,0,C,15,BREAD/BAKERY,2708,1,0,1,2014,6,34,86
10,1149579,2014-08-24,4.0,False,0,0,0,C,15,BREAD/BAKERY,2708,1,0,1,2014,7,34,86
10,103520,2014-08-24,1.0,False,0,0,0,C,15,GROCERY I,1028,0,0,1,2014,7,34,86
10,1149579,2014-08-25,9.0,False,0,0,0,C,15,BREAD/BAKERY,2708,1,0,1,2014,1,35,87
10,103520,2014-08-25,,False,0,0,0,C,15,GROCERY I,1028,0,0,1,2014,1,35,87
10,103520,2014-08-26,4.0,False,0,0,0,C,15,GROCERY I,1028,0,0,1,2014,2,35,87
10,1149579,2014-08-26,9.0,False,0,0,0,C,15,BREAD/BAKERY,2708,1,0,1,2014,2,35,87
10,1149579,2014-08-27,3.0,False,0,0,0,C,15,BREAD/BAKERY,2708,1,0,1,2014,3,35,87
10,103520,2014-08-27,2.0,False,0,0,0,C,15,GROCERY I,1028,0,0,1,2014,3,35,87
10,103520,2014-08-28,6.0,False,0,0,0,C,15,GROCERY I,1028,0,0,1,2014,4,35,87
10,1149579,2014-08-28,3.0,False,0,0,0,C,15,BREAD/BAKERY,2708,1,0,1,2014,4,35,87
10,103520,2014-08-29,6.0,False,0,0,0,C,15,GROCERY I,1028,0,0,1,2014,5,35,87
10,1149579,2014-08-29,10.0,False,0,0,0,C,15,BREAD/BAKERY,2708,1,0,1,2014,5,35,87
10,1149579,2014-08-30,,False,0,0,0,C,15,BREAD/BAKERY,2708,1,0,1,2014,6,35,87
10,103520,2014-08-30,4.0,False,0,0,0,C,15,GROCERY I,1028,0,0,1,2014,6,35,87
10,1149579,2014-08-31,7.0,False,0,0,0,C,15,BREAD/BAKERY,2708,1,0,1,2014,7,35,87
10,103520,2014-08-31,2.0,False,0,0,0,C,15,GROCERY I,1028,0,0,1,2014,7,35,87
10,103520,2014-09-01,,False,0,0,0,C,15,GROCERY I,1028,0,0,1,2014,1,36,88
10,1149579,2014-09-01,1.0,False,0,0,0,C,15,BREAD/BAKERY,2708,1,0,1,2014,1,36,88
10,103520,2014-09-02,1.0,False,0,0,0,C,15,GROCERY I,1028,0,0,1,2014,2,36,88
10,1149579,2014-09-02,,False,0,0,0,C,15,BREAD/BAKERY,2708,1,0,1,2014,2,36,88
10,1149579,2014-09-03,,False,0,0,0,C,15,BREAD/BAKERY,2708,1,0,1,2014,3,36,88
10,103520,2014-09-03,,False,0,0,0,C,15,GROCERY I,1028,0,0,1,2014,3,36,88
10,1149579,2014-09-04,,False,0,0,0,C,15,BREAD/BAKERY,2708,1,0,1,2014,4,36,88
10,103520,2014-09-04,5.0,False,0,0,0,C,15,GROCERY I,1028,0,0,1,2014,4,36,88
10,103520,2014-09-05,,False,0,0,0,C,15,GROCERY I,1028,0,0,1,2014,5,36,88
10,1149579,2014-09-05,3.0,False,0,0,0,C,15,BREAD/BAKERY,2708,1,0,1,2014,5,36,88
10,1149579,2014-09-06,3.0,False,0,0,0,C,15,BREAD/BAKERY,2708,1,0,1,2014,6,36,88
10,103520,2014-09-06,1.0,False,0,0,0,C,15,GROCERY I,1028,0,0,1,2014,6,36,88
10,103520,2014-09-07,,False,0,0,0,C,15,GROCERY I,1028,0,0,1,2014,7,36,88
10,1149579,2014-09-07,9.0,False,0,0,0,C,15,BREAD/BAKERY,2708,1,0,1,2014,7,36,88
10,1149579,2014-09-08,8.0,False,0,0,0,C,15,BREAD/BAKERY,2708,1,0,1,2014,1,37,89
10,103520,2014-09-08,,False,0,0,0,C,15,GROCERY I,1028,0,0,1,2014,1,37,89
10,103520,2014-09-09,,False,0,0,0,C,15,GROCERY I,1028,0,0,1,2014,2,37,89
10,1149579,2014-09-09,5.0,False,0,0,0,C,15,BREAD/BAKERY,2708,1,0,1,2014,2,37,89
10,1149579,2014-09-10,3.0,False,0,0,0,C,15,BREAD/BAKERY,2708,1,0,1,2014,3,37,89
10,103520,2014-09-10,,False,0,0,0,C,15,GROCERY I,1028,0,0,1,2014,3,37,89
10,1149579,2014-09-11,5.0,False,0,0,0,C,15,BREAD/BAKERY,2708,1,0,1,2014,4,37,89
10,103520,2014-09-11,,False,0,0,0,C,15,GROCERY I,1028,0,0,1,2014,4,37,89
10,1149579,2014-09-12,3.0,False,0,0,0,C,15,BREAD/BAKERY,2708,1,0,1,2014,5,37,89
10,103520,2014-09-12,2.0,False,0,0,0,C,15,GROCERY I,1028,0,0,1,2014,5,37,89
10,103520,2014-09-13,,False,0,0,0,C,15,GROCERY I,1028,0,0,1,2014,6,37,89
10,1149579,2014-09-13,7.0,False,0,0,0,C,15,BREAD/BAKERY,2708,1,0,1,2014,6,37,89
10,103520,2014-09-14,2.0,False,0,0,0,C,15,GROCERY I,1028,0,0,1,2014,7,37,89
10,1149579,2014-09-14,1.0,False,0,0,0,C,15,BREAD/BAKERY,2708,1,0,1,2014,7,37,89
10,1149579,2014-09-15,6.0,False,0,0,0,C,15,BREAD/BAKERY,2708,1,0,1,2014,1,38,90
10,103520,2014-09-15,,False,0,0,0,C,15,GROCERY I,1028,0,0,1,2014,1,38,90
10,1149579,2014-09-16,2.0,False,0,0,0,C,15,BREAD/BAKERY,2708,1,0,1,2014,2,38,90
10,103520,2014-09-16,4.0,False,0,0,0,C,15,GROCERY I,1028,0,0,1,2014,2,38,90
10,103520,2014-09-17,6.0,False,0,0,0,C,15,GROCERY I,1028,0,0,1,2014,3,38,90
10,1149579,2014-09-17,5.0,False,0,0,0,C,15,BREAD/BAKERY,2708,1,0,1,2014,3,38,90
10,103520,2014-09-18,1.0,False,0,0,0,C,15,GROCERY I,1028,0,0,1,2014,4,38,90
10,1149579,2014-09-18,1.0,False,0,0,0,C,15,BREAD/BAKERY,2708,1,0,1,2014,4,38,90
10,103520,2014-09-19,1.0,False,0,0,0,C,15,GROCERY I,1028,0,0,1,2014,5,38,90
10,1149579,2014-09-19,6.0,False,0,0,0,C,15,BREAD/BAKERY,2708,1,0,1,2014,5,38,90
10,1149579,2014-09-20,3.0,False,0,0,0,C,15,BREAD/BAKERY,2708,1,0,1,2014,6,38,90
10,103520,2014-09-20,3.0,False,0,0,0,C,15,GROCERY I,1028,0,0,1,2014,6,38,90
10,1149579,2014-09-21,7.0,False,0,0,0,C,15,BREAD/BAKERY,2708,1,0,1,2014,7,38,90
10,103520,2014-09-21,1.0,False,0,0,0,C,15,GROCERY I,1028,0,0,1,2014,7,38,90
10,1149579,2014-09-22,2.0,False,0,0,0,C,15,BREAD/BAKERY,2708,1,0,1,2014,1,39,91
10,103520,2014-09-22,,False,0,0,0,C,15,GROCERY I,1028,0,0,1,2014,1,39,91
10,103520,2014-09-23,1.0,False,0,0,0,C,15,GROCERY I,1028,0,0,1,2014,2,39,91
10,1149579,2014-09-23,3.0,False,0,0,0,C,15,BREAD/BAKERY,2708,1,0,1,2014,2,39,91
10,103520,2014-09-24,,False,0,0,0,C,15,GROCERY I,1028,0,0,1,2014,3,39,91
10,1149579,2014-09-24,3.0,False,0,0,0,C,15,BREAD/BAKERY,2708,1,0,1,2014,3,39,91
10,1149579,2014-09-25,,False,0,0,0,C,15,BREAD/BAKERY,2708,1,0,1,2014,4,39,91
10,103520,2014-09-25,,False,0,0,0,C,15,GROCERY I,1028,0,0,1,2014,4,39,91
10,103520,2014-09-26,,False,0,0,0,C,15,GROCERY I,1028,0,0,1,2014,5,39,91
10,1149579,2014-09-26,1.0,False,0,0,0,C,15,BREAD/BAKERY,2708,1,0,1,2014,5,39,91
10,103520,2014-09-27,1.0,False,0,0,0,C,15,GROCERY I,1028,0,0,1,2014,6,39,91
10,1149579,2014-09-27,6.0,False,0,0,0,C,15,BREAD/BAKERY,2708,1,0,1,2014,6,39,91
10,1149579,2014-09-28,8.0,False,0,0,0,C,15,BREAD/BAKERY,2708,1,0,1,2014,7,39,91
10,103520,2014-09-28,,False,0,0,0,C,15,GROCERY I,1028,0,0,1,2014,7,39,91
10,103520,2014-09-29,1.0,False,0,0,0,C,15,GROCERY I,1028,0,0,1,2014,1,40,92
10,1149579,2014-09-29,4.0,False,0,0,0,C,15,BREAD/BAKERY,2708,1,0,1,2014,1,40,92
10,103520,2014-09-30,,False,0,0,0,C,15,GROCERY I,1028,0,0,1,2014,2,40,92
10,1149579,2014-09-30,2.0,False,0,0,0,C,15,BREAD/BAKERY,2708,1,0,1,2014,2,40,92
10,1149579,2014-10-01,,False,0,0,0,C,15,BREAD/BAKERY,2708,1,0,1,2014,3,40,92
10,103520,2014-10-01,,False,0,0,0,C,15,GROCERY I,1028,0,0,1,2014,3,40,92
10,1149579,2014-10-02,11.0,False,0,0,0,C,15,BREAD/BAKERY,2708,1,0,1,2014,4,40,92
10,103520,2014-10-02,1.0,False,0,0,0,C,15,GROCERY I,1028,0,0,1,2014,4,40,92
10,103520,2014-10-03,,False,0,0,0,C,15,GROCERY I,1028,0,0,1,2014,5,40,92
10,1149579,2014-10-03,3.0,False,0,0,0,C,15,BREAD/BAKERY,2708,1,0,1,2014,5,40,92
10,103520,2014-10-04,2.0,False,0,0,0,C,15,GROCERY I,1028,0,0,1,2014,6,40,92
10,1149579,2014-10-04,7.0,False,0,0,0,C,15,BREAD/BAKERY,2708,1,0,1,2014,6,40,92
10,1149579,2014-10-05,9.0,False,0,0,0,C,15,BREAD/BAKERY,2708,1,0,1,2014,7,40,92
10,103520,2014-10-05,2.0,False,0,0,0,C,15,GROCERY I,1028,0,0,1,2014,7,40,92
10,1149579,2014-10-06,1.0,False,0,0,0,C,15,BREAD/BAKERY,2708,1,0,1,2014,1,41,93
10,103520,2014-10-06,1.0,False,0,0,0,C,15,GROCERY I,1028,0,0,1,2014,1,41,93
10,103520,2014-10-07,,False,0,0,0,C,15,GROCERY I,1028,0,0,1,2014,2,41,93
10,1149579,2014-10-07,,False,0,0,0,C,15,BREAD/BAKERY,2708,1,0,1,2014,2,41,93
10,1149579,2014-10-08,6.0,False,0,0,0,C,15,BREAD/BAKERY,2708,1,0,1,2014,3,41,93
10,103520,2014-10-08,2.0,False,0,0,0,C,15,GROCERY I,1028,0,0,1,2014,3,41,93
10,1149579,2014-10-09,2.0,False,0,1,0,C,15,BREAD/BAKERY,2708,1,0,1,2014,4,41,93
10,103520,2014-10-09,1.0,False,0,1,0,C,15,GROCERY I,1028,0,0,1,2014,4,41,93
10,103520,2014-10-10,4.0,False,0,1,0,C,15,GROCERY I,1028,0,0,1,2014,5,41,93
10,1149579,2014-10-10,,False,0,1,0,C,15,BREAD/BAKERY,2708,1,0,1,2014,5,41,93
10,1149579,2014-10-11,6.0,False,0,0,0,C,15,BREAD/BAKERY,2708,1,0,1,2014,6,41,93
10,103520,2014-10-11,3.0,False,0,0,0,C,15,GROCERY I,1028,0,0,1,2014,6,41,93
10,1149579,2014-10-12,2.0,False,0,0,0,C,15,BREAD/BAKERY,2708,1,0,1,2014,7,41,93
10,103520,2014-10-12,1.0,False,0,0,0,C,15,GROCERY I,1028,0,0,1,2014,7,41,93
10,1149579,2014-10-13,7.0,False,0,0,0,C,15,BREAD/BAKERY,2708,1,0,1,2014,1,42,94
10,103520,2014-10-13,1.0,False,0,0,0,C,15,GROCERY I,1028,0,0,1,2014,1,42,94
10,1149579,2014-10-14,6.0,False,0,0,0,C,15,BREAD/BAKERY,2708,1,0,1,2014,2,42,94
10,103520,2014-10-14,1.0,False,0,0,0,C,15,GROCERY I,1028,0,0,1,2014,2,42,94
10,103520,2014-10-15,,False,0,0,0,C,15,GROCERY I,1028,0,0,1,2014,3,42,94
10,1149579,2014-10-15,2.0,False,0,0,0,C,15,BREAD/BAKERY,2708,1,0,1,2014,3,42,94
10,103520,2014-10-16,2.0,False,0,0,0,C,15,GROCERY I,1028,0,0,1,2014,4,42,94
10,1149579,2014-10-16,3.0,False,0,0,0,C,15,BREAD/BAKERY,2708,1,0,1,2014,4,42,94
10,103520,2014-10-17,2.0,False,0,0,0,C,15,GROCERY I,1028,0,0,1,2014,5,42,94
10,1149579,2014-10-17,2.0,False,0,0,0,C,15,BREAD/BAKERY,2708,1,0,1,2014,5,42,94
10,103520,2014-10-18,,False,0,0,0,C,15,GROCERY I,1028,0,0,1,2014,6,42,94
10,1149579,2014-10-18,5.0,False,0,0,0,C,15,BREAD/BAKERY,2708,1,0,1,2014,6,42,94
10,103520,2014-10-19,3.0,False,0,0,0,C,15,GROCERY I,1028,0,0,1,2014,7,42,94
10,1149579,2014-10-19,7.0,False,0,0,0,C,15,BREAD/BAKERY,2708,1,0,1,2014,7,42,94
10,1149579,2014-10-20,6.0,False,0,0,0,C,15,BREAD/BAKERY,2708,1,0,1,2014,1,43,95
10,103520,2014-10-20,1.0,False,0,0,0,C,15,GROCERY I,1028,0,0,1,2014,1,43,95
10,103520,2014-10-21,2.0,False,0,0,0,C,15,GROCERY I,1028,0,0,1,2014,2,43,95
10,1149579,2014-10-21,6.0,False,0,0,0,C,15,BREAD/BAKERY,2708,1,0,1,2014,2,43,95
10,1149579,2014-10-22,2.0,False,0,0,0,C,15,BREAD/BAKERY,2708,1,0,1,2014,3,43,95
10,103520,2014-10-22,1.0,False,0,0,0,C,15,GROCERY I,1028,0,0,1,2014,3,43,95
10,103520,2014-10-23,3.0,False,0,0,0,C,15,GROCERY I,1028,0,0,1,2014,4,43,95
10,1149579,2014-10-23,5.0,False,0,0,0,C,15,BREAD/BAKERY,2708,1,0,1,2014,4,43,95
10,1149579,2014-10-24,2.0,False,0,0,0,C,15,BREAD/BAKERY,2708,1,0,1,2014,5,43,95
10,103520,2014-10-24,,False,0,0,0,C,15,GROCERY I,1028,0,0,1,2014,5,43,95
10,1149579,2014-10-25,2.0,False,0,0,0,C,15,BREAD/BAKERY,2708,1,0,1,2014,6,43,95
10,103520,2014-10-25,,False,0,0,0,C,15,GROCERY I,1028,0,0,1,2014,6,43,95
10,103520,2014-10-26,2.0,False,0,0,0,C,15,GROCERY I,1028,0,0,1,2014,7,43,95
10,1149579,2014-10-26,4.0,False,0,0,0,C,15,BREAD/BAKERY,2708,1,0,1,2014,7,43,95
10,1149579,2014-10-27,8.0,False,0,0,0,C,15,BREAD/BAKERY,2708,1,0,1,2014,1,44,96
10,103520,2014-10-27,1.0,False,0,0,0,C,15,GROCERY I,1028,0,0,1,2014,1,44,96
10,103520,2014-10-28,,False,0,0,0,C,15,GROCERY I,1028,0,0,1,2014,2,44,96
10,1149579,2014-10-28,5.0,False,0,0,0,C,15,BREAD/BAKERY,2708,1,0,1,2014,2,44,96
10,1149579,2014-10-29,3.0,False,0,0,0,C,15,BREAD/BAKERY,2708,1,0,1,2014,3,44,96
10,103520,2014-10-29,1.0,False,0,0,0,C,15,GROCERY I,1028,0,0,1,2014,3,44,96
10,103520,2014-10-30,2.0,False,0,0,0,C,15,GROCERY I,1028,0,0,1,2014,4,44,96
10,1149579,2014-10-30,,False,0,0,0,C,15,BREAD/BAKERY,2708,1,0,1,2014,4,44,96
10,103520,2014-10-31,1.0,False,0,0,0,C,15,GROCERY I,1028,0,0,1,2014,5,44,96
10,1149579,2014-10-31,4.0,False,0,0,0,C,15,BREAD/BAKERY,2708,1,0,1,2014,5,44,96
10,1149579,2014-11-01,,False,0,0,0,C,15,BREAD/BAKERY,2708,1,0,1,2014,6,44,96
10,103520,2014-11-01,5.0,False,0,0,0,C,15,GROCERY I,1028,0,0,1,2014,6,44,96
10,1149579,2014-11-02,7.0,False,0,1,0,C,15,BREAD/BAKERY,2708,1,0,1,2014,7,44,96
10,103520,2014-11-02,,False,0,1,0,C,15,GROCERY I,1028,0,0,1,2014,7,44,96
10,1149579,2014-11-03,5.0,False,0,1,0,C,15,BREAD/BAKERY,2708,1,0,1,2014,1,45,97
10,103520,2014-11-03,,False,0,1,0,C,15,GROCERY I,1028,0,0,1,2014,1,45,97
10,103520,2014-11-04,,False,0,0,0,C,15,GROCERY I,1028,0,0,1,2014,2,45,97
10,1149579,2014-11-04,1.0,False,0,0,0,C,15,BREAD/BAKERY,2708,1,0,1,2014,2,45,97
10,1149579,2014-11-05,6.0,False,0,0,0,C,15,BREAD/BAKERY,2708,1,0,1,2014,3,45,97
10,103520,2014-11-05,2.0,False,0,0,0,C,15,GROCERY I,1028,0,0,1,2014,3,45,97
10,1149579,2014-11-06,3.0,False,0,0,0,C,15,BREAD/BAKERY,2708,1,0,1,2014,4,45,97
10,103520,2014-11-06,2.0,False,0,0,0,C,15,GROCERY I,1028,0,0,1,2014,4,45,97
10,1149579,2014-11-07,6.0,False,0,0,0,C,15,BREAD/BAKERY,2708,1,0,1,2014,5,45,97
10,103520,2014-11-07,1.0,False,0,0,0,C,15,GROCERY I,1028,0,0,1,2014,5,45,97
10,1149579,2014-11-08,,False,0,0,0,C,15,BREAD/BAKERY,2708,1,0,1,2014,6,45,97
10,103520,2014-11-08,1.0,False,0,0,0,C,15,GROCERY I,1028,0,0,1,2014,6,45,97
10,1149579,2014-11-09,5.0,False,0,0,0,C,15,BREAD/BAKERY,2708,1,0,1,2014,7,45,97
10,103520,2014-11-09,1.0,False,0,0,0,C,15,GROCERY I,1028,0,0,1,2014,7,45,97
10,103520,2014-11-10,1.0,False,0,0,0,C,15,GROCERY I,1028,0,0,1,2014,1,46,98
10,1149579,2014-11-10,2.0,False,0,0,0,C,15,BREAD/BAKERY,2708,1,0,1,2014,1,46,98
10,1149579,2014-11-11,8.0,False,0,0,0,C,15,BREAD/BAKERY,2708,1,0,1,2014,2,46,98
10,103520,2014-11-11,1.0,False,0,0,0,C,15,GROCERY I,1028,0,0,1,2014,2,46,98
10,103520,2014-11-12,1.0,False,0,0,0,C,15,GROCERY I,1028,0,0,1,2014,3,46,98
10,1149579,2014-11-12,7.0,False,0,0,0,C,15,BREAD/BAKERY,2708,1,0,1,2014,3,46,98
10,103520,2014-11-13,,False,0,0,0,C,15,GROCERY I,1028,0,0,1,2014,4,46,98
10,1149579,2014-11-13,1.0,False,0,0,0,C,15,BREAD/BAKERY,2708,1,0,1,2014,4,46,98
10,103520,2014-11-14,1.0,False,0,0,0,C,15,GROCERY I,1028,0,0,1,2014,5,46,98
10,1149579,2014-11-14,1.0,False,0,0,0,C,15,BREAD/BAKERY,2708,1,0,1,2014,5,46,98
10,103520,2014-11-15,2.0,False,0,0,0,C,15,GROCERY I,1028,0,0,1,2014,6,46,98
10,1149579,2014-11-15,6.0,False,0,0,0,C,15,BREAD/BAKERY,2708,1,0,1,2014,6,46,98
10,1149579,2014-11-16,4.0,False,0,0,0,C,15,BREAD/BAKERY,2708,1,0,1,2014,7,46,98
10,103520,2014-11-16,1.0,False,0,0,0,C,15,GROCERY I,1028,0,0,1,2014,7,46,98
10,103520,2014-11-17,1.0,False,0,0,0,C,15,GROCERY I,1028,0,0,1,2014,1,47,99
10,1149579,2014-11-17,2.0,False,0,0,0,C,15,BREAD/BAKERY,2708,1,0,1,2014,1,47,99
10,103520,2014-11-18,,False,0,0,0,C,15,GROCERY I,1028,0,0,1,2014,2,47,99
10,1149579,2014-11-18,2.0,False,0,0,0,C,15,BREAD/BAKERY,2708,1,0,1,2014,2,47,99
10,1149579,2014-11-19,4.0,False,0,0,0,C,15,BREAD/BAKERY,2708,1,0,1,2014,3,47,99
10,103520,2014-11-19,1.0,False,0,0,0,C,15,GROCERY I,1028,0,0,1,2014,3,47,99
10,103520,2014-11-20,,False,0,0,0,C,15,GROCERY I,1028,0,0,1,2014,4,47,99
10,1149579,2014-11-20,3.0,False,0,0,0,C,15,BREAD/BAKERY,2708,1,0,1,2014,4,47,99
10,1149579,2014-11-21,5.0,False,0,0,0,C,15,BREAD/BAKERY,2708,1,0,1,2014,5,47,99
10,103520,2014-11-21,1.0,False,0,0,0,C,15,GROCERY I,1028,0,0,1,2014,5,47,99
10,103520,2014-11-22,1.0,False,0,0,0,C,15,GROCERY I,1028,0,0,1,2014,6,47,99
10,1149579,2014-11-22,4.0,False,0,0,0,C,15,BREAD/BAKERY,2708,1,0,1,2014,6,47,99
10,1149579,2014-11-23,6.0,False,0,0,0,C,15,BREAD/BAKERY,2708,1,0,1,2014,7,47,99
10,103520,2014-11-23,,False,0,0,0,C,15,GROCERY I,1028,0,0,1,2014,7,47,99
10,103520,2014-11-24,1.0,False,0,0,0,C,15,GROCERY I,1028,0,0,1,2014,1,48,100
10,1149579,2014-11-24,1.0,False,0,0,0,C,15,BREAD/BAKERY,2708,1,0,1,2014,1,48,100
10,1149579,2014-11-25,1.0,False,0,0,0,C,15,BREAD/BAKERY,2708,1,0,1,2014,2,48,100
10,103520,2014-11-25,,False,0,0,0,C,15,GROCERY I,1028,0,0,1,2014,2,48,100
10,103520,2014-11-26,,False,0,0,0,C,15,GROCERY I,1028,0,0,1,2014,3,48,100
10,1149579,2014-11-26,2.0,False,0,0,0,C,15,BREAD/BAKERY,2708,1,0,1,2014,3,48,100
10,1149579,2014-11-27,6.0,False,0,0,0,C,15,BREAD/BAKERY,2708,1,0,1,2014,4,48,100
10,103520,2014-11-27,,False,0,0,0,C,15,GROCERY I,1028,0,0,1,2014,4,48,100
10,1149579,2014-11-28,,False,0,1,0,C,15,BREAD/BAKERY,2708,1,0,1,2014,5,48,100
10,103520,2014-11-28,2.0,False,0,1,0,C,15,GROCERY I,1028,0,0,1,2014,5,48,100
10,103520,2014-11-29,2.0,False,0,0,0,C,15,GROCERY I,1028,0,0,1,2014,6,48,100
10,1149579,2014-11-29,3.0,False,0,0,0,C,15,BREAD/BAKERY,2708,1,0,1,2014,6,48,100
10,1149579,2014-11-30,2.0,False,0,0,0,C,15,BREAD/BAKERY,2708,1,0,1,2014,7,48,100
10,103520,2014-11-30,,False,0,0,0,C,15,GROCERY I,1028,0,0,1,2014,7,48,100
10,1149579,2014-12-01,4.0,False,0,1,0,C,15,BREAD/BAKERY,2708,1,0,1,2014,1,49,101
10,103520,2014-12-01,,False,0,1,0,C,15,GROCERY I,1028,0,0,1,2014,1,49,101
10,103520,2014-12-02,1.0,False,0,0,0,C,15,GROCERY I,1028,0,0,1,2014,2,49,101
10,1149579,2014-12-02,6.0,False,0,0,0,C,15,BREAD/BAKERY,2708,1,0,1,2014,2,49,101
10,1149579,2014-12-03,1.0,False,0,0,0,C,15,BREAD/BAKERY,2708,1,0,1,2014,3,49,101
10,103520,2014-12-03,,False,0,0,0,C,15,GROCERY I,1028,0,0,1,2014,3,49,101
10,103520,2014-12-04,3.0,False,0,0,0,C,15,GROCERY I,1028,0,0,1,2014,4,49,101
10,1149579,2014-12-04,4.0,False,0,0,0,C,15,BREAD/BAKERY,2708,1,0,1,2014,4,49,101
10,1149579,2014-12-05,3.0,False,1,0,0,C,15,BREAD/BAKERY,2708,1,0,1,2014,5,49,101
10,103520,2014-12-05,,False,1,0,0,C,15,GROCERY I,1028,0,0,1,2014,5,49,101
10,103520,2014-12-06,3.0,False,1,0,0,C,15,GROCERY I,1028,0,0,1,2014,6,49,101
10,1149579,2014-12-06,2.0,False,1,0,0,C,15,BREAD/BAKERY,2708,1,0,1,2014,6,49,101
10,103520,2014-12-07,,False,0,0,0,C,15,GROCERY I,1028,0,0,1,2014,7,49,101
10,1149579,2014-12-07,5.0,False,0,0,0,C,15,BREAD/BAKERY,2708,1,0,1,2014,7,49,101
10,1149579,2014-12-08,8.0,False,0,0,0,C,15,BREAD/BAKERY,2708,1,0,1,2014,1,50,102
10,103520,2014-12-08,1.0,False,0,0,0,C,15,GROCERY I,1028,0,0,1,2014,1,50,102
10,1149579,2014-12-09,2.0,False,0,0,0,C,15,BREAD/BAKERY,2708,1,0,1,2014,2,50,102
10,103520,2014-12-09,,False,0,0,0,C,15,GROCERY I,1028,0,0,1,2014,2,50,102
10,1149579,2014-12-10,,False,0,0,0,C,15,BREAD/BAKERY,2708,1,0,1,2014,3,50,102
10,103520,2014-12-10,,False,0,0,0,C,15,GROCERY I,1028,0,0,1,2014,3,50,102
10,1149579,2014-12-11,6.0,False,0,0,0,C,15,BREAD/BAKERY,2708,1,0,1,2014,4,50,102
10,103520,2014-12-11,4.0,False,0,0,0,C,15,GROCERY I,1028,0,0,1,2014,4,50,102
10,1149579,2014-12-12,1.0,False,0,0,0,C,15,BREAD/BAKERY,2708,1,0,1,2014,5,50,102
10,103520,2014-12-12,,False,0,0,0,C,15,GROCERY I,1028,0,0,1,2014,5,50,102
10,103520,2014-12-13,3.0,False,0,0,0,C,15,GROCERY I,1028,0,0,1,2014,6,50,102
10,1149579,2014-12-13,6.0,False,0,0,0,C,15,BREAD/BAKERY,2708,1,0,1,2014,6,50,102
10,1149579,2014-12-14,2.0,False,0,0,0,C,15,BREAD/BAKERY,2708,1,0,1,2014,7,50,102
10,103520,2014-12-14,,False,0,0,0,C,15,GROCERY I,1028,0,0,1,2014,7,50,102
10,103520,2014-12-15,1.0,False,0,0,0,C,15,GROCERY I,1028,0,0,1,2014,1,51,103
10,1149579,2014-12-15,8.0,False,0,0,0,C,15,BREAD/BAKERY,2708,1,0,1,2014,1,51,103
10,1149579,2014-12-16,,False,0,0,0,C,15,BREAD/BAKERY,2708,1,0,1,2014,2,51,103
10,103520,2014-12-16,,False,0,0,0,C,15,GROCERY I,1028,0,0,1,2014,2,51,103
10,103520,2014-12-17,3.0,False,0,0,0,C,15,GROCERY I,1028,0,0,1,2014,3,51,103
10,1149579,2014-12-17,1.0,False,0,0,0,C,15,BREAD/BAKERY,2708,1,0,1,2014,3,51,103
10,1149579,2014-12-18,4.0,False,0,0,0,C,15,BREAD/BAKERY,2708,1,0,1,2014,4,51,103
10,103520,2014-12-18,4.0,False,0,0,0,C,15,GROCERY I,1028,0,0,1,2014,4,51,103
10,1149579,2014-12-19,7.0,False,0,0,0,C,15,BREAD/BAKERY,2708,1,0,1,2014,5,51,103
10,103520,2014-12-19,7.0,False,0,0,0,C,15,GROCERY I,1028,0,0,1,2014,5,51,103
10,103520,2014-12-20,4.0,False,0,1,0,C,15,GROCERY I,1028,0,0,1,2014,6,51,103
10,1149579,2014-12-20,2.0,False,0,1,0,C,15,BREAD/BAKERY,2708,1,0,1,2014,6,51,103
10,103520,2014-12-21,,False,0,1,0,C,15,GROCERY I,1028,0,0,1,2014,7,51,103
10,1149579,2014-12-21,2.0,False,0,1,0,C,15,BREAD/BAKERY,2708,1,0,1,2014,7,51,103
10,1149579,2014-12-22,3.0,False,0,1,0,C,15,BREAD/BAKERY,2708,1,0,1,2014,1,52,104
10,103520,2014-12-22,11.0,False,0,1,0,C,15,GROCERY I,1028,0,0,1,2014,1,52,104
10,1149579,2014-12-23,5.0,False,0,1,0,C,15,BREAD/BAKERY,2708,1,0,1,2014,2,52,104
10,103520,2014-12-23,10.0,False,0,1,0,C,15,GROCERY I,1028,0,0,1,2014,2,52,104
10,1149579,2014-12-24,1.0,False,0,1,0,C,15,BREAD/BAKERY,2708,1,0,1,2014,3,52,104
10,103520,2014-12-24,7.0,False,0,1,0,C,15,GROCERY I,1028,0,0,1,2014,3,52,104
10,103520,2014-12-25,0.0,False,0,1,0,C,15,GROCERY I,1028,0,4,1,2014,4,52,104
10,1149579,2014-12-25,0.0,False,0,1,0,C,15,BREAD/BAKERY,2708,1,4,1,2014,4,52,104
10,1149579,2014-12-26,,False,0,2,0,C,15,BREAD/BAKERY,2708,1,0,1,2014,5,52,104
10,103520,2014-12-26,2.0,False,0,2,0,C,15,GROCERY I,1028,0,0,1,2014,5,52,104
10,103520,2014-12-27,,False,0,0,0,C,15,GROCERY I,1028,0,0,1,2014,6,52,104
10,1149579,2014-12-27,,False,0,0,0,C,15,BREAD/BAKERY,2708,1,0,1,2014,6,52,104
10,1149579,2014-12-28,7.0,False,0,0,0,C,15,BREAD/BAKERY,2708,1,0,1,2014,7,52,104
10,103520,2014-12-28,,False,0,0,0,C,15,GROCERY I,1028,0,0,1,2014,7,52,104
10,1149579,2014-12-29,1.0,False,0,0,0,C,15,BREAD/BAKERY,2708,1,0,1,2015,1,1,105
10,103520,2014-12-29,,False,0,0,0,C,15,GROCERY I,1028,0,0,1,2015,1,1,105
10,1149579,2014-12-30,5.0,False,0,0,0,C,15,BREAD/BAKERY,2708,1,0,1,2015,2,1,105
10,103520,2014-12-30,3.0,False,0,0,0,C,15,GROCERY I,1028,0,0,1,2015,2,1,105
10,1149579,2014-12-31,3.0,False,0,1,0,C,15,BREAD/BAKERY,2708,1,0,1,2015,3,1,105
10,103520,2014-12-31,5.0,False,0,1,0,C,15,GROCERY I,1028,0,0,1,2015,3,1,105
10,1149579,2015-01-01,0.0,False,0,1,0,C,15,BREAD/BAKERY,2708,1,4,1,2015,4,1,105
10,103520,2015-01-01,0.0,False,0,1,0,C,15,GROCERY I,1028,0,4,1,2015,4,1,105
10,103520,2015-01-02,3.0,False,0,1,0,C,15,GROCERY I,1028,0,0,1,2015,5,1,105
10,1149579,2015-01-02,8.0,False,0,1,0,C,15,BREAD/BAKERY,2708,1,0,1,2015,5,1,105
10,103520,2015-01-03,3.0,False,0,0,0,C,15,GROCERY I,1028,0,0,1,2015,6,1,105
10,1149579,2015-01-03,5.0,False,0,0,0,C,15,BREAD/BAKERY,2708,1,0,1,2015,6,1,105
10,1149579,2015-01-04,9.0,False,0,0,0,C,15,BREAD/BAKERY,2708,1,0,1,2015,7,1,105
10,103520,2015-01-04,,False,0,0,0,C,15,GROCERY I,1028,0,0,1,2015,7,1,105
10,1149579,2015-01-05,3.0,False,0,0,0,C,15,BREAD/BAKERY,2708,1,0,1,2015,1,2,106
10,103520,2015-01-05,,False,0,0,0,C,15,GROCERY I,1028,0,0,1,2015,1,2,106
10,1149579,2015-01-06,6.0,False,0,0,0,C,15,BREAD/BAKERY,2708,1,0,1,2015,2,2,106
10,103520,2015-01-06,,False,0,0,0,C,15,GROCERY I,1028,0,0,1,2015,2,2,106
10,1149579,2015-01-07,6.0,False,0,0,0,C,15,BREAD/BAKERY,2708,1,0,1,2015,3,2,106
10,103520,2015-01-07,1.0,False,0,0,0,C,15,GROCERY I,1028,0,0,1,2015,3,2,106
10,103520,2015-01-08,,False,0,0,0,C,15,GROCERY I,1028,0,0,1,2015,4,2,106
10,1149579,2015-01-08,3.0,False,0,0,0,C,15,BREAD/BAKERY,2708,1,0,1,2015,4,2,106
10,1149579,2015-01-09,5.0,False,0,0,0,C,15,BREAD/BAKERY,2708,1,0,1,2015,5,2,106
10,103520,2015-01-09,,False,0,0,0,C,15,GROCERY I,1028,0,0,1,2015,5,2,106
10,1149579,2015-01-10,,False,0,1,0,C,15,BREAD/BAKERY,2708,1,0,1,2015,6,2,106
10,103520,2015-01-10,1.0,False,0,1,0,C,15,GROCERY I,1028,0,0,1,2015,6,2,106
10,103520,2015-01-11,1.0,False,0,0,0,C,15,GROCERY I,1028,0,0,1,2015,7,2,106
10,1149579,2015-01-11,13.0,False,0,0,0,C,15,BREAD/BAKERY,2708,1,0,1,2015,7,2,106
10,103520,2015-01-12,,False,0,0,0,C,15,GROCERY I,1028,0,0,1,2015,1,3,107
10,1149579,2015-01-12,,False,0,0,0,C,15,BREAD/BAKERY,2708,1,0,1,2015,1,3,107
10,103520,2015-01-13,,False,0,0,0,C,15,GROCERY I,1028,0,0,1,2015,2,3,107
10,1149579,2015-01-13,6.0,False,0,0,0,C,15,BREAD/BAKERY,2708,1,0,1,2015,2,3,107
10,1149579,2015-01-14,5.0,False,0,0,0,C,15,BREAD/BAKERY,2708,1,0,1,2015,3,3,107
10,103520,2015-01-14,,False,0,0,0,C,15,GROCERY I,1028,0,0,1,2015,3,3,107
10,103520,2015-01-15,,False,0,0,0,C,15,GROCERY I,1028,0,0,1,2015,4,3,107
10,1149579,2015-01-15,3.0,False,0,0,0,C,15,BREAD/BAKERY,2708,1,0,1,2015,4,3,107
10,1149579,2015-01-16,4.0,False,0,0,0,C,15,BREAD/BAKERY,2708,1,0,1,2015,5,3,107
10,103520,2015-01-16,,False,0,0,0,C,15,GROCERY I,1028,0,0,1,2015,5,3,107
10,103520,2015-01-17,1.0,False,0,0,0,C,15,GROCERY I,1028,0,0,1,2015,6,3,107
10,1149579,2015-01-17,5.0,False,0,0,0,C,15,BREAD/BAKERY,2708,1,0,1,2015,6,3,107
10,1149579,2015-01-18,5.0,False,0,0,0,C,15,BREAD/BAKERY,2708,1,0,1,2015,7,3,107
10,103520,2015-01-18,,False,0,0,0,C,15,GROCERY I,1028,0,0,1,2015,7,3,107
10,1149579,2015-01-19,3.0,False,0,0,0,C,15,BREAD/BAKERY,2708,1,0,1,2015,1,4,108
10,103520,2015-01-19,,False,0,0,0,C,15,GROCERY I,1028,0,0,1,2015,1,4,108
10,1149579,2015-01-20,8.0,False,0,0,0,C,15,BREAD/BAKERY,2708,1,0,1,2015,2,4,108
10,103520,2015-01-20,,False,0,0,0,C,15,GROCERY I,1028,0,0,1,2015,2,4,108
10,103520,2015-01-21,2.0,False,0,0,0,C,15,GROCERY I,1028,0,0,1,2015,3,4,108
10,1149579,2015-01-21,3.0,False,0,0,0,C,15,BREAD/BAKERY,2708,1,0,1,2015,3,4,108
10,1149579,2015-01-22,5.0,False,0,0,0,C,15,BREAD/BAKERY,2708,1,0,1,2015,4,4,108
10,103520,2015-01-22,,False,0,0,0,C,15,GROCERY I,1028,0,0,1,2015,4,4,108
10,1149579,2015-01-23,4.0,False,0,0,0,C,15,BREAD/BAKERY,2708,1,0,1,2015,5,4,108
10,103520,2015-01-23,1.0,False,0,0,0,C,15,GROCERY I,1028,0,0,1,2015,5,4,108
10,1149579,2015-01-24,3.0,False,0,0,0,C,15,BREAD/BAKERY,2708,1,0,1,2015,6,4,108
10,103520,2015-01-24,,False,0,0,0,C,15,GROCERY I,1028,0,0,1,2015,6,4,108
10,1149579,2015-01-25,8.0,False,0,0,0,C,15,BREAD/BAKERY,2708,1,0,1,2015,7,4,108
10,103520,2015-01-25,1.0,False,0,0,0,C,15,GROCERY I,1028,0,0,1,2015,7,4,108
10,103520,2015-01-26,,False,0,0,0,C,15,GROCERY I,1028,0,0,1,2015,1,5,109
10,1149579,2015-01-26,,False,0,0,0,C,15,BREAD/BAKERY,2708,1,0,1,2015,1,5,109
10,103520,2015-01-27,3.0,False,0,0,0,C,15,GROCERY I,1028,0,0,1,2015,2,5,109
10,1149579,2015-01-27,4.0,False,0,0,0,C,15,BREAD/BAKERY,2708,1,0,1,2015,2,5,109
10,103520,2015-01-28,,False,0,0,0,C,15,GROCERY I,1028,0,0,1,2015,3,5,109
10,1149579,2015-01-28,3.0,False,0,0,0,C,15,BREAD/BAKERY,2708,1,0,1,2015,3,5,109
10,103520,2015-01-29,,False,0,0,0,C,15,GROCERY I,1028,0,0,1,2015,4,5,109
10,1149579,2015-01-29,5.0,False,0,0,0,C,15,BREAD/BAKERY,2708,1,0,1,2015,4,5,109
10,1149579,2015-01-30,3.0,False,0,0,0,C,15,BREAD/BAKERY,2708,1,0,1,2015,5,5,109
10,103520,2015-01-30,1.0,False,0,0,0,C,15,GROCERY I,1028,0,0,1,2015,5,5,109
10,103520,2015-01-31,,False,0,0,0,C,15,GROCERY I,1028,0,0,1,2015,6,5,109
10,1149579,2015-01-31,6.0,False,0,0,0,C,15,BREAD/BAKERY,2708,1,0,1,2015,6,5,109
10,103520,2015-02-01,,False,0,0,0,C,15,GROCERY I,1028,0,0,1,2015,7,5,109
10,1149579,2015-02-01,3.0,False,0,0,0,C,15,BREAD/BAKERY,2708,1,0,1,2015,7,5,109
10,103520,2015-02-02,,False,0,0,0,C,15,GROCERY I,1028,0,0,1,2015,1,6,110
10,1149579,2015-02-02,4.0,False,0,0,0,C,15,BREAD/BAKERY,2708,1,0,1,2015,1,6,110
10,103520,2015-02-03,,False,0,0,0,C,15,GROCERY I,1028,0,0,1,2015,2,6,110
10,1149579,2015-02-03,3.0,False,0,0,0,C,15,BREAD/BAKERY,2708,1,0,1,2015,2,6,110
10,1149579,2015-02-04,1.0,False,0,0,0,C,15,BREAD/BAKERY,2708,1,0,1,2015,3,6,110
10,103520,2015-02-04,1.0,False,0,0,0,C,15,GROCERY I,1028,0,0,1,2015,3,6,110
10,1149579,2015-02-05,10.0,False,0,0,0,C,15,BREAD/BAKERY,2708,1,0,1,2015,4,6,110
10,103520,2015-02-05,3.0,False,0,0,0,C,15,GROCERY I,1028,0,0,1,2015,4,6,110
10,1149579,2015-02-06,2.0,False,0,0,0,C,15,BREAD/BAKERY,2708,1,0,1,2015,5,6,110
10,103520,2015-02-06,1.0,False,0,0,0,C,15,GROCERY I,1028,0,0,1,2015,5,6,110
10,1149579,2015-02-07,1.0,False,0,0,0,C,15,BREAD/BAKERY,2708,1,0,1,2015,6,6,110
10,103520,2015-02-07,,False,0,0,0,C,15,GROCERY I,1028,0,0,1,2015,6,6,110
10,103520,2015-02-08,,False,0,0,0,C,15,GROCERY I,1028,0,0,1,2015,7,6,110
10,1149579,2015-02-08,5.0,False,0,0,0,C,15,BREAD/BAKERY,2708,1,0,1,2015,7,6,110
10,103520,2015-02-09,1.0,False,0,0,0,C,15,GROCERY I,1028,0,0,1,2015,1,7,111
10,1149579,2015-02-09,4.0,False,0,0,0,C,15,BREAD/BAKERY,2708,1,0,1,2015,1,7,111
10,103520,2015-02-10,,False,0,0,0,C,15,GROCERY I,1028,0,0,1,2015,2,7,111
10,1149579,2015-02-10,4.0,False,0,0,0,C,15,BREAD/BAKERY,2708,1,0,1,2015,2,7,111
10,103520,2015-02-11,,False,0,0,0,C,15,GROCERY I,1028,0,0,1,2015,3,7,111
10,1149579,2015-02-11,6.0,False,0,0,0,C,15,BREAD/BAKERY,2708,1,0,1,2015,3,7,111
10,103520,2015-02-12,2.0,False,0,0,0,C,15,GROCERY I,1028,0,0,1,2015,4,7,111
10,1149579,2015-02-12,5.0,False,0,0,0,C,15,BREAD/BAKERY,2708,1,0,1,2015,4,7,111
10,1149579,2015-02-13,5.0,False,0,0,0,C,15,BREAD/BAKERY,2708,1,0,1,2015,5,7,111
10,103520,2015-02-13,3.0,False,0,0,0,C,15,GROCERY I,1028,0,0,1,2015,5,7,111
10,1149579,2015-02-14,2.0,False,0,0,0,C,15,BREAD/BAKERY,2708,1,0,1,2015,6,7,111
10,103520,2015-02-14,1.0,False,0,0,0,C,15,GROCERY I,1028,0,0,1,2015,6,7,111
10,1149579,2015-02-15,1.0,False,0,0,0,C,15,BREAD/BAKERY,2708,1,0,1,2015,7,7,111
10,103520,2015-02-15,,False,0,0,0,C,15,GROCERY I,1028,0,0,1,2015,7,7,111
10,1149579,2015-02-16,,False,0,1,0,C,15,BREAD/BAKERY,2708,1,0,1,2015,1,8,112
10,103520,2015-02-16,,False,0,1,0,C,15,GROCERY I,1028,0,0,1,2015,1,8,112
10,103520,2015-02-17,1.0,False,0,1,0,C,15,GROCERY I,1028,0,0,1,2015,2,8,112
10,1149579,2015-02-17,,False,0,1,0,C,15,BREAD/BAKERY,2708,1,0,1,2015,2,8,112
10,103520,2015-02-18,,False,0,0,0,C,15,GROCERY I,1028,0,0,1,2015,3,8,112
10,1149579,2015-02-18,1.0,False,0,0,0,C,15,BREAD/BAKERY,2708,1,0,1,2015,3,8,112
10,1149579,2015-02-19,7.0,False,0,0,0,C,15,BREAD/BAKERY,2708,1,0,1,2015,4,8,112
10,103520,2015-02-19,,False,0,0,0,C,15,GROCERY I,1028,0,0,1,2015,4,8,112
10,103520,2015-02-20,,False,0,0,0,C,15,GROCERY I,1028,0,0,1,2015,5,8,112
10,1149579,2015-02-20,3.0,False,0,0,0,C,15,BREAD/BAKERY,2708,1,0,1,2015,5,8,112
10,1149579,2015-02-21,5.0,False,0,0,0,C,15,BREAD/BAKERY,2708,1,0,1,2015,6,8,112
10,103520,2015-02-21,1.0,False,0,0,0,C,15,GROCERY I,1028,0,0,1,2015,6,8,112
10,1149579,2015-02-22,6.0,False,0,0,0,C,15,BREAD/BAKERY,2708,1,0,1,2015,7,8,112
10,103520,2015-02-22,,False,0,0,0,C,15,GROCERY I,1028,0,0,1,2015,7,8,112
10,1149579,2015-02-23,2.0,False,0,0,0,C,15,BREAD/BAKERY,2708,1,0,1,2015,1,9,113
10,103520,2015-02-23,,False,0,0,0,C,15,GROCERY I,1028,0,0,1,2015,1,9,113
10,1149579,2015-02-24,5.0,False,0,0,0,C,15,BREAD/BAKERY,2708,1,0,1,2015,2,9,113
10,103520,2015-02-24,,False,0,0,0,C,15,GROCERY I,1028,0,0,1,2015,2,9,113
10,103520,2015-02-25,2.0,False,0,0,0,C,15,GROCERY I,1028,0,0,1,2015,3,9,113
10,1149579,2015-02-25,1.0,False,0,0,0,C,15,BREAD/BAKERY,2708,1,0,1,2015,3,9,113
10,103520,2015-02-26,,False,0,0,0,C,15,GROCERY I,1028,0,0,1,2015,4,9,113
10,1149579,2015-02-26,2.0,False,0,0,0,C,15,BREAD/BAKERY,2708,1,0,1,2015,4,9,113
10,1149579,2015-02-27,2.0,False,0,0,0,C,15,BREAD/BAKERY,2708,1,0,1,2015,5,9,113
10,103520,2015-02-27,,False,0,0,0,C,15,GROCERY I,1028,0,0,1,2015,5,9,113
10,103520,2015-02-28,2.0,False,0,0,0,C,15,GROCERY I,1028,0,0,1,2015,6,9,113
10,1149579,2015-02-28,6.0,False,0,0,0,C,15,BREAD/BAKERY,2708,1,0,1,2015,6,9,113
10,1149579,2015-03-01,8.0,False,0,0,0,C,15,BREAD/BAKERY,2708,1,0,1,2015,7,9,113
10,103520,2015-03-01,,False,0,0,0,C,15,GROCERY I,1028,0,0,1,2015,7,9,113
10,103520,2015-03-02,1.0,False,0,0,0,C,15,GROCERY I,1028,0,0,1,2015,1,10,114
10,1149579,2015-03-02,,False,0,0,0,C,15,BREAD/BAKERY,2708,1,0,1,2015,1,10,114
10,103520,2015-03-03,,False,0,0,0,C,15,GROCERY I,1028,0,0,1,2015,2,10,114
10,1149579,2015-03-03,,False,0,0,0,C,15,BREAD/BAKERY,2708,1,0,1,2015,2,10,114
10,103520,2015-03-04,1.0,False,0,0,0,C,15,GROCERY I,1028,0,0,1,2015,3,10,114
10,1149579,2015-03-04,7.0,False,0,0,0,C,15,BREAD/BAKERY,2708,1,0,1,2015,3,10,114
10,1149579,2015-03-05,2.0,False,0,0,0,C,15,BREAD/BAKERY,2708,1,0,1,2015,4,10,114
10,103520,2015-03-05,2.0,False,0,0,0,C,15,GROCERY I,1028,0,0,1,2015,4,10,114
10,103520,2015-03-06,4.0,False,0,0,0,C,15,GROCERY I,1028,0,0,1,2015,5,10,114
10,1149579,2015-03-06,3.0,False,0,0,0,C,15,BREAD/BAKERY,2708,1,0,1,2015,5,10,114
10,1149579,2015-03-07,5.0,False,0,0,0,C,15,BREAD/BAKERY,2708,1,0,1,2015,6,10,114
10,103520,2015-03-07,5.0,False,0,0,0,C,15,GROCERY I,1028,0,0,1,2015,6,10,114
10,103520,2015-03-08,,False,0,0,0,C,15,GROCERY I,1028,0,0,1,2015,7,10,114
10,1149579,2015-03-08,9.0,False,0,0,0,C,15,BREAD/BAKERY,2708,1,0,1,2015,7,10,114
10,1149579,2015-03-09,1.0,False,0,0,0,C,15,BREAD/BAKERY,2708,1,0,1,2015,1,11,115
10,103520,2015-03-09,,False,0,0,0,C,15,GROCERY I,1028,0,0,1,2015,1,11,115
10,1149579,2015-03-10,5.0,False,0,0,0,C,15,BREAD/BAKERY,2708,1,0,1,2015,2,11,115
10,103520,2015-03-10,2.0,False,0,0,0,C,15,GROCERY I,1028,0,0,1,2015,2,11,115
10,1149579,2015-03-11,1.0,False,0,0,0,C,15,BREAD/BAKERY,2708,1,0,1,2015,3,11,115
10,103520,2015-03-11,,False,0,0,0,C,15,GROCERY I,1028,0,0,1,2015,3,11,115
10,103520,2015-03-12,,False,0,0,0,C,15,GROCERY I,1028,0,0,1,2015,4,11,115
10,1149579,2015-03-12,3.0,False,0,0,0,C,15,BREAD/BAKERY,2708,1,0,1,2015,4,11,115
10,1149579,2015-03-13,,False,0,0,0,C,15,BREAD/BAKERY,2708,1,0,1,2015,5,11,115
10,103520,2015-03-13,,False,0,0,0,C,15,GROCERY I,1028,0,0,1,2015,5,11,115
10,1149579,2015-03-14,6.0,False,0,0,0,C,15,BREAD/BAKERY,2708,1,0,1,2015,6,11,115
10,103520,2015-03-14,3.0,False,0,0,0,C,15,GROCERY I,1028,0,0,1,2015,6,11,115
10,1149579,2015-03-15,10.0,False,0,0,0,C,15,BREAD/BAKERY,2708,1,0,1,2015,7,11,115
10,103520,2015-03-15,2.0,False,0,0,0,C,15,GROCERY I,1028,0,0,1,2015,7,11,115
10,103520,2015-03-16,2.0,False,0,0,0,C,15,GROCERY I,1028,0,0,1,2015,1,12,116
10,1149579,2015-03-16,,False,0,0,0,C,15,BREAD/BAKERY,2708,1,0,1,2015,1,12,116
10,103520,2015-03-17,,False,0,0,0,C,15,GROCERY I,1028,0,0,1,2015,2,12,116
10,1149579,2015-03-17,,False,0,0,0,C,15,BREAD/BAKERY,2708,1,0,1,2015,2,12,116
10,103520,2015-03-18,1.0,False,0,0,0,C,15,GROCERY I,1028,0,0,1,2015,3,12,116
10,1149579,2015-03-18,5.0,False,0,0,0,C,15,BREAD/BAKERY,2708,1,0,1,2015,3,12,116
10,1149579,2015-03-19,,False,0,0,0,C,15,BREAD/BAKERY,2708,1,0,1,2015,4,12,116
10,103520,2015-03-19,3.0,False,0,0,0,C,15,GROCERY I,1028,0,0,1,2015,4,12,116
10,1149579,2015-03-20,3.0,False,0,0,0,C,15,BREAD/BAKERY,2708,1,0,1,2015,5,12,116
10,103520,2015-03-20,2.0,False,0,0,0,C,15,GROCERY I,1028,0,0,1,2015,5,12,116
10,103520,2015-03-21,1.0,False,0,0,0,C,15,GROCERY I,1028,0,0,1,2015,6,12,116
10,1149579,2015-03-21,4.0,False,0,0,0,C,15,BREAD/BAKERY,2708,1,0,1,2015,6,12,116
10,1149579,2015-03-22,,False,0,0,0,C,15,BREAD/BAKERY,2708,1,0,1,2015,7,12,116
10,103520,2015-03-22,,False,0,0,0,C,15,GROCERY I,1028,0,0,1,2015,7,12,116
10,1149579,2015-03-23,4.0,False,0,0,0,C,15,BREAD/BAKERY,2708,1,0,1,2015,1,13,117
10,103520,2015-03-23,,False,0,0,0,C,15,GROCERY I,1028,0,0,1,2015,1,13,117
10,103520,2015-03-24,,False,0,0,0,C,15,GROCERY I,1028,0,0,1,2015,2,13,117
10,1149579,2015-03-24,1.0,False,0,0,0,C,15,BREAD/BAKERY,2708,1,0,1,2015,2,13,117
10,1149579,2015-03-25,4.0,False,0,0,0,C,15,BREAD/BAKERY,2708,1,0,1,2015,3,13,117
10,103520,2015-03-25,,False,0,0,0,C,15,GROCERY I,1028,0,0,1,2015,3,13,117
10,103520,2015-03-26,2.0,False,0,0,0,C,15,GROCERY I,1028,0,0,1,2015,4,13,117
10,1149579,2015-03-26,1.0,False,0,0,0,C,15,BREAD/BAKERY,2708,1,0,1,2015,4,13,117
10,1149579,2015-03-27,3.0,False,0,0,0,C,15,BREAD/BAKERY,2708,1,0,1,2015,5,13,117
10,103520,2015-03-27,1.0,False,0,0,0,C,15,GROCERY I,1028,0,0,1,2015,5,13,117
10,1149579,2015-03-28,7.0,False,0,0,0,C,15,BREAD/BAKERY,2708,1,0,1,2015,6,13,117
10,103520,2015-03-28,3.0,False,0,0,0,C,15,GROCERY I,1028,0,0,1,2015,6,13,117
10,103520,2015-03-29,1.0,False,0,0,0,C,15,GROCERY I,1028,0,0,1,2015,7,13,117
10,1149579,2015-03-29,4.0,False,0,0,0,C,15,BREAD/BAKERY,2708,1,0,1,2015,7,13,117
10,103520,2015-03-30,,False,0,0,0,C,15,GROCERY I,1028,0,0,1,2015,1,14,118
10,1149579,2015-03-30,3.0,False,0,0,0,C,15,BREAD/BAKERY,2708,1,0,1,2015,1,14,118
10,1149579,2015-03-31,6.0,False,0,0,0,C,15,BREAD/BAKERY,2708,1,0,1,2015,2,14,118
10,103520,2015-03-31,,False,0,0,0,C,15,GROCERY I,1028,0,0,1,2015,2,14,118
10,103520,2015-04-01,1.0,False,0,0,0,C,15,GROCERY I,1028,0,0,1,2015,3,14,118
10,1149579,2015-04-01,4.0,False,0,0,0,C,15,BREAD/BAKERY,2708,1,0,1,2015,3,14,118
10,103520,2015-04-02,2.0,False,0,0,0,C,15,GROCERY I,1028,0,0,1,2015,4,14,118
10,1149579,2015-04-02,7.0,False,0,0,0,C,15,BREAD/BAKERY,2708,1,0,1,2015,4,14,118
10,1149579,2015-04-03,2.0,False,0,1,0,C,15,BREAD/BAKERY,2708,1,0,1,2015,5,14,118
10,103520,2015-04-03,,False,0,1,0,C,15,GROCERY I,1028,0,0,1,2015,5,14,118
10,1149579,2015-04-04,3.0,False,0,0,0,C,15,BREAD/BAKERY,2708,1,0,1,2015,6,14,118
10,103520,2015-04-04,3.0,False,0,0,0,C,15,GROCERY I,1028,0,0,1,2015,6,14,118
10,1149579,2015-04-05,7.0,False,0,0,0,C,15,BREAD/BAKERY,2708,1,0,1,2015,7,14,118
10,103520,2015-04-05,,False,0,0,0,C,15,GROCERY I,1028,0,0,1,2015,7,14,118
10,1149579,2015-04-06,1.0,False,0,0,0,C,15,BREAD/BAKERY,2708,1,0,1,2015,1,15,119
10,103520,2015-04-06,2.0,False,0,0,0,C,15,GROCERY I,1028,0,0,1,2015,1,15,119
10,1149579,2015-04-07,7.0,False,0,0,0,C,15,BREAD/BAKERY,2708,1,0,1,2015,2,15,119
10,103520,2015-04-07,1.0,False,0,0,0,C,15,GROCERY I,1028,0,0,1,2015,2,15,119
10,1149579,2015-04-08,7.0,False,0,0,0,C,15,BREAD/BAKERY,2708,1,0,1,2015,3,15,119
10,103520,2015-04-08,1.0,False,0,0,0,C,15,GROCERY I,1028,0,0,1,2015,3,15,119
10,103520,2015-04-09,,False,0,0,0,C,15,GROCERY I,1028,0,0,1,2015,4,15,119
10,1149579,2015-04-09,2.0,False,0,0,0,C,15,BREAD/BAKERY,2708,1,0,1,2015,4,15,119
10,1149579,2015-04-10,1.0,False,0,0,0,C,15,BREAD/BAKERY,2708,1,0,1,2015,5,15,119
10,103520,2015-04-10,,False,0,0,0,C,15,GROCERY I,1028,0,0,1,2015,5,15,119
10,1149579,2015-04-11,7.0,False,0,0,0,C,15,BREAD/BAKERY,2708,1,0,1,2015,6,15,119
10,103520,2015-04-11,1.0,False,0,0,0,C,15,GROCERY I,1028,0,0,1,2015,6,15,119
10,103520,2015-04-12,3.0,False,0,0,0,C,15,GROCERY I,1028,0,0,1,2015,7,15,119
10,1149579,2015-04-12,3.0,False,0,0,0,C,15,BREAD/BAKERY,2708,1,0,1,2015,7,15,119
10,1149579,2015-04-13,5.0,False,0,0,0,C,15,BREAD/BAKERY,2708,1,0,1,2015,1,16,120
10,103520,2015-04-13,1.0,False,0,0,0,C,15,GROCERY I,1028,0,0,1,2015,1,16,120
10,1149579,2015-04-14,7.0,False,0,0,0,C,15,BREAD/BAKERY,2708,1,0,1,2015,2,16,120
10,103520,2015-04-14,2.0,False,0,0,0,C,15,GROCERY I,1028,0,0,1,2015,2,16,120
10,1149579,2015-04-15,5.0,False,0,0,0,C,15,BREAD/BAKERY,2708,1,0,1,2015,3,16,120
10,103520,2015-04-15,2.0,False,0,0,0,C,15,GROCERY I,1028,0,0,1,2015,3,16,120
10,103520,2015-04-16,1.0,False,0,0,0,C,15,GROCERY I,1028,0,0,1,2015,4,16,120
10,1149579,2015-04-16,4.0,False,0,0,0,C,15,BREAD/BAKERY,2708,1,0,1,2015,4,16,120
10,103520,2015-04-17,1.0,False,0,0,0,C,15,GROCERY I,1028,0,0,1,2015,5,16,120
10,1149579,2015-04-17,,False,0,0,0,C,15,BREAD/BAKERY,2708,1,0,1,2015,5,16,120
10,1149579,2015-04-18,2.0,False,0,0,0,C,15,BREAD/BAKERY,2708,1,0,1,2015,6,16,120
10,103520,2015-04-18,2.0,False,0,0,0,C,15,GROCERY I,1028,0,0,1,2015,6,16,120
10,1149579,2015-04-19,11.0,False,0,0,0,C,15,BREAD/BAKERY,2708,1,0,1,2015,7,16,120
10,103520,2015-04-19,1.0,False,0,0,0,C,15,GROCERY I,1028,0,0,1,2015,7,16,120
10,1149579,2015-04-20,1.0,False,0,0,0,C,15,BREAD/BAKERY,2708,1,0,1,2015,1,17,121
10,103520,2015-04-20,4.0,False,0,0,0,C,15,GROCERY I,1028,0,0,1,2015,1,17,121
10,1149579,2015-04-21,,False,0,0,0,C,15,BREAD/BAKERY,2708,1,0,1,2015,2,17,121
10,103520,2015-04-21,2.0,False,0,0,0,C,15,GROCERY I,1028,0,0,1,2015,2,17,121
10,103520,2015-04-22,,False,0,0,0,C,15,GROCERY I,1028,0,0,1,2015,3,17,121
10,1149579,2015-04-22,,False,0,0,0,C,15,BREAD/BAKERY,2708,1,0,1,2015,3,17,121
10,103520,2015-04-23,1.0,False,0,0,0,C,15,GROCERY I,1028,0,0,1,2015,4,17,121
10,1149579,2015-04-23,3.0,False,0,0,0,C,15,BREAD/BAKERY,2708,1,0,1,2015,4,17,121
10,103520,2015-04-24,,False,0,0,0,C,15,GROCERY I,1028,0,0,1,2015,5,17,121
10,1149579,2015-04-24,2.0,False,0,0,0,C,15,BREAD/BAKERY,2708,1,0,1,2015,5,17,121
10,103520,2015-04-25,3.0,False,0,0,0,C,15,GROCERY I,1028,0,0,1,2015,6,17,121
10,1149579,2015-04-25,11.0,False,0,0,0,C,15,BREAD/BAKERY,2708,1,0,1,2015,6,17,121
10,103520,2015-04-26,,False,0,0,0,C,15,GROCERY I,1028,0,0,1,2015,7,17,121
10,1149579,2015-04-26,6.0,False,0,0,0,C,15,BREAD/BAKERY,2708,1,0,1,2015,7,17,121
10,103520,2015-04-27,,False,0,0,0,C,15,GROCERY I,1028,0,0,1,2015,1,18,122
10,1149579,2015-04-27,,False,0,0,0,C,15,BREAD/BAKERY,2708,1,0,1,2015,1,18,122
10,103520,2015-04-28,,False,0,0,0,C,15,GROCERY I,1028,0,0,1,2015,2,18,122
10,1149579,2015-04-28,,False,0,0,0,C,15,BREAD/BAKERY,2708,1,0,1,2015,2,18,122
10,103520,2015-04-29,1.0,False,0,0,0,C,15,GROCERY I,1028,0,0,1,2015,3,18,122
10,1149579,2015-04-29,,False,0,0,0,C,15,BREAD/BAKERY,2708,1,0,1,2015,3,18,122
10,1149579,2015-04-30,1.0,False,0,0,0,C,15,BREAD/BAKERY,2708,1,0,1,2015,4,18,122
10,103520,2015-04-30,,False,0,0,0,C,15,GROCERY I,1028,0,0,1,2015,4,18,122
10,1149579,2015-05-01,7.0,False,0,1,0,C,15,BREAD/BAKERY,2708,1,0,1,2015,5,18,122
10,103520,2015-05-01,,False,0,1,0,C,15,GROCERY I,1028,0,0,1,2015,5,18,122
10,103520,2015-05-02,1.0,False,0,0,0,C,15,GROCERY I,1028,0,0,1,2015,6,18,122
10,1149579,2015-05-02,5.0,False,0,0,0,C,15,BREAD/BAKERY,2708,1,0,1,2015,6,18,122
10,103520,2015-05-03,,False,0,0,0,C,15,GROCERY I,1028,0,0,1,2015,7,18,122
10,1149579,2015-05-03,3.0,False,0,0,0,C,15,BREAD/BAKERY,2708,1,0,1,2015,7,18,122
10,1149579,2015-05-04,3.0,False,0,0,0,C,15,BREAD/BAKERY,2708,1,0,1,2015,1,19,123
10,103520,2015-05-04,,False,0,0,0,C,15,GROCERY I,1028,0,0,1,2015,1,19,123
10,1149579,2015-05-05,6.0,False,0,0,0,C,15,BREAD/BAKERY,2708,1,0,1,2015,2,19,123
10,103520,2015-05-05,1.0,False,0,0,0,C,15,GROCERY I,1028,0,0,1,2015,2,19,123
10,1149579,2015-05-06,4.0,False,0,0,0,C,15,BREAD/BAKERY,2708,1,0,1,2015,3,19,123
10,103520,2015-05-06,1.0,False,0,0,0,C,15,GROCERY I,1028,0,0,1,2015,3,19,123
10,103520,2015-05-07,,False,0,0,0,C,15,GROCERY I,1028,0,0,1,2015,4,19,123
10,1149579,2015-05-07,3.0,False,0,0,0,C,15,BREAD/BAKERY,2708,1,0,1,2015,4,19,123
10,1149579,2015-05-08,1.0,False,0,0,0,C,15,BREAD/BAKERY,2708,1,0,1,2015,5,19,123
10,103520,2015-05-08,2.0,False,0,0,0,C,15,GROCERY I,1028,0,0,1,2015,5,19,123
10,103520,2015-05-09,1.0,False,0,1,0,C,15,GROCERY I,1028,0,0,1,2015,6,19,123
10,1149579,2015-05-09,8.0,False,0,1,0,C,15,BREAD/BAKERY,2708,1,0,1,2015,6,19,123
10,103520,2015-05-10,1.0,False,0,1,0,C,15,GROCERY I,1028,0,0,1,2015,7,19,123
10,1149579,2015-05-10,5.0,False,0,1,0,C,15,BREAD/BAKERY,2708,1,0,1,2015,7,19,123
10,1149579,2015-05-11,2.0,False,0,0,0,C,15,BREAD/BAKERY,2708,1,0,1,2015,1,20,124
10,103520,2015-05-11,3.0,False,0,0,0,C,15,GROCERY I,1028,0,0,1,2015,1,20,124
10,103520,2015-05-12,4.0,False,0,0,0,C,15,GROCERY I,1028,0,0,1,2015,2,20,124
10,1149579,2015-05-12,3.0,False,0,0,0,C,15,BREAD/BAKERY,2708,1,0,1,2015,2,20,124
10,103520,2015-05-13,,False,0,0,0,C,15,GROCERY I,1028,0,0,1,2015,3,20,124
10,1149579,2015-05-13,1.0,False,0,0,0,C,15,BREAD/BAKERY,2708,1,0,1,2015,3,20,124
10,1149579,2015-05-14,4.0,False,0,0,0,C,15,BREAD/BAKERY,2708,1,0,1,2015,4,20,124
10,103520,2015-05-14,2.0,False,0,0,0,C,15,GROCERY I,1028,0,0,1,2015,4,20,124
10,1149579,2015-05-15,3.0,False,0,0,0,C,15,BREAD/BAKERY,2708,1,0,1,2015,5,20,124
10,103520,2015-05-15,,False,0,0,0,C,15,GROCERY I,1028,0,0,1,2015,5,20,124
10,103520,2015-05-16,1.0,False,0,0,0,C,15,GROCERY I,1028,0,0,1,2015,6,20,124
10,1149579,2015-05-16,8.0,False,0,0,0,C,15,BREAD/BAKERY,2708,1,0,1,2015,6,20,124
10,103520,2015-05-17,,False,0,0,0,C,15,GROCERY I,1028,0,0,1,2015,7,20,124
10,1149579,2015-05-17,4.0,False,0,0,0,C,15,BREAD/BAKERY,2708,1,0,1,2015,7,20,124
10,103520,2015-05-18,,False,0,0,0,C,15,GROCERY I,1028,0,0,1,2015,1,21,125
10,1149579,2015-05-18,1.0,False,0,0,0,C,15,BREAD/BAKERY,2708,1,0,1,2015,1,21,125
10,103520,2015-05-19,,False,0,0,0,C,15,GROCERY I,1028,0,0,1,2015,2,21,125
10,1149579,2015-05-19,6.0,False,0,0,0,C,15,BREAD/BAKERY,2708,1,0,1,2015,2,21,125
10,1149579,2015-05-20,6.0,False,0,0,0,C,15,BREAD/BAKERY,2708,1,0,1,2015,3,21,125
10,103520,2015-05-20,,False,0,0,0,C,15,GROCERY I,1028,0,0,1,2015,3,21,125
10,103520,2015-05-21,,False,0,0,0,C,15,GROCERY I,1028,0,0,1,2015,4,21,125
10,1149579,2015-05-21,,False,0,0,0,C,15,BREAD/BAKERY,2708,1,0,1,2015,4,21,125
10,1149579,2015-05-22,8.0,False,0,0,0,C,15,BREAD/BAKERY,2708,1,0,1,2015,5,21,125
10,103520,2015-05-22,,False,0,0,0,C,15,GROCERY I,1028,0,0,1,2015,5,21,125
10,103520,2015-05-23,2.0,False,0,0,0,C,15,GROCERY I,1028,0,0,1,2015,6,21,125
10,1149579,2015-05-23,5.0,False,0,0,0,C,15,BREAD/BAKERY,2708,1,0,1,2015,6,21,125
10,103520,2015-05-24,1.0,False,0,1,0,C,15,GROCERY I,1028,0,0,1,2015,7,21,125
10,1149579,2015-05-24,5.0,False,0,1,0,C,15,BREAD/BAKERY,2708,1,0,1,2015,7,21,125
10,103520,2015-05-25,1.0,False,0,0,0,C,15,GROCERY I,1028,0,0,1,2015,1,22,126
10,1149579,2015-05-25,1.0,False,0,0,0,C,15,BREAD/BAKERY,2708,1,0,1,2015,1,22,126
10,103520,2015-05-26,,False,0,0,0,C,15,GROCERY I,1028,0,0,1,2015,2,22,126
10,1149579,2015-05-26,3.0,False,0,0,0,C,15,BREAD/BAKERY,2708,1,0,1,2015,2,22,126
10,1149579,2015-05-27,2.0,False,0,0,0,C,15,BREAD/BAKERY,2708,1,0,1,2015,3,22,126
10,103520,2015-05-27,,False,0,0,0,C,15,GROCERY I,1028,0,0,1,2015,3,22,126
10,103520,2015-05-28,3.0,False,0,0,0,C,15,GROCERY I,1028,0,0,1,2015,4,22,126
10,1149579,2015-05-28,6.0,False,0,0,0,C,15,BREAD/BAKERY,2708,1,0,1,2015,4,22,126
10,103520,2015-05-29,,False,0,0,0,C,15,GROCERY I,1028,0,0,1,2015,5,22,126
10,1149579,2015-05-29,4.0,False,0,0,0,C,15,BREAD/BAKERY,2708,1,0,1,2015,5,22,126
10,1149579,2015-05-30,5.0,False,0,0,0,C,15,BREAD/BAKERY,2708,1,0,1,2015,6,22,126
10,103520,2015-05-30,2.0,False,0,0,0,C,15,GROCERY I,1028,0,0,1,2015,6,22,126
10,1149579,2015-05-31,8.0,False,0,0,0,C,15,BREAD/BAKERY,2708,1,0,1,2015,7,22,126
10,103520,2015-05-31,2.0,False,0,0,0,C,15,GROCERY I,1028,0,0,1,2015,7,22,126
10,103520,2015-06-01,1.0,False,0,0,0,C,15,GROCERY I,1028,0,0,1,2015,1,23,127
10,1149579,2015-06-01,5.0,False,0,0,0,C,15,BREAD/BAKERY,2708,1,0,1,2015,1,23,127
10,103520,2015-06-02,,False,0,0,0,C,15,GROCERY I,1028,0,0,1,2015,2,23,127
10,1149579,2015-06-02,5.0,False,0,0,0,C,15,BREAD/BAKERY,2708,1,0,1,2015,2,23,127
10,103520,2015-06-03,,False,0,0,0,C,15,GROCERY I,1028,0,0,1,2015,3,23,127
10,1149579,2015-06-03,1.0,False,0,0,0,C,15,BREAD/BAKERY,2708,1,0,1,2015,3,23,127
10,103520,2015-06-04,1.0,False,0,0,0,C,15,GROCERY I,1028,0,0,1,2015,4,23,127
10,1149579,2015-06-04,5.0,False,0,0,0,C,15,BREAD/BAKERY,2708,1,0,1,2015,4,23,127
10,1149579,2015-06-05,3.0,False,0,0,0,C,15,BREAD/BAKERY,2708,1,0,1,2015,5,23,127
10,103520,2015-06-05,,False,0,0,0,C,15,GROCERY I,1028,0,0,1,2015,5,23,127
10,103520,2015-06-06,4.0,False,0,0,0,C,15,GROCERY I,1028,0,0,1,2015,6,23,127
10,1149579,2015-06-06,6.0,False,0,0,0,C,15,BREAD/BAKERY,2708,1,0,1,2015,6,23,127
10,103520,2015-06-07,,False,0,0,0,C,15,GROCERY I,1028,0,0,1,2015,7,23,127
10,1149579,2015-06-07,6.0,False,0,0,0,C,15,BREAD/BAKERY,2708,1,0,1,2015,7,23,127
10,1149579,2015-06-08,1.0,False,0,0,0,C,15,BREAD/BAKERY,2708,1,0,1,2015,1,24,128
10,103520,2015-06-08,,False,0,0,0,C,15,GROCERY I,1028,0,0,1,2015,1,24,128
10,103520,2015-06-09,1.0,False,0,0,0,C,15,GROCERY I,1028,0,0,1,2015,2,24,128
10,1149579,2015-06-09,3.0,False,0,0,0,C,15,BREAD/BAKERY,2708,1,0,1,2015,2,24,128
10,1149579,2015-06-10,,False,0,0,0,C,15,BREAD/BAKERY,2708,1,0,1,2015,3,24,128
10,103520,2015-06-10,1.0,False,0,0,0,C,15,GROCERY I,1028,0,0,1,2015,3,24,128
10,103520,2015-06-11,,False,0,0,0,C,15,GROCERY I,1028,0,0,1,2015,4,24,128
10,1149579,2015-06-11,6.0,False,0,0,0,C,15,BREAD/BAKERY,2708,1,0,1,2015,4,24,128
10,1149579,2015-06-12,9.0,False,0,0,0,C,15,BREAD/BAKERY,2708,1,0,1,2015,5,24,128
10,103520,2015-06-12,,False,0,0,0,C,15,GROCERY I,1028,0,0,1,2015,5,24,128
10,103520,2015-06-13,2.0,False,0,0,0,C,15,GROCERY I,1028,0,0,1,2015,6,24,128
10,1149579,2015-06-13,5.0,False,0,0,0,C,15,BREAD/BAKERY,2708,1,0,1,2015,6,24,128
10,1149579,2015-06-14,14.0,True,0,0,0,C,15,BREAD/BAKERY,2708,1,0,1,2015,7,24,128
10,103520,2015-06-14,,False,0,0,0,C,15,GROCERY I,1028,0,0,1,2015,7,24,128
10,1149579,2015-06-15,3.0,False,0,0,0,C,15,BREAD/BAKERY,2708,1,0,1,2015,1,25,129
10,103520,2015-06-15,,False,0,0,0,C,15,GROCERY I,1028,0,0,1,2015,1,25,129
10,103520,2015-06-16,1.0,False,0,0,0,C,15,GROCERY I,1028,0,0,1,2015,2,25,129
10,1149579,2015-06-16,4.0,False,0,0,0,C,15,BREAD/BAKERY,2708,1,0,1,2015,2,25,129
10,1149579,2015-06-17,2.0,False,0,0,0,C,15,BREAD/BAKERY,2708,1,0,1,2015,3,25,129
10,103520,2015-06-17,,False,0,0,0,C,15,GROCERY I,1028,0,0,1,2015,3,25,129
10,103520,2015-06-18,,False,0,0,0,C,15,GROCERY I,1028,0,0,1,2015,4,25,129
10,1149579,2015-06-18,7.0,False,0,0,0,C,15,BREAD/BAKERY,2708,1,0,1,2015,4,25,129
10,103520,2015-06-19,1.0,False,0,0,0,C,15,GROCERY I,1028,0,0,1,2015,5,25,129
10,1149579,2015-06-19,3.0,False,0,0,0,C,15,BREAD/BAKERY,2708,1,0,1,2015,5,25,129
10,103520,2015-06-20,2.0,False,0,0,0,C,15,GROCERY I,1028,0,0,1,2015,6,25,129
10,1149579,2015-06-20,8.0,False,0,0,0,C,15,BREAD/BAKERY,2708,1,0,1,2015,6,25,129
10,1149579,2015-06-21,2.0,True,0,0,0,C,15,BREAD/BAKERY,2708,1,0,1,2015,7,25,129
10,103520,2015-06-21,1.0,False,0,0,0,C,15,GROCERY I,1028,0,0,1,2015,7,25,129
10,1149579,2015-06-22,4.0,False,0,0,0,C,15,BREAD/BAKERY,2708,1,0,1,2015,1,26,130
10,103520,2015-06-22,,False,0,0,0,C,15,GROCERY I,1028,0,0,1,2015,1,26,130
10,103520,2015-06-23,1.0,False,0,0,0,C,15,GROCERY I,1028,0,0,1,2015,2,26,130
10,1149579,2015-06-23,6.0,False,0,0,0,C,15,BREAD/BAKERY,2708,1,0,1,2015,2,26,130
10,1149579,2015-06-24,9.0,False,0,0,0,C,15,BREAD/BAKERY,2708,1,0,1,2015,3,26,130
10,103520,2015-06-24,1.0,False,0,0,0,C,15,GROCERY I,1028,0,0,1,2015,3,26,130
10,1149579,2015-06-25,6.0,False,0,0,0,C,15,BREAD/BAKERY,2708,1,0,1,2015,4,26,130
10,103520,2015-06-25,2.0,False,0,0,0,C,15,GROCERY I,1028,0,0,1,2015,4,26,130
10,1149579,2015-06-26,2.0,False,0,0,0,C,15,BREAD/BAKERY,2708,1,0,1,2015,5,26,130
10,103520,2015-06-26,,False,0,0,0,C,15,GROCERY I,1028,0,0,1,2015,5,26,130
10,1149579,2015-06-27,5.0,False,0,0,0,C,15,BREAD/BAKERY,2708,1,0,1,2015,6,26,130
10,103520,2015-06-27,,False,0,0,0,C,15,GROCERY I,1028,0,0,1,2015,6,26,130
10,1149579,2015-06-28,6.0,True,0,0,0,C,15,BREAD/BAKERY,2708,1,0,1,2015,7,26,130
10,103520,2015-06-28,,False,0,0,0,C,15,GROCERY I,1028,0,0,1,2015,7,26,130
10,103520,2015-06-29,,False,0,0,0,C,15,GROCERY I,1028,0,0,1,2015,1,27,131
10,1149579,2015-06-29,5.0,False,0,0,0,C,15,BREAD/BAKERY,2708,1,0,1,2015,1,27,131
10,1149579,2015-06-30,8.0,False,0,0,0,C,15,BREAD/BAKERY,2708,1,0,1,2015,2,27,131
10,103520,2015-06-30,,False,0,0,0,C,15,GROCERY I,1028,0,0,1,2015,2,27,131
10,1149579,2015-07-01,4.0,False,0,0,0,C,15,BREAD/BAKERY,2708,1,0,1,2015,3,27,131
10,103520,2015-07-01,,False,0,0,0,C,15,GROCERY I,1028,0,0,1,2015,3,27,131
10,1149579,2015-07-02,4.0,False,0,0,0,C,15,BREAD/BAKERY,2708,1,0,1,2015,4,27,131
10,103520,2015-07-02,,False,0,0,0,C,15,GROCERY I,1028,0,0,1,2015,4,27,131
10,1149579,2015-07-03,1.0,False,0,0,0,C,15,BREAD/BAKERY,2708,1,0,1,2015,5,27,131
10,103520,2015-07-03,,False,0,0,0,C,15,GROCERY I,1028,0,0,1,2015,5,27,131
10,103520,2015-07-04,,False,0,0,0,C,15,GROCERY I,1028,0,0,1,2015,6,27,131
10,1149579,2015-07-04,7.0,False,0,0,0,C,15,BREAD/BAKERY,2708,1,0,1,2015,6,27,131
10,1149579,2015-07-05,3.0,True,0,0,0,C,15,BREAD/BAKERY,2708,1,0,1,2015,7,27,131
10,103520,2015-07-05,2.0,False,0,0,0,C,15,GROCERY I,1028,0,0,1,2015,7,27,131
10,1149579,2015-07-06,6.0,False,0,0,0,C,15,BREAD/BAKERY,2708,1,0,1,2015,1,28,132
10,103520,2015-07-06,,False,0,0,0,C,15,GROCERY I,1028,0,0,1,2015,1,28,132
10,1149579,2015-07-07,1.0,False,0,0,0,C,15,BREAD/BAKERY,2708,1,0,1,2015,2,28,132
10,103520,2015-07-07,1.0,False,0,0,0,C,15,GROCERY I,1028,0,0,1,2015,2,28,132
10,1149579,2015-07-08,4.0,False,0,0,0,C,15,BREAD/BAKERY,2708,1,0,1,2015,3,28,132
10,103520,2015-07-08,1.0,False,0,0,0,C,15,GROCERY I,1028,0,0,1,2015,3,28,132
10,103520,2015-07-09,,False,0,0,0,C,15,GROCERY I,1028,0,0,1,2015,4,28,132
10,1149579,2015-07-09,,False,0,0,0,C,15,BREAD/BAKERY,2708,1,0,1,2015,4,28,132
10,1149579,2015-07-10,2.0,False,0,0,0,C,15,BREAD/BAKERY,2708,1,0,1,2015,5,28,132
10,103520,2015-07-10,1.0,False,0,0,0,C,15,GROCERY I,1028,0,0,1,2015,5,28,132
10,103520,2015-07-11,,False,0,0,0,C,15,GROCERY I,1028,0,0,1,2015,6,28,132
10,1149579,2015-07-11,5.0,False,0,0,0,C,15,BREAD/BAKERY,2708,1,0,1,2015,6,28,132
10,1149579,2015-07-12,1.0,True,0,0,0,C,15,BREAD/BAKERY,2708,1,0,1,2015,7,28,132
10,103520,2015-07-12,2.0,False,0,0,0,C,15,GROCERY I,1028,0,0,1,2015,7,28,132
10,1149579,2015-07-13,8.0,False,0,0,0,C,15,BREAD/BAKERY,2708,1,0,1,2015,1,29,133
10,103520,2015-07-13,1.0,False,0,0,0,C,15,GROCERY I,1028,0,0,1,2015,1,29,133
10,103520,2015-07-14,,False,0,0,0,C,15,GROCERY I,1028,0,0,1,2015,2,29,133
10,1149579,2015-07-14,2.0,False,0,0,0,C,15,BREAD/BAKERY,2708,1,0,1,2015,2,29,133
10,103520,2015-07-15,,False,0,0,0,C,15,GROCERY I,1028,0,0,1,2015,3,29,133
10,1149579,2015-07-15,8.0,False,0,0,0,C,15,BREAD/BAKERY,2708,1,0,1,2015,3,29,133
10,1149579,2015-07-16,2.0,False,0,0,0,C,15,BREAD/BAKERY,2708,1,0,1,2015,4,29,133
10,103520,2015-07-16,,False,0,0,0,C,15,GROCERY I,1028,0,0,1,2015,4,29,133
10,1149579,2015-07-17,5.0,False,0,0,0,C,15,BREAD/BAKERY,2708,1,0,1,2015,5,29,133
10,103520,2015-07-17,3.0,False,0,0,0,C,15,GROCERY I,1028,0,0,1,2015,5,29,133
10,103520,2015-07-18,2.0,False,0,0,0,C,15,GROCERY I,1028,0,0,1,2015,6,29,133
10,1149579,2015-07-18,4.0,False,0,0,0,C,15,BREAD/BAKERY,2708,1,0,1,2015,6,29,133
10,1149579,2015-07-19,3.0,True,0,0,0,C,15,BREAD/BAKERY,2708,1,0,1,2015,7,29,133
10,103520,2015-07-19,,False,0,0,0,C,15,GROCERY I,1028,0,0,1,2015,7,29,133
10,1149579,2015-07-20,,False,0,0,0,C,15,BREAD/BAKERY,2708,1,0,1,2015,1,30,134
10,103520,2015-07-20,,False,0,0,0,C,15,GROCERY I,1028,0,0,1,2015,1,30,134
10,103520,2015-07-21,2.0,False,0,0,0,C,15,GROCERY I,1028,0,0,1,2015,2,30,134
10,1149579,2015-07-21,3.0,False,0,0,0,C,15,BREAD/BAKERY,2708,1,0,1,2015,2,30,134
10,103520,2015-07-22,,False,0,0,0,C,15,GROCERY I,1028,0,0,1,2015,3,30,134
10,1149579,2015-07-22,2.0,False,0,0,0,C,15,BREAD/BAKERY,2708,1,0,1,2015,3,30,134
10,103520,2015-07-23,,False,0,0,0,C,15,GROCERY I,1028,0,0,1,2015,4,30,134
10,1149579,2015-07-23,2.0,False,0,0,0,C,15,BREAD/BAKERY,2708,1,0,1,2015,4,30,134
10,103520,2015-07-24,2.0,False,0,0,0,C,15,GROCERY I,1028,0,0,1,2015,5,30,134
10,1149579,2015-07-24,1.0,False,0,0,0,C,15,BREAD/BAKERY,2708,1,0,1,2015,5,30,134
10,103520,2015-07-25,1.0,False,0,0,0,C,15,GROCERY I,1028,0,0,1,2015,6,30,134
10,1149579,2015-07-25,4.0,False,0,0,0,C,15,BREAD/BAKERY,2708,1,0,1,2015,6,30,134
10,1149579,2015-07-26,3.0,True,0,0,0,C,15,BREAD/BAKERY,2708,1,0,1,2015,7,30,134
10,103520,2015-07-26,,False,0,0,0,C,15,GROCERY I,1028,0,0,1,2015,7,30,134
10,1149579,2015-07-27,,False,0,0,0,C,15,BREAD/BAKERY,2708,1,0,1,2015,1,31,135
10,103520,2015-07-27,,False,0,0,0,C,15,GROCERY I,1028,0,0,1,2015,1,31,135
10,1149579,2015-07-28,7.0,False,0,0,0,C,15,BREAD/BAKERY,2708,1,0,1,2015,2,31,135
10,103520,2015-07-28,,False,0,0,0,C,15,GROCERY I,1028,0,0,1,2015,2,31,135
10,1149579,2015-07-29,3.0,False,0,0,0,C,15,BREAD/BAKERY,2708,1,0,1,2015,3,31,135
10,103520,2015-07-29,,False,0,0,0,C,15,GROCERY I,1028,0,0,1,2015,3,31,135
10,103520,2015-07-30,,False,0,0,0,C,15,GROCERY I,1028,0,0,1,2015,4,31,135
10,1149579,2015-07-30,6.0,False,0,0,0,C,15,BREAD/BAKERY,2708,1,0,1,2015,4,31,135
10,103520,2015-07-31,,False,0,0,0,C,15,GROCERY I,1028,0,0,1,2015,5,31,135
10,1149579,2015-07-31,8.0,False,0,0,0,C,15,BREAD/BAKERY,2708,1,0,1,2015,5,31,135
10,1149579,2015-08-01,2.0,False,0,0,0,C,15,BREAD/BAKERY,2708,1,0,1,2015,6,31,135
10,103520,2015-08-01,,False,0,0,0,C,15,GROCERY I,1028,0,0,1,2015,6,31,135
10,103520,2015-08-02,,False,0,0,0,C,15,GROCERY I,1028,0,0,1,2015,7,31,135
10,1149579,2015-08-02,,False,0,0,0,C,15,BREAD/BAKERY,2708,1,0,1,2015,7,31,135
10,103520,2015-08-03,,False,0,0,0,C,15,GROCERY I,1028,0,0,1,2015,1,32,136
10,1149579,2015-08-03,,False,0,0,0,C,15,BREAD/BAKERY,2708,1,0,1,2015,1,32,136
10,103520,2015-08-04,,False,0,0,0,C,15,GROCERY I,1028,0,0,1,2015,2,32,136
10,1149579,2015-08-04,3.0,False,0,0,0,C,15,BREAD/BAKERY,2708,1,0,1,2015,2,32,136
10,103520,2015-08-05,,False,0,0,0,C,15,GROCERY I,1028,0,0,1,2015,3,32,136
10,1149579,2015-08-05,4.0,False,0,0,0,C,15,BREAD/BAKERY,2708,1,0,1,2015,3,32,136
10,103520,2015-08-06,,False,0,0,0,C,15,GROCERY I,1028,0,0,1,2015,4,32,136
10,1149579,2015-08-06,7.0,False,0,0,0,C,15,BREAD/BAKERY,2708,1,0,1,2015,4,32,136
10,103520,2015-08-07,,False,0,0,0,C,15,GROCERY I,1028,0,0,1,2015,5,32,136
10,1149579,2015-08-07,2.0,False,0,0,0,C,15,BREAD/BAKERY,2708,1,0,1,2015,5,32,136
10,1149579,2015-08-08,,False,0,0,0,C,15,BREAD/BAKERY,2708,1,0,1,2015,6,32,136
10,103520,2015-08-08,,False,0,0,0,C,15,GROCERY I,1028,0,0,1,2015,6,32,136
10,1149579,2015-08-09,2.0,True,0,0,0,C,15,BREAD/BAKERY,2708,1,0,1,2015,7,32,136
10,103520,2015-08-09,,False,0,0,0,C,15,GROCERY I,1028,0,0,1,2015,7,32,136
10,103520,2015-08-10,,False,0,1,0,C,15,GROCERY I,1028,0,0,1,2015,1,33,137
10,1149579,2015-08-10,8.0,False,0,1,0,C,15,BREAD/BAKERY,2708,1,0,1,2015,1,33,137
10,1149579,2015-08-11,2.0,False,0,0,0,C,15,BREAD/BAKERY,2708,1,0,1,2015,2,33,137
10,103520,2015-08-11,1.0,False,0,0,0,C,15,GROCERY I,1028,0,0,1,2015,2,33,137
10,1149579,2015-08-12,1.0,False,0,0,0,C,15,BREAD/BAKERY,2708,1,0,1,2015,3,33,137
10,103520,2015-08-12,3.0,False,0,0,0,C,15,GROCERY I,1028,0,0,1,2015,3,33,137
10,1149579,2015-08-13,2.0,False,0,0,0,C,15,BREAD/BAKERY,2708,1,0,1,2015,4,33,137
10,103520,2015-08-13,,False,0,0,0,C,15,GROCERY I,1028,0,0,1,2015,4,33,137
10,103520,2015-08-14,,False,0,0,0,C,15,GROCERY I,1028,0,0,1,2015,5,33,137
10,1149579,2015-08-14,5.0,False,0,0,0,C,15,BREAD/BAKERY,2708,1,0,1,2015,5,33,137
10,1149579,2015-08-15,,False,0,0,0,C,15,BREAD/BAKERY,2708,1,0,1,2015,6,33,137
10,103520,2015-08-15,3.0,False,0,0,0,C,15,GROCERY I,1028,0,0,1,2015,6,33,137
10,103520,2015-08-16,1.0,False,0,0,0,C,15,GROCERY I,1028,0,0,1,2015,7,33,137
10,1149579,2015-08-16,7.0,True,0,0,0,C,15,BREAD/BAKERY,2708,1,0,1,2015,7,33,137
10,103520,2015-08-17,,False,0,0,0,C,15,GROCERY I,1028,0,0,1,2015,1,34,138
10,1149579,2015-08-17,5.0,False,0,0,0,C,15,BREAD/BAKERY,2708,1,0,1,2015,1,34,138
10,1149579,2015-08-18,5.0,False,0,0,0,C,15,BREAD/BAKERY,2708,1,0,1,2015,2,34,138
10,103520,2015-08-18,1.0,False,0,0,0,C,15,GROCERY I,1028,0,0,1,2015,2,34,138
10,103520,2015-08-19,1.0,False,0,0,0,C,15,GROCERY I,1028,0,0,1,2015,3,34,138
10,1149579,2015-08-19,3.0,False,0,0,0,C,15,BREAD/BAKERY,2708,1,0,1,2015,3,34,138
10,103520,2015-08-20,,False,0,0,0,C,15,GROCERY I,1028,0,0,1,2015,4,34,138
10,1149579,2015-08-20,2.0,False,0,0,0,C,15,BREAD/BAKERY,2708,1,0,1,2015,4,34,138
10,1149579,2015-08-21,,False,0,0,0,C,15,BREAD/BAKERY,2708,1,0,1,2015,5,34,138
10,103520,2015-08-21,,False,0,0,0,C,15,GROCERY I,1028,0,0,1,2015,5,34,138
10,1149579,2015-08-22,6.0,False,0,0,0,C,15,BREAD/BAKERY,2708,1,0,1,2015,6,34,138
10,103520,2015-08-22,,False,0,0,0,C,15,GROCERY I,1028,0,0,1,2015,6,34,138
10,1149579,2015-08-23,5.0,True,0,0,0,C,15,BREAD/BAKERY,2708,1,0,1,2015,7,34,138
10,103520,2015-08-23,,False,0,0,0,C,15,GROCERY I,1028,0,0,1,2015,7,34,138
10,103520,2015-08-24,,False,0,0,0,C,15,GROCERY I,1028,0,0,1,2015,1,35,139
10,1149579,2015-08-24,6.0,False,0,0,0,C,15,BREAD/BAKERY,2708,1,0,1,2015,1,35,139
10,1149579,2015-08-25,3.0,False,0,0,0,C,15,BREAD/BAKERY,2708,1,0,1,2015,2,35,139
10,103520,2015-08-25,,False,0,0,0,C,15,GROCERY I,1028,0,0,1,2015,2,35,139
10,103520,2015-08-26,,False,0,0,0,C,15,GROCERY I,1028,0,0,1,2015,3,35,139
10,1149579,2015-08-26,2.0,False,0,0,0,C,15,BREAD/BAKERY,2708,1,0,1,2015,3,35,139
10,103520,2015-08-27,,False,0,0,0,C,15,GROCERY I,1028,0,0,1,2015,4,35,139
10,1149579,2015-08-27,4.0,False,0,0,0,C,15,BREAD/BAKERY,2708,1,0,1,2015,4,35,139
10,1149579,2015-08-28,7.0,False,0,0,0,C,15,BREAD/BAKERY,2708,1,0,1,2015,5,35,139
10,103520,2015-08-28,1.0,False,0,0,0,C,15,GROCERY I,1028,0,0,1,2015,5,35,139
10,1149579,2015-08-29,5.0,False,0,0,0,C,15,BREAD/BAKERY,2708,1,0,1,2015,6,35,139
10,103520,2015-08-29,3.0,False,0,0,0,C,15,GROCERY I,1028,0,0,1,2015,6,35,139
10,103520,2015-08-30,,False,0,0,0,C,15,GROCERY I,1028,0,0,1,2015,7,35,139
10,1149579,2015-08-30,5.0,True,0,0,0,C,15,BREAD/BAKERY,2708,1,0,1,2015,7,35,139
10,103520,2015-08-31,,False,0,0,0,C,15,GROCERY I,1028,0,0,1,2015,1,36,140
10,1149579,2015-08-31,3.0,False,0,0,0,C,15,BREAD/BAKERY,2708,1,0,1,2015,1,36,140
10,103520,2015-09-01,,False,0,0,0,C,15,GROCERY I,1028,0,0,1,2015,2,36,140
10,1149579,2015-09-01,3.0,False,0,0,0,C,15,BREAD/BAKERY,2708,1,0,1,2015,2,36,140
10,1149579,2015-09-02,13.0,False,0,0,0,C,15,BREAD/BAKERY,2708,1,0,1,2015,3,36,140
10,103520,2015-09-02,,False,0,0,0,C,15,GROCERY I,1028,0,0,1,2015,3,36,140
10,1149579,2015-09-03,1.0,False,0,0,0,C,15,BREAD/BAKERY,2708,1,0,1,2015,4,36,140
10,103520,2015-09-03,3.0,False,0,0,0,C,15,GROCERY I,1028,0,0,1,2015,4,36,140
10,1149579,2015-09-04,,False,0,0,0,C,15,BREAD/BAKERY,2708,1,0,1,2015,5,36,140
10,103520,2015-09-04,1.0,False,0,0,0,C,15,GROCERY I,1028,0,0,1,2015,5,36,140
10,103520,2015-09-05,2.0,False,0,0,0,C,15,GROCERY I,1028,0,0,1,2015,6,36,140
10,1149579,2015-09-05,9.0,False,0,0,0,C,15,BREAD/BAKERY,2708,1,0,1,2015,6,36,140
10,103520,2015-09-06,1.0,False,0,0,0,C,15,GROCERY I,1028,0,0,1,2015,7,36,140
10,1149579,2015-09-06,3.0,True,0,0,0,C,15,BREAD/BAKERY,2708,1,0,1,2015,7,36,140
10,103520,2015-09-07,,False,0,0,0,C,15,GROCERY I,1028,0,0,1,2015,1,37,141
10,1149579,2015-09-07,7.0,False,0,0,0,C,15,BREAD/BAKERY,2708,1,0,1,2015,1,37,141
10,103520,2015-09-08,,False,0,0,0,C,15,GROCERY I,1028,0,0,1,2015,2,37,141
10,1149579,2015-09-08,11.0,False,0,0,0,C,15,BREAD/BAKERY,2708,1,0,1,2015,2,37,141
10,103520,2015-09-09,,False,0,0,0,C,15,GROCERY I,1028,0,0,1,2015,3,37,141
10,1149579,2015-09-09,1.0,False,0,0,0,C,15,BREAD/BAKERY,2708,1,0,1,2015,3,37,141
10,103520,2015-09-10,,False,0,0,0,C,15,GROCERY I,1028,0,0,1,2015,4,37,141
10,1149579,2015-09-10,7.0,False,0,0,0,C,15,BREAD/BAKERY,2708,1,0,1,2015,4,37,141
10,1149579,2015-09-11,1.0,False,0,0,0,C,15,BREAD/BAKERY,2708,1,0,1,2015,5,37,141
10,103520,2015-09-11,,False,0,0,0,C,15,GROCERY I,1028,0,0,1,2015,5,37,141
10,1149579,2015-09-12,2.0,False,0,0,0,C,15,BREAD/BAKERY,2708,1,0,1,2015,6,37,141
10,103520,2015-09-12,2.0,False,0,0,0,C,15,GROCERY I,1028,0,0,1,2015,6,37,141
10,1149579,2015-09-13,8.0,True,0,0,0,C,15,BREAD/BAKERY,2708,1,0,1,2015,7,37,141
10,103520,2015-09-13,,False,0,0,0,C,15,GROCERY I,1028,0,0,1,2015,7,37,141
10,103520,2015-09-14,,False,0,0,0,C,15,GROCERY I,1028,0,0,1,2015,1,38,142
10,1149579,2015-09-14,5.0,False,0,0,0,C,15,BREAD/BAKERY,2708,1,0,1,2015,1,38,142
10,1149579,2015-09-15,8.0,False,0,0,0,C,15,BREAD/BAKERY,2708,1,0,1,2015,2,38,142
10,103520,2015-09-15,2.0,False,0,0,0,C,15,GROCERY I,1028,0,0,1,2015,2,38,142
10,103520,2015-09-16,,False,0,0,0,C,15,GROCERY I,1028,0,0,1,2015,3,38,142
10,1149579,2015-09-16,1.0,False,0,0,0,C,15,BREAD/BAKERY,2708,1,0,1,2015,3,38,142
10,103520,2015-09-17,,False,0,0,0,C,15,GROCERY I,1028,0,0,1,2015,4,38,142
10,1149579,2015-09-17,6.0,False,0,0,0,C,15,BREAD/BAKERY,2708,1,0,1,2015,4,38,142
10,103520,2015-09-18,,False,0,0,0,C,15,GROCERY I,1028,0,0,1,2015,5,38,142
10,1149579,2015-09-18,5.0,False,0,0,0,C,15,BREAD/BAKERY,2708,1,0,1,2015,5,38,142
10,1149579,2015-09-19,10.0,False,0,0,0,C,15,BREAD/BAKERY,2708,1,0,1,2015,6,38,142
10,103520,2015-09-19,2.0,False,0,0,0,C,15,GROCERY I,1028,0,0,1,2015,6,38,142
10,1149579,2015-09-20,2.0,True,0,0,0,C,15,BREAD/BAKERY,2708,1,0,1,2015,7,38,142
10,103520,2015-09-20,,False,0,0,0,C,15,GROCERY I,1028,0,0,1,2015,7,38,142
10,1149579,2015-09-21,1.0,False,0,0,0,C,15,BREAD/BAKERY,2708,1,0,1,2015,1,39,143
10,103520,2015-09-21,,False,0,0,0,C,15,GROCERY I,1028,0,0,1,2015,1,39,143
10,103520,2015-09-22,1.0,False,0,0,0,C,15,GROCERY I,1028,0,0,1,2015,2,39,143
10,1149579,2015-09-22,3.0,False,0,0,0,C,15,BREAD/BAKERY,2708,1,0,1,2015,2,39,143
10,103520,2015-09-23,,False,0,0,0,C,15,GROCERY I,1028,0,0,1,2015,3,39,143
10,1149579,2015-09-23,6.0,False,0,0,0,C,15,BREAD/BAKERY,2708,1,0,1,2015,3,39,143
10,103520,2015-09-24,1.0,False,0,0,0,C,15,GROCERY I,1028,0,0,1,2015,4,39,143
10,1149579,2015-09-24,3.0,False,0,0,0,C,15,BREAD/BAKERY,2708,1,0,1,2015,4,39,143
10,103520,2015-09-25,1.0,False,0,0,0,C,15,GROCERY I,1028,0,0,1,2015,5,39,143
10,1149579,2015-09-25,6.0,False,0,0,0,C,15,BREAD/BAKERY,2708,1,0,1,2015,5,39,143
10,103520,2015-09-26,3.0,False,0,0,0,C,15,GROCERY I,1028,0,0,1,2015,6,39,143
10,1149579,2015-09-26,5.0,False,0,0,0,C,15,BREAD/BAKERY,2708,1,0,1,2015,6,39,143
10,1149579,2015-09-27,8.0,True,0,0,0,C,15,BREAD/BAKERY,2708,1,0,1,2015,7,39,143
10,103520,2015-09-27,,False,0,0,0,C,15,GROCERY I,1028,0,0,1,2015,7,39,143
10,1149579,2015-09-28,2.0,False,0,0,0,C,15,BREAD/BAKERY,2708,1,0,1,2015,1,40,144
10,103520,2015-09-28,2.0,False,0,0,0,C,15,GROCERY I,1028,0,0,1,2015,1,40,144
10,1149579,2015-09-29,6.0,False,0,0,0,C,15,BREAD/BAKERY,2708,1,0,1,2015,2,40,144
10,103520,2015-09-29,2.0,False,0,0,0,C,15,GROCERY I,1028,0,0,1,2015,2,40,144
10,103520,2015-09-30,1.0,False,0,0,0,C,15,GROCERY I,1028,0,0,1,2015,3,40,144
10,1149579,2015-09-30,2.0,False,0,0,0,C,15,BREAD/BAKERY,2708,1,0,1,2015,3,40,144
10,103520,2015-10-01,1.0,False,0,0,0,C,15,GROCERY I,1028,0,0,1,2015,4,40,144
10,1149579,2015-10-01,5.0,False,0,0,0,C,15,BREAD/BAKERY,2708,1,0,1,2015,4,40,144
10,1149579,2015-10-02,6.0,False,0,0,0,C,15,BREAD/BAKERY,2708,1,0,1,2015,5,40,144
10,103520,2015-10-02,2.0,False,0,0,0,C,15,GROCERY I,1028,0,0,1,2015,5,40,144
10,1149579,2015-10-03,3.0,False,0,0,0,C,15,BREAD/BAKERY,2708,1,0,1,2015,6,40,144
10,103520,2015-10-03,1.0,False,0,0,0,C,15,GROCERY I,1028,0,0,1,2015,6,40,144
10,103520,2015-10-04,,False,0,0,0,C,15,GROCERY I,1028,0,0,1,2015,7,40,144
10,1149579,2015-10-04,3.0,True,0,0,0,C,15,BREAD/BAKERY,2708,1,0,1,2015,7,40,144
10,1149579,2015-10-05,5.0,False,0,0,0,C,15,BREAD/BAKERY,2708,1,0,1,2015,1,41,145
10,103520,2015-10-05,4.0,False,0,0,0,C,15,GROCERY I,1028,0,0,1,2015,1,41,145
10,1149579,2015-10-06,5.0,False,0,0,0,C,15,BREAD/BAKERY,2708,1,0,1,2015,2,41,145
10,103520,2015-10-06,,False,0,0,0,C,15,GROCERY I,1028,0,0,1,2015,2,41,145
10,103520,2015-10-07,,False,0,0,0,C,15,GROCERY I,1028,0,0,1,2015,3,41,145
10,1149579,2015-10-07,5.0,False,0,0,0,C,15,BREAD/BAKERY,2708,1,0,1,2015,3,41,145
10,103520,2015-10-08,1.0,False,0,0,0,C,15,GROCERY I,1028,0,0,1,2015,4,41,145
10,1149579,2015-10-08,5.0,False,0,0,0,C,15,BREAD/BAKERY,2708,1,0,1,2015,4,41,145
10,1149579,2015-10-09,4.0,False,0,1,0,C,15,BREAD/BAKERY,2708,1,0,1,2015,5,41,145
10,103520,2015-10-09,,False,0,1,0,C,15,GROCERY I,1028,0,0,1,2015,5,41,145
10,1149579,2015-10-10,4.0,False,0,0,0,C,15,BREAD/BAKERY,2708,1,0,1,2015,6,41,145
10,103520,2015-10-10,1.0,False,0,0,0,C,15,GROCERY I,1028,0,0,1,2015,6,41,145
10,103520,2015-10-11,2.0,False,0,0,0,C,15,GROCERY I,1028,0,0,1,2015,7,41,145
10,1149579,2015-10-11,9.0,True,0,0,0,C,15,BREAD/BAKERY,2708,1,0,1,2015,7,41,145
10,1149579,2015-10-12,,False,0,0,0,C,15,BREAD/BAKERY,2708,1,0,1,2015,1,42,146
10,103520,2015-10-12,1.0,False,0,0,0,C,15,GROCERY I,1028,0,0,1,2015,1,42,146
10,103520,2015-10-13,,False,0,0,0,C,15,GROCERY I,1028,0,0,1,2015,2,42,146
10,1149579,2015-10-13,7.0,False,0,0,0,C,15,BREAD/BAKERY,2708,1,0,1,2015,2,42,146
10,103520,2015-10-14,1.0,False,0,0,0,C,15,GROCERY I,1028,0,0,1,2015,3,42,146
10,1149579,2015-10-14,9.0,False,0,0,0,C,15,BREAD/BAKERY,2708,1,0,1,2015,3,42,146
10,1149579,2015-10-15,,False,0,0,0,C,15,BREAD/BAKERY,2708,1,0,1,2015,4,42,146
10,103520,2015-10-15,,False,0,0,0,C,15,GROCERY I,1028,0,0,1,2015,4,42,146
10,103520,2015-10-16,4.0,False,0,0,0,C,15,GROCERY I,1028,0,0,1,2015,5,42,146
10,1149579,2015-10-16,4.0,False,0,0,0,C,15,BREAD/BAKERY,2708,1,0,1,2015,5,42,146
10,1149579,2015-10-17,3.0,False,0,0,0,C,15,BREAD/BAKERY,2708,1,0,1,2015,6,42,146
10,103520,2015-10-17,,False,0,0,0,C,15,GROCERY I,1028,0,0,1,2015,6,42,146
10,103520,2015-10-18,,False,0,0,0,C,15,GROCERY I,1028,0,0,1,2015,7,42,146
10,1149579,2015-10-18,7.0,True,0,0,0,C,15,BREAD/BAKERY,2708,1,0,1,2015,7,42,146
10,1149579,2015-10-19,3.0,False,0,0,0,C,15,BREAD/BAKERY,2708,1,0,1,2015,1,43,147
10,103520,2015-10-19,,False,0,0,0,C,15,GROCERY I,1028,0,0,1,2015,1,43,147
10,103520,2015-10-20,,False,0,0,0,C,15,GROCERY I,1028,0,0,1,2015,2,43,147
10,1149579,2015-10-20,7.0,False,0,0,0,C,15,BREAD/BAKERY,2708,1,0,1,2015,2,43,147
10,103520,2015-10-21,1.0,False,0,0,0,C,15,GROCERY I,1028,0,0,1,2015,3,43,147
10,1149579,2015-10-21,8.0,False,0,0,0,C,15,BREAD/BAKERY,2708,1,0,1,2015,3,43,147
10,103520,2015-10-22,,False,0,0,0,C,15,GROCERY I,1028,0,0,1,2015,4,43,147
10,1149579,2015-10-22,,False,0,0,0,C,15,BREAD/BAKERY,2708,1,0,1,2015,4,43,147
10,103520,2015-10-23,,False,0,0,0,C,15,GROCERY I,1028,0,0,1,2015,5,43,147
10,1149579,2015-10-23,8.0,False,0,0,0,C,15,BREAD/BAKERY,2708,1,0,1,2015,5,43,147
10,1149579,2015-10-24,,False,0,0,0,C,15,BREAD/BAKERY,2708,1,0,1,2015,6,43,147
10,103520,2015-10-24,3.0,False,0,0,0,C,15,GROCERY I,1028,0,0,1,2015,6,43,147
10,103520,2015-10-25,,False,0,0,0,C,15,GROCERY I,1028,0,0,1,2015,7,43,147
10,1149579,2015-10-25,4.0,True,0,0,0,C,15,BREAD/BAKERY,2708,1,0,1,2015,7,43,147
10,1149579,2015-10-26,4.0,False,0,0,0,C,15,BREAD/BAKERY,2708,1,0,1,2015,1,44,148
10,103520,2015-10-26,,False,0,0,0,C,15,GROCERY I,1028,0,0,1,2015,1,44,148
10,103520,2015-10-27,,False,0,0,0,C,15,GROCERY I,1028,0,0,1,2015,2,44,148
10,1149579,2015-10-27,8.0,False,0,0,0,C,15,BREAD/BAKERY,2708,1,0,1,2015,2,44,148
10,1149579,2015-10-28,7.0,False,0,0,0,C,15,BREAD/BAKERY,2708,1,0,1,2015,3,44,148
10,103520,2015-10-28,,False,0,0,0,C,15,GROCERY I,1028,0,0,1,2015,3,44,148
10,1149579,2015-10-29,1.0,False,0,0,0,C,15,BREAD/BAKERY,2708,1,0,1,2015,4,44,148
10,103520,2015-10-29,1.0,False,0,0,0,C,15,GROCERY I,1028,0,0,1,2015,4,44,148
10,1149579,2015-10-30,3.0,False,0,0,0,C,15,BREAD/BAKERY,2708,1,0,1,2015,5,44,148
10,103520,2015-10-30,,False,0,0,0,C,15,GROCERY I,1028,0,0,1,2015,5,44,148
10,103520,2015-10-31,1.0,False,0,0,0,C,15,GROCERY I,1028,0,0,1,2015,6,44,148
10,1149579,2015-10-31,5.0,False,0,0,0,C,15,BREAD/BAKERY,2708,1,0,1,2015,6,44,148
10,1149579,2015-11-01,3.0,True,0,0,0,C,15,BREAD/BAKERY,2708,1,0,1,2015,7,44,148
10,103520,2015-11-01,1.0,False,0,0,0,C,15,GROCERY I,1028,0,0,1,2015,7,44,148
10,103520,2015-11-02,1.0,False,0,1,0,C,15,GROCERY I,1028,0,0,1,2015,1,45,149
10,1149579,2015-11-02,2.0,False,0,1,0,C,15,BREAD/BAKERY,2708,1,0,1,2015,1,45,149
10,103520,2015-11-03,1.0,False,0,1,0,C,15,GROCERY I,1028,0,0,1,2015,2,45,149
10,1149579,2015-11-03,6.0,False,0,1,0,C,15,BREAD/BAKERY,2708,1,0,1,2015,2,45,149
10,1149579,2015-11-04,4.0,False,0,0,0,C,15,BREAD/BAKERY,2708,1,0,1,2015,3,45,149
10,103520,2015-11-04,2.0,False,0,0,0,C,15,GROCERY I,1028,0,0,1,2015,3,45,149
10,103520,2015-11-05,1.0,False,0,0,0,C,15,GROCERY I,1028,0,0,1,2015,4,45,149
10,1149579,2015-11-05,1.0,False,0,0,0,C,15,BREAD/BAKERY,2708,1,0,1,2015,4,45,149
10,1149579,2015-11-06,1.0,False,0,0,0,C,15,BREAD/BAKERY,2708,1,0,1,2015,5,45,149
10,103520,2015-11-06,,False,0,0,0,C,15,GROCERY I,1028,0,0,1,2015,5,45,149
10,1149579,2015-11-07,7.0,False,0,0,0,C,15,BREAD/BAKERY,2708,1,0,1,2015,6,45,149
10,103520,2015-11-07,1.0,False,0,0,0,C,15,GROCERY I,1028,0,0,1,2015,6,45,149
10,103520,2015-11-08,1.0,False,0,0,0,C,15,GROCERY I,1028,0,0,1,2015,7,45,149
10,1149579,2015-11-08,10.0,True,0,0,0,C,15,BREAD/BAKERY,2708,1,0,1,2015,7,45,149
10,1149579,2015-11-09,4.0,False,0,0,0,C,15,BREAD/BAKERY,2708,1,0,1,2015,1,46,150
10,103520,2015-11-09,,False,0,0,0,C,15,GROCERY I,1028,0,0,1,2015,1,46,150
10,103520,2015-11-10,,False,0,0,0,C,15,GROCERY I,1028,0,0,1,2015,2,46,150
10,1149579,2015-11-10,4.0,False,0,0,0,C,15,BREAD/BAKERY,2708,1,0,1,2015,2,46,150
10,103520,2015-11-11,,False,0,0,0,C,15,GROCERY I,1028,0,0,1,2015,3,46,150
10,1149579,2015-11-11,3.0,False,0,0,0,C,15,BREAD/BAKERY,2708,1,0,1,2015,3,46,150
10,103520,2015-11-12,,False,0,0,0,C,15,GROCERY I,1028,0,0,1,2015,4,46,150
10,1149579,2015-11-12,5.0,False,0,0,0,C,15,BREAD/BAKERY,2708,1,0,1,2015,4,46,150
10,1149579,2015-11-13,2.0,False,0,0,0,C,15,BREAD/BAKERY,2708,1,0,1,2015,5,46,150
10,103520,2015-11-13,3.0,False,0,0,0,C,15,GROCERY I,1028,0,0,1,2015,5,46,150
10,1149579,2015-11-14,4.0,False,0,0,0,C,15,BREAD/BAKERY,2708,1,0,1,2015,6,46,150
10,103520,2015-11-14,,False,0,0,0,C,15,GROCERY I,1028,0,0,1,2015,6,46,150
10,103520,2015-11-15,1.0,False,0,0,0,C,15,GROCERY I,1028,0,0,1,2015,7,46,150
10,1149579,2015-11-15,4.0,True,0,0,0,C,15,BREAD/BAKERY,2708,1,0,1,2015,7,46,150
10,103520,2015-11-16,,False,0,0,0,C,15,GROCERY I,1028,0,0,1,2015,1,47,151
10,1149579,2015-11-16,3.0,False,0,0,0,C,15,BREAD/BAKERY,2708,1,0,1,2015,1,47,151
10,1149579,2015-11-17,7.0,False,0,0,0,C,15,BREAD/BAKERY,2708,1,0,1,2015,2,47,151
10,103520,2015-11-17,2.0,False,0,0,0,C,15,GROCERY I,1028,0,0,1,2015,2,47,151
10,103520,2015-11-18,,False,0,0,0,C,15,GROCERY I,1028,0,0,1,2015,3,47,151
10,1149579,2015-11-18,4.0,False,0,0,0,C,15,BREAD/BAKERY,2708,1,0,1,2015,3,47,151
10,1149579,2015-11-19,5.0,False,0,0,0,C,15,BREAD/BAKERY,2708,1,0,1,2015,4,47,151
10,103520,2015-11-19,1.0,False,0,0,0,C,15,GROCERY I,1028,0,0,1,2015,4,47,151
10,103520,2015-11-20,1.0,True,0,0,0,C,15,GROCERY I,1028,0,0,1,2015,5,47,151
10,1149579,2015-11-20,,False,0,0,0,C,15,BREAD/BAKERY,2708,1,0,1,2015,5,47,151
10,1149579,2015-11-21,3.0,False,0,0,0,C,15,BREAD/BAKERY,2708,1,0,1,2015,6,47,151
10,103520,2015-11-21,1.0,False,0,0,0,C,15,GROCERY I,1028,0,0,1,2015,6,47,151
10,103520,2015-11-22,1.0,True,0,0,0,C,15,GROCERY I,1028,0,0,1,2015,7,47,151
10,1149579,2015-11-22,8.0,True,0,0,0,C,15,BREAD/BAKERY,2708,1,0,1,2015,7,47,151
10,103520,2015-11-23,,False,0,0,0,C,15,GROCERY I,1028,0,0,1,2015,1,48,152
10,1149579,2015-11-23,4.0,False,0,0,0,C,15,BREAD/BAKERY,2708,1,0,1,2015,1,48,152
10,1149579,2015-11-24,3.0,False,0,0,0,C,15,BREAD/BAKERY,2708,1,0,1,2015,2,48,152
10,103520,2015-11-24,,False,0,0,0,C,15,GROCERY I,1028,0,0,1,2015,2,48,152
10,103520,2015-11-25,,False,0,0,0,C,15,GROCERY I,1028,0,0,1,2015,3,48,152
10,1149579,2015-11-25,7.0,False,0,0,0,C,15,BREAD/BAKERY,2708,1,0,1,2015,3,48,152
10,103520,2015-11-26,,False,0,0,0,C,15,GROCERY I,1028,0,0,1,2015,4,48,152
10,1149579,2015-11-26,4.0,False,0,0,0,C,15,BREAD/BAKERY,2708,1,0,1,2015,4,48,152
10,103520,2015-11-27,2.0,True,0,1,0,C,15,GROCERY I,1028,0,0,1,2015,5,48,152
10,1149579,2015-11-27,1.0,False,0,1,0,C,15,BREAD/BAKERY,2708,1,0,1,2015,5,48,152
10,103520,2015-11-28,,False,0,0,0,C,15,GROCERY I,1028,0,0,1,2015,6,48,152
10,1149579,2015-11-28,5.0,False,0,0,0,C,15,BREAD/BAKERY,2708,1,0,1,2015,6,48,152
10,1149579,2015-11-29,4.0,True,0,0,0,C,15,BREAD/BAKERY,2708,1,0,1,2015,7,48,152
10,103520,2015-11-29,,False,0,0,0,C,15,GROCERY I,1028,0,0,1,2015,7,48,152
10,103520,2015-11-30,,False,0,1,0,C,15,GROCERY I,1028,0,0,1,2015,1,49,153
10,1149579,2015-11-30,5.0,False,0,1,0,C,15,BREAD/BAKERY,2708,1,0,1,2015,1,49,153
10,1149579,2015-12-01,4.0,False,0,0,0,C,15,BREAD/BAKERY,2708,1,0,1,2015,2,49,153
10,103520,2015-12-01,2.0,True,0,0,0,C,15,GROCERY I,1028,0,0,1,2015,2,49,153
10,1149579,2015-12-02,11.0,False,0,0,0,C,15,BREAD/BAKERY,2708,1,0,1,2015,3,49,153
10,103520,2015-12-02,2.0,True,0,0,0,C,15,GROCERY I,1028,0,0,1,2015,3,49,153
10,1149579,2015-12-03,2.0,False,0,0,0,C,15,BREAD/BAKERY,2708,1,0,1,2015,4,49,153
10,103520,2015-12-03,2.0,False,0,0,0,C,15,GROCERY I,1028,0,0,1,2015,4,49,153
10,103520,2015-12-04,1.0,False,0,0,0,C,15,GROCERY I,1028,0,0,1,2015,5,49,153
10,1149579,2015-12-04,3.0,False,0,0,0,C,15,BREAD/BAKERY,2708,1,0,1,2015,5,49,153
10,1149579,2015-12-05,3.0,False,1,0,0,C,15,BREAD/BAKERY,2708,1,0,1,2015,6,49,153
10,103520,2015-12-05,1.0,True,1,0,0,C,15,GROCERY I,1028,0,0,1,2015,6,49,153
10,1149579,2015-12-06,1.0,True,1,0,0,C,15,BREAD/BAKERY,2708,1,0,1,2015,7,49,153
10,103520,2015-12-06,,False,1,0,0,C,15,GROCERY I,1028,0,0,1,2015,7,49,153
10,103520,2015-12-07,,False,0,0,0,C,15,GROCERY I,1028,0,0,1,2015,1,50,154
10,1149579,2015-12-07,2.0,False,0,0,0,C,15,BREAD/BAKERY,2708,1,0,1,2015,1,50,154
10,1149579,2015-12-08,3.0,False,0,0,0,C,15,BREAD/BAKERY,2708,1,0,1,2015,2,50,154
10,103520,2015-12-08,,False,0,0,0,C,15,GROCERY I,1028,0,0,1,2015,2,50,154
10,1149579,2015-12-09,9.0,False,0,0,0,C,15,BREAD/BAKERY,2708,1,0,1,2015,3,50,154
10,103520,2015-12-09,,False,0,0,0,C,15,GROCERY I,1028,0,0,1,2015,3,50,154
10,103520,2015-12-10,,False,0,0,0,C,15,GROCERY I,1028,0,0,1,2015,4,50,154
10,1149579,2015-12-10,2.0,False,0,0,0,C,15,BREAD/BAKERY,2708,1,0,1,2015,4,50,154
10,1149579,2015-12-11,3.0,False,0,0,0,C,15,BREAD/BAKERY,2708,1,0,1,2015,5,50,154
10,103520,2015-12-11,1.0,False,0,0,0,C,15,GROCERY I,1028,0,0,1,2015,5,50,154
10,103520,2015-12-12,2.0,False,0,0,0,C,15,GROCERY I,1028,0,0,1,2015,6,50,154
10,1149579,2015-12-12,10.0,False,0,0,0,C,15,BREAD/BAKERY,2708,1,0,1,2015,6,50,154
10,1149579,2015-12-13,2.0,True,0,0,0,C,15,BREAD/BAKERY,2708,1,0,1,2015,7,50,154
10,103520,2015-12-13,,False,0,0,0,C,15,GROCERY I,1028,0,0,1,2015,7,50,154
10,103520,2015-12-14,4.0,False,0,0,0,C,15,GROCERY I,1028,0,0,1,2015,1,51,155
10,1149579,2015-12-14,6.0,False,0,0,0,C,15,BREAD/BAKERY,2708,1,0,1,2015,1,51,155
10,1149579,2015-12-15,5.0,False,0,0,0,C,15,BREAD/BAKERY,2708,1,0,1,2015,2,51,155
10,103520,2015-12-15,3.0,True,0,0,0,C,15,GROCERY I,1028,0,0,1,2015,2,51,155
10,1149579,2015-12-16,2.0,False,0,0,0,C,15,BREAD/BAKERY,2708,1,0,1,2015,3,51,155
10,103520,2015-12-16,2.0,False,0,0,0,C,15,GROCERY I,1028,0,0,1,2015,3,51,155
10,103520,2015-12-17,3.0,True,0,0,0,C,15,GROCERY I,1028,0,0,1,2015,4,51,155
10,1149579,2015-12-17,5.0,False,0,0,0,C,15,BREAD/BAKERY,2708,1,0,1,2015,4,51,155
10,103520,2015-12-18,2.0,False,0,0,0,C,15,GROCERY I,1028,0,0,1,2015,5,51,155
10,1149579,2015-12-18,1.0,False,0,0,0,C,15,BREAD/BAKERY,2708,1,0,1,2015,5,51,155
10,1149579,2015-12-19,1.0,False,0,0,0,C,15,BREAD/BAKERY,2708,1,0,1,2015,6,51,155
10,103520,2015-12-19,2.0,False,0,0,0,C,15,GROCERY I,1028,0,0,1,2015,6,51,155
10,103520,2015-12-20,4.0,True,0,0,0,C,15,GROCERY I,1028,0,0,1,2015,7,51,155
10,1149579,2015-12-20,2.0,True,0,0,0,C,15,BREAD/BAKERY,2708,1,0,1,2015,7,51,155
10,103520,2015-12-21,3.0,False,0,1,0,C,15,GROCERY I,1028,0,0,1,2015,1,52,156
10,1149579,2015-12-21,2.0,False,0,1,0,C,15,BREAD/BAKERY,2708,1,0,1,2015,1,52,156
10,103520,2015-12-22,2.0,False,0,1,0,C,15,GROCERY I,1028,0,0,1,2015,2,52,156
10,1149579,2015-12-22,4.0,False,0,1,0,C,15,BREAD/BAKERY,2708,1,0,1,2015,2,52,156
10,1149579,2015-12-23,7.0,False,0,1,0,C,15,BREAD/BAKERY,2708,1,0,1,2015,3,52,156
10,103520,2015-12-23,6.0,True,0,1,0,C,15,GROCERY I,1028,0,0,1,2015,3,52,156
10,103520,2015-12-24,13.0,False,0,1,0,C,15,GROCERY I,1028,0,0,1,2015,4,52,156
10,1149579,2015-12-24,3.0,False,0,1,0,C,15,BREAD/BAKERY,2708,1,0,1,2015,4,52,156
10,103520,2015-12-25,0.0,False,0,1,0,C,15,GROCERY I,1028,0,4,1,2015,5,52,156
10,1149579,2015-12-25,0.0,False,0,1,0,C,15,BREAD/BAKERY,2708,1,4,1,2015,5,52,156
10,103520,2015-12-26,7.0,False,0,1,0,C,15,GROCERY I,1028,0,0,1,2015,6,52,156
10,1149579,2015-12-26,8.0,False,0,1,0,C,15,BREAD/BAKERY,2708,1,0,1,2015,6,52,156
10,1149579,2015-12-27,1.0,True,0,0,0,C,15,BREAD/BAKERY,2708,1,0,1,2015,7,52,156
10,103520,2015-12-27,3.0,True,0,0,0,C,15,GROCERY I,1028,0,0,1,2015,7,52,156
10,1149579,2015-12-28,3.0,False,0,0,0,C,15,BREAD/BAKERY,2708,1,0,1,2015,1,53,157
10,103520,2015-12-28,3.0,False,0,0,0,C,15,GROCERY I,1028,0,0,1,2015,1,53,157
10,1149579,2015-12-29,7.0,False,0,0,0,C,15,BREAD/BAKERY,2708,1,0,1,2015,2,53,157
10,103520,2015-12-29,,False,0,0,0,C,15,GROCERY I,1028,0,0,1,2015,2,53,157
10,1149579,2015-12-30,2.0,False,0,0,0,C,15,BREAD/BAKERY,2708,1,0,1,2015,3,53,157
10,103520,2015-12-30,,False,0,0,0,C,15,GROCERY I,1028,0,0,1,2015,3,53,157
10,1149579,2015-12-31,4.0,False,0,1,0,C,15,BREAD/BAKERY,2708,1,0,1,2015,4,53,157
10,103520,2015-12-31,2.0,False,0,1,0,C,15,GROCERY I,1028,0,0,1,2015,4,53,157
10,1149579,2016-01-01,0.0,False,0,1,0,C,15,BREAD/BAKERY,2708,1,4,1,2015,5,53,157
10,103520,2016-01-01,0.0,False,0,1,0,C,15,GROCERY I,1028,0,4,1,2015,5,53,157
10,1149579,2016-01-02,3.0,False,0,0,0,C,15,BREAD/BAKERY,2708,1,0,1,2015,6,53,157
10,103520,2016-01-02,,False,0,0,0,C,15,GROCERY I,1028,0,0,1,2015,6,53,157
10,103520,2016-01-03,,False,0,0,0,C,15,GROCERY I,1028,0,0,1,2015,7,53,157
10,1149579,2016-01-03,14.0,True,0,0,0,C,15,BREAD/BAKERY,2708,1,0,1,2015,7,53,157
10,103520,2016-01-04,2.0,False,0,0,0,C,15,GROCERY I,1028,0,0,1,2016,1,1,158
10,1149579,2016-01-04,2.0,False,0,0,0,C,15,BREAD/BAKERY,2708,1,0,1,2016,1,1,158
10,1149579,2016-01-05,1.0,False,0,0,0,C,15,BREAD/BAKERY,2708,1,0,1,2016,2,1,158
10,103520,2016-01-05,1.0,False,0,0,0,C,15,GROCERY I,1028,0,0,1,2016,2,1,158
10,103520,2016-01-06,,False,0,0,0,C,15,GROCERY I,1028,0,0,1,2016,3,1,158
10,1149579,2016-01-06,8.0,False,0,0,0,C,15,BREAD/BAKERY,2708,1,0,1,2016,3,1,158
10,103520,2016-01-07,1.0,False,0,0,0,C,15,GROCERY I,1028,0,0,1,2016,4,1,158
10,1149579,2016-01-07,2.0,False,0,0,0,C,15,BREAD/BAKERY,2708,1,0,1,2016,4,1,158
10,103520,2016-01-08,,False,0,0,0,C,15,GROCERY I,1028,0,0,1,2016,5,1,158
10,1149579,2016-01-08,2.0,False,0,0,0,C,15,BREAD/BAKERY,2708,1,0,1,2016,5,1,158
10,1149579,2016-01-09,2.0,False,0,0,0,C,15,BREAD/BAKERY,2708,1,0,1,2016,6,1,158
10,103520,2016-01-09,,False,0,0,0,C,15,GROCERY I,1028,0,0,1,2016,6,1,158
10,1149579,2016-01-10,5.0,True,0,0,0,C,15,BREAD/BAKERY,2708,1,0,1,2016,7,1,158
10,103520,2016-01-10,,False,0,0,0,C,15,GROCERY I,1028,0,0,1,2016,7,1,158
10,103520,2016-01-11,,False,0,0,0,C,15,GROCERY I,1028,0,0,1,2016,1,2,159
10,1149579,2016-01-11,4.0,False,0,0,0,C,15,BREAD/BAKERY,2708,1,0,1,2016,1,2,159
10,1149579,2016-01-12,8.0,False,0,0,0,C,15,BREAD/BAKERY,2708,1,0,1,2016,2,2,159
10,103520,2016-01-12,,False,0,0,0,C,15,GROCERY I,1028,0,0,1,2016,2,2,159
10,103520,2016-01-13,1.0,True,0,0,0,C,15,GROCERY I,1028,0,0,1,2016,3,2,159
10,1149579,2016-01-13,2.0,False,0,0,0,C,15,BREAD/BAKERY,2708,1,0,1,2016,3,2,159
10,103520,2016-01-14,,False,0,0,0,C,15,GROCERY I,1028,0,0,1,2016,4,2,159
10,1149579,2016-01-14,3.0,False,0,0,0,C,15,BREAD/BAKERY,2708,1,0,1,2016,4,2,159
10,103520,2016-01-15,,False,0,0,0,C,15,GROCERY I,1028,0,0,1,2016,5,2,159
10,1149579,2016-01-15,3.0,False,0,0,0,C,15,BREAD/BAKERY,2708,1,0,1,2016,5,2,159
10,1149579,2016-01-16,,False,0,0,0,C,15,BREAD/BAKERY,2708,1,0,1,2016,6,2,159
10,103520,2016-01-16,1.0,False,0,0,0,C,15,GROCERY I,1028,0,0,1,2016,6,2,159
10,103520,2016-01-17,,False,0,0,0,C,15,GROCERY I,1028,0,0,1,2016,7,2,159
10,1149579,2016-01-17,6.0,True,0,0,0,C,15,BREAD/BAKERY,2708,1,0,1,2016,7,2,159
10,103520,2016-01-18,,False,0,0,0,C,15,GROCERY I,1028,0,0,1,2016,1,3,160
10,1149579,2016-01-18,6.0,False,0,0,0,C,15,BREAD/BAKERY,2708,1,0,1,2016,1,3,160
10,1149579,2016-01-19,4.0,False,0,0,0,C,15,BREAD/BAKERY,2708,1,0,1,2016,2,3,160
10,103520,2016-01-19,,False,0,0,0,C,15,GROCERY I,1028,0,0,1,2016,2,3,160
10,103520,2016-01-20,2.0,True,0,0,0,C,15,GROCERY I,1028,0,0,1,2016,3,3,160
10,1149579,2016-01-20,4.0,False,0,0,0,C,15,BREAD/BAKERY,2708,1,0,1,2016,3,3,160
10,1149579,2016-01-21,2.0,False,0,0,0,C,15,BREAD/BAKERY,2708,1,0,1,2016,4,3,160
10,103520,2016-01-21,1.0,False,0,0,0,C,15,GROCERY I,1028,0,0,1,2016,4,3,160
10,103520,2016-01-22,,False,0,0,0,C,15,GROCERY I,1028,0,0,1,2016,5,3,160
10,1149579,2016-01-22,10.0,False,0,0,0,C,15,BREAD/BAKERY,2708,1,0,1,2016,5,3,160
10,103520,2016-01-23,,False,0,0,0,C,15,GROCERY I,1028,0,0,1,2016,6,3,160
10,1149579,2016-01-23,,False,0,0,0,C,15,BREAD/BAKERY,2708,1,0,1,2016,6,3,160
10,1149579,2016-01-24,4.0,True,0,0,0,C,15,BREAD/BAKERY,2708,1,0,1,2016,7,3,160
10,103520,2016-01-24,,False,0,0,0,C,15,GROCERY I,1028,0,0,1,2016,7,3,160
10,1149579,2016-01-25,1.0,False,0,0,0,C,15,BREAD/BAKERY,2708,1,0,1,2016,1,4,161
10,103520,2016-01-25,,False,0,0,0,C,15,GROCERY I,1028,0,0,1,2016,1,4,161
10,103520,2016-01-26,,False,0,0,0,C,15,GROCERY I,1028,0,0,1,2016,2,4,161
10,1149579,2016-01-26,2.0,False,0,0,0,C,15,BREAD/BAKERY,2708,1,0,1,2016,2,4,161
10,1149579,2016-01-27,1.0,False,0,0,0,C,15,BREAD/BAKERY,2708,1,0,1,2016,3,4,161
10,103520,2016-01-27,1.0,False,0,0,0,C,15,GROCERY I,1028,0,0,1,2016,3,4,161
10,1149579,2016-01-28,4.0,False,0,0,0,C,15,BREAD/BAKERY,2708,1,0,1,2016,4,4,161
10,103520,2016-01-28,1.0,False,0,0,0,C,15,GROCERY I,1028,0,0,1,2016,4,4,161
10,103520,2016-01-29,,False,0,0,0,C,15,GROCERY I,1028,0,0,1,2016,5,4,161
10,1149579,2016-01-29,1.0,False,0,0,0,C,15,BREAD/BAKERY,2708,1,0,1,2016,5,4,161
10,1149579,2016-01-30,2.0,False,0,0,0,C,15,BREAD/BAKERY,2708,1,0,1,2016,6,4,161
10,103520,2016-01-30,,False,0,0,0,C,15,GROCERY I,1028,0,0,1,2016,6,4,161
10,103520,2016-01-31,,False,0,0,0,C,15,GROCERY I,1028,0,0,1,2016,7,4,161
10,1149579,2016-01-31,5.0,True,0,0,0,C,15,BREAD/BAKERY,2708,1,0,1,2016,7,4,161
10,1149579,2016-02-01,2.0,False,0,0,0,C,15,BREAD/BAKERY,2708,1,0,1,2016,1,5,162
10,103520,2016-02-01,,False,0,0,0,C,15,GROCERY I,1028,0,0,1,2016,1,5,162
10,103520,2016-02-02,,False,0,0,0,C,15,GROCERY I,1028,0,0,1,2016,2,5,162
10,1149579,2016-02-02,1.0,False,0,0,0,C,15,BREAD/BAKERY,2708,1,0,1,2016,2,5,162
10,103520,2016-02-03,,False,0,0,0,C,15,GROCERY I,1028,0,0,1,2016,3,5,162
10,1149579,2016-02-03,3.0,False,0,0,0,C,15,BREAD/BAKERY,2708,1,0,1,2016,3,5,162
10,1149579,2016-02-04,2.0,False,0,0,0,C,15,BREAD/BAKERY,2708,1,0,1,2016,4,5,162
10,103520,2016-02-04,,False,0,0,0,C,15,GROCERY I,1028,0,0,1,2016,4,5,162
10,103520,2016-02-05,,False,0,0,0,C,15,GROCERY I,1028,0,0,1,2016,5,5,162
10,1149579,2016-02-05,2.0,False,0,0,0,C,15,BREAD/BAKERY,2708,1,0,1,2016,5,5,162
10,103520,2016-02-06,1.0,False,0,0,0,C,15,GROCERY I,1028,0,0,1,2016,6,5,162
10,1149579,2016-02-06,4.0,False,0,0,0,C,15,BREAD/BAKERY,2708,1,0,1,2016,6,5,162
10,1149579,2016-02-07,2.0,True,0,0,0,C,15,BREAD/BAKERY,2708,1,0,1,2016,7,5,162
10,103520,2016-02-07,1.0,False,0,0,0,C,15,GROCERY I,1028,0,0,1,2016,7,5,162
10,103520,2016-02-08,1.0,False,0,1,0,C,15,GROCERY I,1028,0,0,1,2016,1,6,163
10,1149579,2016-02-08,2.0,False,0,1,0,C,15,BREAD/BAKERY,2708,1,0,1,2016,1,6,163
10,103520,2016-02-09,,False,0,1,0,C,15,GROCERY I,1028,0,0,1,2016,2,6,163
10,1149579,2016-02-09,4.0,False,0,1,0,C,15,BREAD/BAKERY,2708,1,0,1,2016,2,6,163
10,103520,2016-02-10,1.0,False,0,0,0,C,15,GROCERY I,1028,0,0,1,2016,3,6,163
10,1149579,2016-02-10,2.0,False,0,0,0,C,15,BREAD/BAKERY,2708,1,0,1,2016,3,6,163
10,103520,2016-02-11,,False,0,0,0,C,15,GROCERY I,1028,0,0,1,2016,4,6,163
10,1149579,2016-02-11,2.0,False,0,0,0,C,15,BREAD/BAKERY,2708,1,0,1,2016,4,6,163
10,103520,2016-02-12,,False,0,0,0,C,15,GROCERY I,1028,0,0,1,2016,5,6,163
10,1149579,2016-02-12,1.0,False,0,0,0,C,15,BREAD/BAKERY,2708,1,0,1,2016,5,6,163
10,1149579,2016-02-13,1.0,False,0,0,0,C,15,BREAD/BAKERY,2708,1,0,1,2016,6,6,163
10,103520,2016-02-13,6.0,False,0,0,0,C,15,GROCERY I,1028,0,0,1,2016,6,6,163
10,103520,2016-02-14,2.0,False,0,0,0,C,15,GROCERY I,1028,0,0,1,2016,7,6,163
10,1149579,2016-02-14,,False,0,0,0,C,15,BREAD/BAKERY,2708,1,0,1,2016,7,6,163
10,103520,2016-02-15,2.0,False,0,0,0,C,15,GROCERY I,1028,0,0,1,2016,1,7,164
10,1149579,2016-02-15,,False,0,0,0,C,15,BREAD/BAKERY,2708,1,0,1,2016,1,7,164
10,103520,2016-02-16,,False,0,0,0,C,15,GROCERY I,1028,0,0,1,2016,2,7,164
10,1149579,2016-02-16,3.0,False,0,0,0,C,15,BREAD/BAKERY,2708,1,0,1,2016,2,7,164
10,103520,2016-02-17,2.0,False,0,0,0,C,15,GROCERY I,1028,0,0,1,2016,3,7,164
10,1149579,2016-02-17,5.0,False,0,0,0,C,15,BREAD/BAKERY,2708,1,0,1,2016,3,7,164
10,1149579,2016-02-18,2.0,False,0,0,0,C,15,BREAD/BAKERY,2708,1,0,1,2016,4,7,164
10,103520,2016-02-18,,False,0,0,0,C,15,GROCERY I,1028,0,0,1,2016,4,7,164
10,1149579,2016-02-19,2.0,False,0,0,0,C,15,BREAD/BAKERY,2708,1,0,1,2016,5,7,164
10,103520,2016-02-19,,False,0,0,0,C,15,GROCERY I,1028,0,0,1,2016,5,7,164
10,103520,2016-02-20,,False,0,0,0,C,15,GROCERY I,1028,0,0,1,2016,6,7,164
10,1149579,2016-02-20,4.0,False,0,0,0,C,15,BREAD/BAKERY,2708,1,0,1,2016,6,7,164
10,103520,2016-02-21,,False,0,0,0,C,15,GROCERY I,1028,0,0,1,2016,7,7,164
10,1149579,2016-02-21,3.0,True,0,0,0,C,15,BREAD/BAKERY,2708,1,0,1,2016,7,7,164
10,1149579,2016-02-22,2.0,False,0,0,0,C,15,BREAD/BAKERY,2708,1,0,1,2016,1,8,165
10,103520,2016-02-22,,False,0,0,0,C,15,GROCERY I,1028,0,0,1,2016,1,8,165
10,1149579,2016-02-23,6.0,False,0,0,0,C,15,BREAD/BAKERY,2708,1,0,1,2016,2,8,165
10,103520,2016-02-23,,False,0,0,0,C,15,GROCERY I,1028,0,0,1,2016,2,8,165
10,103520,2016-02-24,,False,0,0,0,C,15,GROCERY I,1028,0,0,1,2016,3,8,165
10,1149579,2016-02-24,2.0,False,0,0,0,C,15,BREAD/BAKERY,2708,1,0,1,2016,3,8,165
10,1149579,2016-02-25,,False,0,0,0,C,15,BREAD/BAKERY,2708,1,0,1,2016,4,8,165
10,103520,2016-02-25,1.0,False,0,0,0,C,15,GROCERY I,1028,0,0,1,2016,4,8,165
10,1149579,2016-02-26,1.0,False,0,0,0,C,15,BREAD/BAKERY,2708,1,0,1,2016,5,8,165
10,103520,2016-02-26,,False,0,0,0,C,15,GROCERY I,1028,0,0,1,2016,5,8,165
10,1149579,2016-02-27,2.0,False,0,0,0,C,15,BREAD/BAKERY,2708,1,0,1,2016,6,8,165
10,103520,2016-02-27,,False,0,0,0,C,15,GROCERY I,1028,0,0,1,2016,6,8,165
10,103520,2016-02-28,1.0,False,0,0,0,C,15,GROCERY I,1028,0,0,1,2016,7,8,165
10,1149579,2016-02-28,4.0,True,0,0,0,C,15,BREAD/BAKERY,2708,1,0,1,2016,7,8,165
10,103520,2016-02-29,2.0,False,0,0,0,C,15,GROCERY I,1028,0,0,1,2016,1,9,166
10,1149579,2016-02-29,3.0,False,0,0,0,C,15,BREAD/BAKERY,2708,1,0,1,2016,1,9,166
10,103520,2016-03-01,,False,0,0,0,C,15,GROCERY I,1028,0,0,1,2016,2,9,166
10,1149579,2016-03-01,4.0,False,0,0,0,C,15,BREAD/BAKERY,2708,1,0,1,2016,2,9,166
10,1149579,2016-03-02,5.0,False,0,0,0,C,15,BREAD/BAKERY,2708,1,0,1,2016,3,9,166
10,103520,2016-03-02,1.0,False,0,0,0,C,15,GROCERY I,1028,0,0,1,2016,3,9,166
10,103520,2016-03-03,1.0,False,0,0,0,C,15,GROCERY I,1028,0,0,1,2016,4,9,166
10,1149579,2016-03-03,6.0,False,0,0,0,C,15,BREAD/BAKERY,2708,1,0,1,2016,4,9,166
10,103520,2016-03-04,,False,0,0,0,C,15,GROCERY I,1028,0,0,1,2016,5,9,166
10,1149579,2016-03-04,2.0,False,0,0,0,C,15,BREAD/BAKERY,2708,1,0,1,2016,5,9,166
10,1149579,2016-03-05,1.0,False,0,0,0,C,15,BREAD/BAKERY,2708,1,0,1,2016,6,9,166
10,103520,2016-03-05,,False,0,0,0,C,15,GROCERY I,1028,0,0,1,2016,6,9,166
10,103520,2016-03-06,,False,0,0,0,C,15,GROCERY I,1028,0,0,1,2016,7,9,166
10,1149579,2016-03-06,6.0,True,0,0,0,C,15,BREAD/BAKERY,2708,1,0,1,2016,7,9,166
10,1149579,2016-03-07,2.0,False,0,0,0,C,15,BREAD/BAKERY,2708,1,0,1,2016,1,10,167
10,103520,2016-03-07,1.0,False,0,0,0,C,15,GROCERY I,1028,0,0,1,2016,1,10,167
10,103520,2016-03-08,,False,0,0,0,C,15,GROCERY I,1028,0,0,1,2016,2,10,167
10,1149579,2016-03-08,3.0,False,0,0,0,C,15,BREAD/BAKERY,2708,1,0,1,2016,2,10,167
10,1149579,2016-03-09,2.0,False,0,0,0,C,15,BREAD/BAKERY,2708,1,0,1,2016,3,10,167
10,103520,2016-03-09,,False,0,0,0,C,15,GROCERY I,1028,0,0,1,2016,3,10,167
10,1149579,2016-03-10,,False,0,0,0,C,15,BREAD/BAKERY,2708,1,0,1,2016,4,10,167
10,103520,2016-03-10,1.0,False,0,0,0,C,15,GROCERY I,1028,0,0,1,2016,4,10,167
10,103520,2016-03-11,2.0,False,0,0,0,C,15,GROCERY I,1028,0,0,1,2016,5,10,167
10,1149579,2016-03-11,3.0,False,0,0,0,C,15,BREAD/BAKERY,2708,1,0,1,2016,5,10,167
10,103520,2016-03-12,1.0,False,0,0,0,C,15,GROCERY I,1028,0,0,1,2016,6,10,167
10,1149579,2016-03-12,,False,0,0,0,C,15,BREAD/BAKERY,2708,1,0,1,2016,6,10,167
10,103520,2016-03-13,,False,0,0,0,C,15,GROCERY I,1028,0,0,1,2016,7,10,167
10,1149579,2016-03-13,4.0,True,0,0,0,C,15,BREAD/BAKERY,2708,1,0,1,2016,7,10,167
10,103520,2016-03-14,,False,0,0,0,C,15,GROCERY I,1028,0,0,1,2016,1,11,168
10,1149579,2016-03-14,2.0,False,0,0,0,C,15,BREAD/BAKERY,2708,1,0,1,2016,1,11,168
10,1149579,2016-03-15,2.0,False,0,0,0,C,15,BREAD/BAKERY,2708,1,0,1,2016,2,11,168
10,103520,2016-03-15,,False,0,0,0,C,15,GROCERY I,1028,0,0,1,2016,2,11,168
10,1149579,2016-03-16,3.0,False,0,0,0,C,15,BREAD/BAKERY,2708,1,0,1,2016,3,11,168
10,103520,2016-03-16,,False,0,0,0,C,15,GROCERY I,1028,0,0,1,2016,3,11,168
10,1149579,2016-03-17,1.0,False,0,0,0,C,15,BREAD/BAKERY,2708,1,0,1,2016,4,11,168
10,103520,2016-03-17,,False,0,0,0,C,15,GROCERY I,1028,0,0,1,2016,4,11,168
10,103520,2016-03-18,,False,0,0,0,C,15,GROCERY I,1028,0,0,1,2016,5,11,168
10,1149579,2016-03-18,4.0,False,0,0,0,C,15,BREAD/BAKERY,2708,1,0,1,2016,5,11,168
10,103520,2016-03-19,1.0,False,0,0,0,C,15,GROCERY I,1028,0,0,1,2016,6,11,168
10,1149579,2016-03-19,4.0,False,0,0,0,C,15,BREAD/BAKERY,2708,1,0,1,2016,6,11,168
10,103520,2016-03-20,,False,0,0,0,C,15,GROCERY I,1028,0,0,1,2016,7,11,168
10,1149579,2016-03-20,4.0,True,0,0,0,C,15,BREAD/BAKERY,2708,1,0,1,2016,7,11,168
10,1149579,2016-03-21,4.0,False,0,0,0,C,15,BREAD/BAKERY,2708,1,0,1,2016,1,12,169
10,103520,2016-03-21,,False,0,0,0,C,15,GROCERY I,1028,0,0,1,2016,1,12,169
10,103520,2016-03-22,,False,0,0,0,C,15,GROCERY I,1028,0,0,1,2016,2,12,169
10,1149579,2016-03-22,3.0,False,0,0,0,C,15,BREAD/BAKERY,2708,1,0,1,2016,2,12,169
10,1149579,2016-03-23,,False,0,0,0,C,15,BREAD/BAKERY,2708,1,0,1,2016,3,12,169
10,103520,2016-03-23,,False,0,0,0,C,15,GROCERY I,1028,0,0,1,2016,3,12,169
10,103520,2016-03-24,1.0,False,0,0,0,C,15,GROCERY I,1028,0,0,1,2016,4,12,169
10,1149579,2016-03-24,,False,0,0,0,C,15,BREAD/BAKERY,2708,1,0,1,2016,4,12,169
10,1149579,2016-03-25,,False,0,1,0,C,15,BREAD/BAKERY,2708,1,0,1,2016,5,12,169
10,103520,2016-03-25,,False,0,1,0,C,15,GROCERY I,1028,0,0,1,2016,5,12,169
10,1149579,2016-03-26,2.0,False,0,0,0,C,15,BREAD/BAKERY,2708,1,0,1,2016,6,12,169
10,103520,2016-03-26,,False,0,0,0,C,15,GROCERY I,1028,0,0,1,2016,6,12,169
10,103520,2016-03-27,,False,0,0,0,C,15,GROCERY I,1028,0,0,1,2016,7,12,169
10,1149579,2016-03-27,1.0,True,0,0,0,C,15,BREAD/BAKERY,2708,1,0,1,2016,7,12,169
10,103520,2016-03-28,1.0,False,0,0,0,C,15,GROCERY I,1028,0,0,1,2016,1,13,170
10,1149579,2016-03-28,2.0,False,0,0,0,C,15,BREAD/BAKERY,2708,1,0,1,2016,1,13,170
10,1149579,2016-03-29,2.0,False,0,0,0,C,15,BREAD/BAKERY,2708,1,0,1,2016,2,13,170
10,103520,2016-03-29,,False,0,0,0,C,15,GROCERY I,1028,0,0,1,2016,2,13,170
10,103520,2016-03-30,,False,0,0,0,C,15,GROCERY I,1028,0,0,1,2016,3,13,170
10,1149579,2016-03-30,,False,0,0,0,C,15,BREAD/BAKERY,2708,1,0,1,2016,3,13,170
10,103520,2016-03-31,,False,0,0,0,C,15,GROCERY I,1028,0,0,1,2016,4,13,170
10,1149579,2016-03-31,3.0,False,0,0,0,C,15,BREAD/BAKERY,2708,1,0,1,2016,4,13,170
10,103520,2016-04-01,2.0,False,0,0,0,C,15,GROCERY I,1028,0,0,1,2016,5,13,170
10,1149579,2016-04-01,5.0,False,0,0,0,C,15,BREAD/BAKERY,2708,1,0,1,2016,5,13,170
10,1149579,2016-04-02,,False,0,0,0,C,15,BREAD/BAKERY,2708,1,0,1,2016,6,13,170
10,103520,2016-04-02,1.0,False,0,0,0,C,15,GROCERY I,1028,0,0,1,2016,6,13,170
10,103520,2016-04-03,,False,0,0,0,C,15,GROCERY I,1028,0,0,1,2016,7,13,170
10,1149579,2016-04-03,4.0,True,0,0,0,C,15,BREAD/BAKERY,2708,1,0,1,2016,7,13,170
10,1149579,2016-04-04,4.0,False,0,0,0,C,15,BREAD/BAKERY,2708,1,0,1,2016,1,14,171
10,103520,2016-04-04,1.0,True,0,0,0,C,15,GROCERY I,1028,0,0,1,2016,1,14,171
10,103520,2016-04-05,1.0,False,0,0,0,C,15,GROCERY I,1028,0,0,1,2016,2,14,171
10,1149579,2016-04-05,1.0,False,0,0,0,C,15,BREAD/BAKERY,2708,1,0,1,2016,2,14,171
10,1149579,2016-04-06,5.0,False,0,0,0,C,15,BREAD/BAKERY,2708,1,0,1,2016,3,14,171
10,103520,2016-04-06,1.0,False,0,0,0,C,15,GROCERY I,1028,0,0,1,2016,3,14,171
10,1149579,2016-04-07,2.0,False,0,0,0,C,15,BREAD/BAKERY,2708,1,0,1,2016,4,14,171
10,103520,2016-04-07,,False,0,0,0,C,15,GROCERY I,1028,0,0,1,2016,4,14,171
10,1149579,2016-04-08,1.0,False,0,0,0,C,15,BREAD/BAKERY,2708,1,0,1,2016,5,14,171
10,103520,2016-04-08,1.0,False,0,0,0,C,15,GROCERY I,1028,0,0,1,2016,5,14,171
10,1149579,2016-04-09,1.0,False,0,0,0,C,15,BREAD/BAKERY,2708,1,0,1,2016,6,14,171
10,103520,2016-04-09,3.0,False,0,0,0,C,15,GROCERY I,1028,0,0,1,2016,6,14,171
10,1149579,2016-04-10,7.0,True,0,0,0,C,15,BREAD/BAKERY,2708,1,0,1,2016,7,14,171
10,103520,2016-04-10,,False,0,0,0,C,15,GROCERY I,1028,0,0,1,2016,7,14,171
10,103520,2016-04-11,,False,0,0,0,C,15,GROCERY I,1028,0,0,1,2016,1,15,172
10,1149579,2016-04-11,4.0,False,0,0,0,C,15,BREAD/BAKERY,2708,1,0,1,2016,1,15,172
10,103520,2016-04-12,3.0,False,0,0,0,C,15,GROCERY I,1028,0,0,1,2016,2,15,172
10,1149579,2016-04-12,3.0,False,0,0,0,C,15,BREAD/BAKERY,2708,1,0,1,2016,2,15,172
10,103520,2016-04-13,,False,0,0,0,C,15,GROCERY I,1028,0,0,1,2016,3,15,172
10,1149579,2016-04-13,3.0,False,0,0,0,C,15,BREAD/BAKERY,2708,1,0,1,2016,3,15,172
10,103520,2016-04-14,2.0,False,0,0,0,C,15,GROCERY I,1028,0,0,1,2016,4,15,172
10,1149579,2016-04-14,1.0,False,0,0,0,C,15,BREAD/BAKERY,2708,1,0,1,2016,4,15,172
10,103520,2016-04-15,1.0,False,0,0,0,C,15,GROCERY I,1028,0,0,1,2016,5,15,172
10,1149579,2016-04-15,,False,0,0,0,C,15,BREAD/BAKERY,2708,1,0,1,2016,5,15,172
10,1149579,2016-04-16,4.0,False,0,0,0,C,15,BREAD/BAKERY,2708,1,0,1,2016,6,15,172
10,103520,2016-04-16,5.0,False,0,0,0,C,15,GROCERY I,1028,0,0,1,2016,6,15,172
10,103520,2016-04-17,,False,0,0,0,C,15,GROCERY I,1028,0,0,1,2016,7,15,172
10,1149579,2016-04-17,2.0,True,0,0,0,C,15,BREAD/BAKERY,2708,1,0,1,2016,7,15,172
10,103520,2016-04-18,1.0,False,0,0,0,C,15,GROCERY I,1028,0,0,1,2016,1,16,173
10,1149579,2016-04-18,,False,0,0,0,C,15,BREAD/BAKERY,2708,1,0,1,2016,1,16,173
10,1149579,2016-04-19,2.0,False,0,0,0,C,15,BREAD/BAKERY,2708,1,0,1,2016,2,16,173
10,103520,2016-04-19,1.0,False,0,0,0,C,15,GROCERY I,1028,0,0,1,2016,2,16,173
10,103520,2016-04-20,,False,0,0,0,C,15,GROCERY I,1028,0,0,1,2016,3,16,173
10,1149579,2016-04-20,3.0,False,0,0,0,C,15,BREAD/BAKERY,2708,1,0,1,2016,3,16,173
10,1149579,2016-04-21,7.0,False,0,0,0,C,15,BREAD/BAKERY,2708,1,0,1,2016,4,16,173
10,103520,2016-04-21,,False,0,0,0,C,15,GROCERY I,1028,0,0,1,2016,4,16,173
10,1149579,2016-04-22,3.0,False,0,0,0,C,15,BREAD/BAKERY,2708,1,0,1,2016,5,16,173
10,103520,2016-04-22,,False,0,0,0,C,15,GROCERY I,1028,0,0,1,2016,5,16,173
10,1149579,2016-04-23,,False,0,0,0,C,15,BREAD/BAKERY,2708,1,0,1,2016,6,16,173
10,103520,2016-04-23,,False,0,0,0,C,15,GROCERY I,1028,0,0,1,2016,6,16,173
10,103520,2016-04-24,3.0,False,0,0,0,C,15,GROCERY I,1028,0,0,1,2016,7,16,173
10,1149579,2016-04-24,3.0,True,0,0,0,C,15,BREAD/BAKERY,2708,1,0,1,2016,7,16,173
10,1149579,2016-04-25,1.0,False,0,0,0,C,15,BREAD/BAKERY,2708,1,0,1,2016,1,17,174
10,103520,2016-04-25,1.0,False,0,0,0,C,15,GROCERY I,1028,0,0,1,2016,1,17,174
10,1149579,2016-04-26,3.0,False,0,0,0,C,15,BREAD/BAKERY,2708,1,0,1,2016,2,17,174
10,103520,2016-04-26,1.0,False,0,0,0,C,15,GROCERY I,1028,0,0,1,2016,2,17,174
10,103520,2016-04-27,,False,0,0,0,C,15,GROCERY I,1028,0,0,1,2016,3,17,174
10,1149579,2016-04-27,4.0,False,0,0,0,C,15,BREAD/BAKERY,2708,1,0,1,2016,3,17,174
10,1149579,2016-04-28,,False,0,0,0,C,15,BREAD/BAKERY,2708,1,0,1,2016,4,17,174
10,103520,2016-04-28,1.0,False,0,0,0,C,15,GROCERY I,1028,0,0,1,2016,4,17,174
10,103520,2016-04-29,2.0,False,0,0,0,C,15,GROCERY I,1028,0,0,1,2016,5,17,174
10,1149579,2016-04-29,1.0,False,0,0,0,C,15,BREAD/BAKERY,2708,1,0,1,2016,5,17,174
10,103520,2016-04-30,,False,0,0,0,C,15,GROCERY I,1028,0,0,1,2016,6,17,174
10,1149579,2016-04-30,3.0,False,0,0,0,C,15,BREAD/BAKERY,2708,1,0,1,2016,6,17,174
10,1149579,2016-05-01,8.0,True,0,1,0,C,15,BREAD/BAKERY,2708,1,0,1,2016,7,17,174
10,103520,2016-05-01,3.0,False,0,1,0,C,15,GROCERY I,1028,0,0,1,2016,7,17,174
10,1149579,2016-05-02,2.0,False,0,0,0,C,15,BREAD/BAKERY,2708,1,0,1,2016,1,18,175
10,103520,2016-05-02,1.0,False,0,0,0,C,15,GROCERY I,1028,0,0,1,2016,1,18,175
10,1149579,2016-05-03,1.0,False,0,0,0,C,15,BREAD/BAKERY,2708,1,0,1,2016,2,18,175
10,103520,2016-05-03,,False,0,0,0,C,15,GROCERY I,1028,0,0,1,2016,2,18,175
10,103520,2016-05-04,2.0,False,0,0,0,C,15,GROCERY I,1028,0,0,1,2016,3,18,175
10,1149579,2016-05-04,3.0,False,0,0,0,C,15,BREAD/BAKERY,2708,1,0,1,2016,3,18,175
10,1149579,2016-05-05,5.0,False,0,0,0,C,15,BREAD/BAKERY,2708,1,0,1,2016,4,18,175
10,103520,2016-05-05,2.0,False,0,0,0,C,15,GROCERY I,1028,0,0,1,2016,4,18,175
10,103520,2016-05-06,4.0,False,0,0,0,C,15,GROCERY I,1028,0,0,1,2016,5,18,175
10,1149579,2016-05-06,2.0,False,0,0,0,C,15,BREAD/BAKERY,2708,1,0,1,2016,5,18,175
10,103520,2016-05-07,3.0,False,0,1,0,C,15,GROCERY I,1028,0,0,1,2016,6,18,175
10,1149579,2016-05-07,5.0,False,0,1,0,C,15,BREAD/BAKERY,2708,1,0,1,2016,6,18,175
10,1149579,2016-05-08,,False,0,1,0,C,15,BREAD/BAKERY,2708,1,0,1,2016,7,18,175
10,103520,2016-05-08,4.0,False,0,1,0,C,15,GROCERY I,1028,0,0,1,2016,7,18,175
10,1149579,2016-05-09,2.0,False,0,0,0,C,15,BREAD/BAKERY,2708,1,0,1,2016,1,19,176
10,103520,2016-05-09,1.0,False,0,0,0,C,15,GROCERY I,1028,0,0,1,2016,1,19,176
10,103520,2016-05-10,,False,0,0,0,C,15,GROCERY I,1028,0,0,1,2016,2,19,176
10,1149579,2016-05-10,1.0,False,0,0,0,C,15,BREAD/BAKERY,2708,1,0,1,2016,2,19,176
10,103520,2016-05-11,,False,0,0,0,C,15,GROCERY I,1028,0,0,1,2016,3,19,176
10,1149579,2016-05-11,6.0,False,0,0,0,C,15,BREAD/BAKERY,2708,1,0,1,2016,3,19,176
10,1149579,2016-05-12,,False,0,0,0,C,15,BREAD/BAKERY,2708,1,0,1,2016,4,19,176
10,103520,2016-05-12,,False,0,0,0,C,15,GROCERY I,1028,0,0,1,2016,4,19,176
10,103520,2016-05-13,,False,0,0,0,C,15,GROCERY I,1028,0,0,1,2016,5,19,176
10,1149579,2016-05-13,,False,0,0,0,C,15,BREAD/BAKERY,2708,1,0,1,2016,5,19,176
10,1149579,2016-05-14,1.0,False,0,0,0,C,15,BREAD/BAKERY,2708,1,0,1,2016,6,19,176
10,103520,2016-05-14,,False,0,0,0,C,15,GROCERY I,1028,0,0,1,2016,6,19,176
10,1149579,2016-05-15,4.0,True,0,0,0,C,15,BREAD/BAKERY,2708,1,0,1,2016,7,19,176
10,103520,2016-05-15,1.0,False,0,0,0,C,15,GROCERY I,1028,0,0,1,2016,7,19,176
10,1149579,2016-05-16,1.0,False,0,0,0,C,15,BREAD/BAKERY,2708,1,0,1,2016,1,20,177
10,103520,2016-05-16,,False,0,0,0,C,15,GROCERY I,1028,0,0,1,2016,1,20,177
10,103520,2016-05-17,1.0,False,0,0,0,C,15,GROCERY I,1028,0,0,1,2016,2,20,177
10,1149579,2016-05-17,3.0,False,0,0,0,C,15,BREAD/BAKERY,2708,1,0,1,2016,2,20,177
10,1149579,2016-05-18,3.0,False,0,0,0,C,15,BREAD/BAKERY,2708,1,0,1,2016,3,20,177
10,103520,2016-05-18,,False,0,0,0,C,15,GROCERY I,1028,0,0,1,2016,3,20,177
10,103520,2016-05-19,1.0,False,0,0,0,C,15,GROCERY I,1028,0,0,1,2016,4,20,177
10,1149579,2016-05-19,2.0,False,0,0,0,C,15,BREAD/BAKERY,2708,1,0,1,2016,4,20,177
10,103520,2016-05-20,,False,0,0,0,C,15,GROCERY I,1028,0,0,1,2016,5,20,177
10,1149579,2016-05-20,2.0,False,0,0,0,C,15,BREAD/BAKERY,2708,1,0,1,2016,5,20,177
10,1149579,2016-05-21,3.0,False,0,0,0,C,15,BREAD/BAKERY,2708,1,0,1,2016,6,20,177
10,103520,2016-05-21,,False,0,0,0,C,15,GROCERY I,1028,0,0,1,2016,6,20,177
10,103520,2016-05-22,,False,0,0,0,C,15,GROCERY I,1028,0,0,1,2016,7,20,177
10,1149579,2016-05-22,2.0,True,0,0,0,C,15,BREAD/BAKERY,2708,1,0,1,2016,7,20,177
10,1149579,2016-05-23,3.0,False,0,0,0,C,15,BREAD/BAKERY,2708,1,0,1,2016,1,21,178
10,103520,2016-05-23,,False,0,0,0,C,15,GROCERY I,1028,0,0,1,2016,1,21,178
10,1149579,2016-05-24,1.0,False,0,1,0,C,15,BREAD/BAKERY,2708,1,0,1,2016,2,21,178
10,103520,2016-05-24,,False,0,1,0,C,15,GROCERY I,1028,0,0,1,2016,2,21,178
10,103520,2016-05-25,2.0,False,0,0,0,C,15,GROCERY I,1028,0,0,1,2016,3,21,178
10,1149579,2016-05-25,1.0,False,0,0,0,C,15,BREAD/BAKERY,2708,1,0,1,2016,3,21,178
10,1149579,2016-05-26,1.0,False,0,0,0,C,15,BREAD/BAKERY,2708,1,0,1,2016,4,21,178
10,103520,2016-05-26,1.0,False,0,0,0,C,15,GROCERY I,1028,0,0,1,2016,4,21,178
10,1149579,2016-05-27,2.0,False,0,1,0,C,15,BREAD/BAKERY,2708,1,0,1,2016,5,21,178
10,103520,2016-05-27,1.0,False,0,1,0,C,15,GROCERY I,1028,0,0,1,2016,5,21,178
10,103520,2016-05-28,,False,0,0,0,C,15,GROCERY I,1028,0,0,1,2016,6,21,178
10,1149579,2016-05-28,5.0,False,0,0,0,C,15,BREAD/BAKERY,2708,1,0,1,2016,6,21,178
10,103520,2016-05-29,,False,0,0,0,C,15,GROCERY I,1028,0,0,1,2016,7,21,178
10,1149579,2016-05-29,1.0,True,0,0,0,C,15,BREAD/BAKERY,2708,1,0,1,2016,7,21,178
10,1149579,2016-05-30,,False,0,0,0,C,15,BREAD/BAKERY,2708,1,0,1,2016,1,22,179
10,103520,2016-05-30,,False,0,0,0,C,15,GROCERY I,1028,0,0,1,2016,1,22,179
10,103520,2016-05-31,2.0,False,0,0,0,C,15,GROCERY I,1028,0,0,1,2016,2,22,179
10,1149579,2016-05-31,3.0,False,0,0,0,C,15,BREAD/BAKERY,2708,1,0,1,2016,2,22,179
10,1149579,2016-06-01,4.0,False,0,0,0,C,15,BREAD/BAKERY,2708,1,0,1,2016,3,22,179
10,103520,2016-06-01,2.0,False,0,0,0,C,15,GROCERY I,1028,0,0,1,2016,3,22,179
10,103520,2016-06-02,,False,0,0,0,C,15,GROCERY I,1028,0,0,1,2016,4,22,179
10,1149579,2016-06-02,3.0,True,0,0,0,C,15,BREAD/BAKERY,2708,1,0,1,2016,4,22,179
10,1149579,2016-06-03,2.0,True,0,0,0,C,15,BREAD/BAKERY,2708,1,0,1,2016,5,22,179
10,103520,2016-06-03,4.0,False,0,0,0,C,15,GROCERY I,1028,0,0,1,2016,5,22,179
10,103520,2016-06-04,,False,0,0,0,C,15,GROCERY I,1028,0,0,1,2016,6,22,179
10,1149579,2016-06-04,4.0,True,0,0,0,C,15,BREAD/BAKERY,2708,1,0,1,2016,6,22,179
10,103520,2016-06-05,2.0,False,0,0,0,C,15,GROCERY I,1028,0,0,1,2016,7,22,179
10,1149579,2016-06-05,5.0,True,0,0,0,C,15,BREAD/BAKERY,2708,1,0,1,2016,7,22,179
10,1149579,2016-06-06,2.0,True,0,0,0,C,15,BREAD/BAKERY,2708,1,0,1,2016,1,23,180
10,103520,2016-06-06,,False,0,0,0,C,15,GROCERY I,1028,0,0,1,2016,1,23,180
10,103520,2016-06-07,1.0,False,0,0,0,C,15,GROCERY I,1028,0,0,1,2016,2,23,180
10,1149579,2016-06-07,4.0,True,0,0,0,C,15,BREAD/BAKERY,2708,1,0,1,2016,2,23,180
10,103520,2016-06-08,,False,0,0,0,C,15,GROCERY I,1028,0,0,1,2016,3,23,180
10,1149579,2016-06-08,2.0,True,0,0,0,C,15,BREAD/BAKERY,2708,1,0,1,2016,3,23,180
10,1149579,2016-06-09,5.0,False,0,0,0,C,15,BREAD/BAKERY,2708,1,0,1,2016,4,23,180
10,103520,2016-06-09,1.0,False,0,0,0,C,15,GROCERY I,1028,0,0,1,2016,4,23,180
10,1149579,2016-06-10,,False,0,0,0,C,15,BREAD/BAKERY,2708,1,0,1,2016,5,23,180
10,103520,2016-06-10,,False,0,0,0,C,15,GROCERY I,1028,0,0,1,2016,5,23,180
10,1149579,2016-06-11,7.0,True,0,0,0,C,15,BREAD/BAKERY,2708,1,0,1,2016,6,23,180
10,103520,2016-06-11,1.0,False,0,0,0,C,15,GROCERY I,1028,0,0,1,2016,6,23,180
10,103520,2016-06-12,,False,0,0,0,C,15,GROCERY I,1028,0,0,1,2016,7,23,180
10,1149579,2016-06-12,3.0,True,0,0,0,C,15,BREAD/BAKERY,2708,1,0,1,2016,7,23,180
10,1149579,2016-06-13,2.0,True,0,0,0,C,15,BREAD/BAKERY,2708,1,0,1,2016,1,24,181
10,103520,2016-06-13,1.0,False,0,0,0,C,15,GROCERY I,1028,0,0,1,2016,1,24,181
10,1149579,2016-06-14,1.0,True,0,0,0,C,15,BREAD/BAKERY,2708,1,0,1,2016,2,24,181
10,103520,2016-06-14,,False,0,0,0,C,15,GROCERY I,1028,0,0,1,2016,2,24,181
10,103520,2016-06-15,,False,0,0,0,C,15,GROCERY I,1028,0,0,1,2016,3,24,181
10,1149579,2016-06-15,1.0,True,0,0,0,C,15,BREAD/BAKERY,2708,1,0,1,2016,3,24,181
10,1149579,2016-06-16,4.0,True,0,0,0,C,15,BREAD/BAKERY,2708,1,0,1,2016,4,24,181
10,103520,2016-06-16,1.0,False,0,0,0,C,15,GROCERY I,1028,0,0,1,2016,4,24,181
10,103520,2016-06-17,,False,0,0,0,C,15,GROCERY I,1028,0,0,1,2016,5,24,181
10,1149579,2016-06-17,2.0,True,0,0,0,C,15,BREAD/BAKERY,2708,1,0,1,2016,5,24,181
10,1149579,2016-06-18,,False,0,0,0,C,15,BREAD/BAKERY,2708,1,0,1,2016,6,24,181
10,103520,2016-06-18,1.0,False,0,0,0,C,15,GROCERY I,1028,0,0,1,2016,6,24,181
10,103520,2016-06-19,1.0,False,0,0,0,C,15,GROCERY I,1028,0,0,1,2016,7,24,181
10,1149579,2016-06-19,4.0,True,0,0,0,C,15,BREAD/BAKERY,2708,1,0,1,2016,7,24,181
10,1149579,2016-06-20,2.0,True,0,0,0,C,15,BREAD/BAKERY,2708,1,0,1,2016,1,25,182
10,103520,2016-06-20,1.0,False,0,0,0,C,15,GROCERY I,1028,0,0,1,2016,1,25,182
10,1149579,2016-06-21,4.0,True,0,0,0,C,15,BREAD/BAKERY,2708,1,0,1,2016,2,25,182
10,103520,2016-06-21,1.0,False,0,0,0,C,15,GROCERY I,1028,0,0,1,2016,2,25,182
10,103520,2016-06-22,1.0,False,0,0,0,C,15,GROCERY I,1028,0,0,1,2016,3,25,182
10,1149579,2016-06-22,4.0,True,0,0,0,C,15,BREAD/BAKERY,2708,1,0,1,2016,3,25,182
10,1149579,2016-06-23,,False,0,0,0,C,15,BREAD/BAKERY,2708,1,0,1,2016,4,25,182
10,103520,2016-06-23,2.0,False,0,0,0,C,15,GROCERY I,1028,0,0,1,2016,4,25,182
10,1149579,2016-06-24,1.0,False,0,0,0,C,15,BREAD/BAKERY,2708,1,0,1,2016,5,25,182
10,103520,2016-06-24,,False,0,0,0,C,15,GROCERY I,1028,0,0,1,2016,5,25,182
10,103520,2016-06-25,1.0,False,0,0,0,C,15,GROCERY I,1028,0,0,1,2016,6,25,182
10,1149579,2016-06-25,1.0,False,0,0,0,C,15,BREAD/BAKERY,2708,1,0,1,2016,6,25,182
10,1149579,2016-06-26,5.0,True,0,0,0,C,15,BREAD/BAKERY,2708,1,0,1,2016,7,25,182
10,103520,2016-06-26,,False,0,0,0,C,15,GROCERY I,1028,0,0,1,2016,7,25,182
10,103520,2016-06-27,,False,0,0,0,C,15,GROCERY I,1028,0,0,1,2016,1,26,183
10,1149579,2016-06-27,3.0,False,0,0,0,C,15,BREAD/BAKERY,2708,1,0,1,2016,1,26,183
10,1149579,2016-06-28,6.0,False,0,0,0,C,15,BREAD/BAKERY,2708,1,0,1,2016,2,26,183
10,103520,2016-06-28,,False,0,0,0,C,15,GROCERY I,1028,0,0,1,2016,2,26,183
10,1149579,2016-06-29,1.0,False,0,0,0,C,15,BREAD/BAKERY,2708,1,0,1,2016,3,26,183
10,103520,2016-06-29,1.0,False,0,0,0,C,15,GROCERY I,1028,0,0,1,2016,3,26,183
10,103520,2016-06-30,1.0,False,0,0,0,C,15,GROCERY I,1028,0,0,1,2016,4,26,183
10,1149579,2016-06-30,1.0,False,0,0,0,C,15,BREAD/BAKERY,2708,1,0,1,2016,4,26,183
10,1149579,2016-07-01,1.0,False,0,0,0,C,15,BREAD/BAKERY,2708,1,0,1,2016,5,26,183
10,103520,2016-07-01,,False,0,0,0,C,15,GROCERY I,1028,0,0,1,2016,5,26,183
10,1149579,2016-07-02,2.0,False,0,0,0,C,15,BREAD/BAKERY,2708,1,0,1,2016,6,26,183
10,103520,2016-07-02,,False,0,0,0,C,15,GROCERY I,1028,0,0,1,2016,6,26,183
10,1149579,2016-07-03,,False,0,0,0,C,15,BREAD/BAKERY,2708,1,0,1,2016,7,26,183
10,103520,2016-07-03,3.0,False,0,0,0,C,15,GROCERY I,1028,0,0,1,2016,7,26,183
10,1149579,2016-07-04,5.0,False,0,0,0,C,15,BREAD/BAKERY,2708,1,0,1,2016,1,27,184
10,103520,2016-07-04,,False,0,0,0,C,15,GROCERY I,1028,0,0,1,2016,1,27,184
10,1149579,2016-07-05,1.0,False,0,0,0,C,15,BREAD/BAKERY,2708,1,0,1,2016,2,27,184
10,103520,2016-07-05,1.0,False,0,0,0,C,15,GROCERY I,1028,0,0,1,2016,2,27,184
10,103520,2016-07-06,,False,0,0,0,C,15,GROCERY I,1028,0,0,1,2016,3,27,184
10,1149579,2016-07-06,,False,0,0,0,C,15,BREAD/BAKERY,2708,1,0,1,2016,3,27,184
10,103520,2016-07-07,,False,0,0,0,C,15,GROCERY I,1028,0,0,1,2016,4,27,184
10,1149579,2016-07-07,2.0,False,0,0,0,C,15,BREAD/BAKERY,2708,1,0,1,2016,4,27,184
10,103520,2016-07-08,,False,0,0,0,C,15,GROCERY I,1028,0,0,1,2016,5,27,184
10,1149579,2016-07-08,,False,0,0,0,C,15,BREAD/BAKERY,2708,1,0,1,2016,5,27,184
10,103520,2016-07-09,,False,0,0,0,C,15,GROCERY I,1028,0,0,1,2016,6,27,184
10,1149579,2016-07-09,,False,0,0,0,C,15,BREAD/BAKERY,2708,1,0,1,2016,6,27,184
10,1149579,2016-07-10,2.0,True,0,0,0,C,15,BREAD/BAKERY,2708,1,0,1,2016,7,27,184
10,103520,2016-07-10,,False,0,0,0,C,15,GROCERY I,1028,0,0,1,2016,7,27,184
10,1149579,2016-07-11,6.0,False,0,0,0,C,15,BREAD/BAKERY,2708,1,0,1,2016,1,28,185
10,103520,2016-07-11,,False,0,0,0,C,15,GROCERY I,1028,0,0,1,2016,1,28,185
10,103520,2016-07-12,2.0,False,0,0,0,C,15,GROCERY I,1028,0,0,1,2016,2,28,185
10,1149579,2016-07-12,,False,0,0,0,C,15,BREAD/BAKERY,2708,1,0,1,2016,2,28,185
10,103520,2016-07-13,,False,0,0,0,C,15,GROCERY I,1028,0,0,1,2016,3,28,185
10,1149579,2016-07-13,,False,0,0,0,C,15,BREAD/BAKERY,2708,1,0,1,2016,3,28,185
10,103520,2016-07-14,,False,0,0,0,C,15,GROCERY I,1028,0,0,1,2016,4,28,185
10,1149579,2016-07-14,4.0,False,0,0,0,C,15,BREAD/BAKERY,2708,1,0,1,2016,4,28,185
10,1149579,2016-07-15,,False,0,0,0,C,15,BREAD/BAKERY,2708,1,0,1,2016,5,28,185
10,103520,2016-07-15,2.0,False,0,0,0,C,15,GROCERY I,1028,0,0,1,2016,5,28,185
10,1149579,2016-07-16,,False,0,0,0,C,15,BREAD/BAKERY,2708,1,0,1,2016,6,28,185
10,103520,2016-07-16,1.0,False,0,0,0,C,15,GROCERY I,1028,0,0,1,2016,6,28,185
10,103520,2016-07-17,,False,0,0,0,C,15,GROCERY I,1028,0,0,1,2016,7,28,185
10,1149579,2016-07-17,3.0,True,0,0,0,C,15,BREAD/BAKERY,2708,1,0,1,2016,7,28,185
10,1149579,2016-07-18,1.0,False,0,0,0,C,15,BREAD/BAKERY,2708,1,0,1,2016,1,29,186
10,103520,2016-07-18,,False,0,0,0,C,15,GROCERY I,1028,0,0,1,2016,1,29,186
10,103520,2016-07-19,1.0,False,0,0,0,C,15,GROCERY I,1028,0,0,1,2016,2,29,186
10,1149579,2016-07-19,1.0,False,0,0,0,C,15,BREAD/BAKERY,2708,1,0,1,2016,2,29,186
10,103520,2016-07-20,,False,0,0,0,C,15,GROCERY I,1028,0,0,1,2016,3,29,186
10,1149579,2016-07-20,5.0,False,0,0,0,C,15,BREAD/BAKERY,2708,1,0,1,2016,3,29,186
10,103520,2016-07-21,,False,0,0,0,C,15,GROCERY I,1028,0,0,1,2016,4,29,186
10,1149579,2016-07-21,2.0,False,0,0,0,C,15,BREAD/BAKERY,2708,1,0,1,2016,4,29,186
10,1149579,2016-07-22,3.0,False,0,0,0,C,15,BREAD/BAKERY,2708,1,0,1,2016,5,29,186
10,103520,2016-07-22,2.0,False,0,0,0,C,15,GROCERY I,1028,0,0,1,2016,5,29,186
10,103520,2016-07-23,,False,0,0,0,C,15,GROCERY I,1028,0,0,1,2016,6,29,186
10,1149579,2016-07-23,,False,0,0,0,C,15,BREAD/BAKERY,2708,1,0,1,2016,6,29,186
10,1149579,2016-07-24,,False,0,0,0,C,15,BREAD/BAKERY,2708,1,0,1,2016,7,29,186
10,103520,2016-07-24,,False,0,0,0,C,15,GROCERY I,1028,0,0,1,2016,7,29,186
10,103520,2016-07-25,1.0,False,0,0,0,C,15,GROCERY I,1028,0,0,1,2016,1,30,187
10,1149579,2016-07-25,3.0,False,0,0,0,C,15,BREAD/BAKERY,2708,1,0,1,2016,1,30,187
10,1149579,2016-07-26,2.0,False,0,0,0,C,15,BREAD/BAKERY,2708,1,0,1,2016,2,30,187
10,103520,2016-07-26,,False,0,0,0,C,15,GROCERY I,1028,0,0,1,2016,2,30,187
10,103520,2016-07-27,1.0,False,0,0,0,C,15,GROCERY I,1028,0,0,1,2016,3,30,187
10,1149579,2016-07-27,1.0,False,0,0,0,C,15,BREAD/BAKERY,2708,1,0,1,2016,3,30,187
10,103520,2016-07-28,1.0,False,0,0,0,C,15,GROCERY I,1028,0,0,1,2016,4,30,187
10,1149579,2016-07-28,2.0,False,0,0,0,C,15,BREAD/BAKERY,2708,1,0,1,2016,4,30,187
10,103520,2016-07-29,1.0,False,0,0,0,C,15,GROCERY I,1028,0,0,1,2016,5,30,187
10,1149579,2016-07-29,1.0,False,0,0,0,C,15,BREAD/BAKERY,2708,1,0,1,2016,5,30,187
10,103520,2016-07-30,2.0,False,0,0,0,C,15,GROCERY I,1028,0,0,1,2016,6,30,187
10,1149579,2016-07-30,3.0,False,0,0,0,C,15,BREAD/BAKERY,2708,1,0,1,2016,6,30,187
10,1149579,2016-07-31,1.0,True,0,0,0,C,15,BREAD/BAKERY,2708,1,0,1,2016,7,30,187
10,103520,2016-07-31,1.0,False,0,0,0,C,15,GROCERY I,1028,0,0,1,2016,7,30,187
10,103520,2016-08-01,1.0,False,0,0,0,C,15,GROCERY I,1028,0,0,1,2016,1,31,188
10,1149579,2016-08-01,2.0,False,0,0,0,C,15,BREAD/BAKERY,2708,1,0,1,2016,1,31,188
10,1149579,2016-08-02,3.0,False,0,0,0,C,15,BREAD/BAKERY,2708,1,0,1,2016,2,31,188
10,103520,2016-08-02,1.0,False,0,0,0,C,15,GROCERY I,1028,0,0,1,2016,2,31,188
10,103520,2016-08-03,1.0,False,0,0,0,C,15,GROCERY I,1028,0,0,1,2016,3,31,188
10,1149579,2016-08-03,,False,0,0,0,C,15,BREAD/BAKERY,2708,1,0,1,2016,3,31,188
10,103520,2016-08-04,,False,0,0,0,C,15,GROCERY I,1028,0,0,1,2016,4,31,188
10,1149579,2016-08-04,2.0,False,0,0,0,C,15,BREAD/BAKERY,2708,1,0,1,2016,4,31,188
10,103520,2016-08-05,1.0,False,0,0,0,C,15,GROCERY I,1028,0,0,1,2016,5,31,188
10,1149579,2016-08-05,1.0,False,0,0,0,C,15,BREAD/BAKERY,2708,1,0,1,2016,5,31,188
10,1149579,2016-08-06,1.0,False,0,0,0,C,15,BREAD/BAKERY,2708,1,0,1,2016,6,31,188
10,103520,2016-08-06,1.0,False,0,0,0,C,15,GROCERY I,1028,0,0,1,2016,6,31,188
10,1149579,2016-08-07,1.0,True,0,0,0,C,15,BREAD/BAKERY,2708,1,0,1,2016,7,31,188
10,103520,2016-08-07,,False,0,0,0,C,15,GROCERY I,1028,0,0,1,2016,7,31,188
10,103520,2016-08-08,,False,0,0,0,C,15,GROCERY I,1028,0,0,1,2016,1,32,189
10,1149579,2016-08-08,5.0,False,0,0,0,C,15,BREAD/BAKERY,2708,1,0,1,2016,1,32,189
10,103520,2016-08-09,,False,0,0,0,C,15,GROCERY I,1028,0,0,1,2016,2,32,189
10,1149579,2016-08-09,6.0,True,0,0,0,C,15,BREAD/BAKERY,2708,1,0,1,2016,2,32,189
10,103520,2016-08-10,1.0,False,0,1,0,C,15,GROCERY I,1028,0,0,1,2016,3,32,189
10,1149579,2016-08-10,1.0,True,0,1,0,C,15,BREAD/BAKERY,2708,1,0,1,2016,3,32,189
10,103520,2016-08-11,1.0,False,0,0,0,C,15,GROCERY I,1028,0,0,1,2016,4,32,189
10,1149579,2016-08-11,4.0,True,0,0,0,C,15,BREAD/BAKERY,2708,1,0,1,2016,4,32,189
10,1149579,2016-08-12,,False,0,1,0,C,15,BREAD/BAKERY,2708,1,0,1,2016,5,32,189
10,103520,2016-08-12,2.0,False,0,1,0,C,15,GROCERY I,1028,0,0,1,2016,5,32,189
10,1149579,2016-08-13,3.0,True,0,0,0,C,15,BREAD/BAKERY,2708,1,0,1,2016,6,32,189
10,103520,2016-08-13,5.0,False,0,0,0,C,15,GROCERY I,1028,0,0,1,2016,6,32,189
10,103520,2016-08-14,,False,0,0,0,C,15,GROCERY I,1028,0,0,1,2016,7,32,189
10,1149579,2016-08-14,,False,0,0,0,C,15,BREAD/BAKERY,2708,1,0,1,2016,7,32,189
10,103520,2016-08-15,1.0,False,0,0,0,C,15,GROCERY I,1028,0,0,1,2016,1,33,190
10,1149579,2016-08-15,1.0,True,0,0,0,C,15,BREAD/BAKERY,2708,1,0,1,2016,1,33,190
10,1149579,2016-08-16,5.0,True,0,0,0,C,15,BREAD/BAKERY,2708,1,0,1,2016,2,33,190
10,103520,2016-08-16,,False,0,0,0,C,15,GROCERY I,1028,0,0,1,2016,2,33,190
10,103520,2016-08-17,3.0,False,0,0,0,C,15,GROCERY I,1028,0,0,1,2016,3,33,190
10,1149579,2016-08-17,3.0,True,0,0,0,C,15,BREAD/BAKERY,2708,1,0,1,2016,3,33,190
10,1149579,2016-08-18,,False,0,0,0,C,15,BREAD/BAKERY,2708,1,0,1,2016,4,33,190
10,103520,2016-08-18,1.0,False,0,0,0,C,15,GROCERY I,1028,0,0,1,2016,4,33,190
10,103520,2016-08-19,1.0,False,0,0,0,C,15,GROCERY I,1028,0,0,1,2016,5,33,190
10,1149579,2016-08-19,,False,0,0,0,C,15,BREAD/BAKERY,2708,1,0,1,2016,5,33,190
10,1149579,2016-08-20,3.0,True,0,0,0,C,15,BREAD/BAKERY,2708,1,0,1,2016,6,33,190
10,103520,2016-08-20,3.0,False,0,0,0,C,15,GROCERY I,1028,0,0,1,2016,6,33,190
10,1149579,2016-08-21,7.0,True,0,0,0,C,15,BREAD/BAKERY,2708,1,0,1,2016,7,33,190
10,103520,2016-08-21,2.0,False,0,0,0,C,15,GROCERY I,1028,0,0,1,2016,7,33,190
10,1149579,2016-08-22,1.0,True,0,0,0,C,15,BREAD/BAKERY,2708,1,0,1,2016,1,34,191
10,103520,2016-08-22,,False,0,0,0,C,15,GROCERY I,1028,0,0,1,2016,1,34,191
10,103520,2016-08-23,,False,0,0,0,C,15,GROCERY I,1028,0,0,1,2016,2,34,191
10,1149579,2016-08-23,3.0,True,0,0,0,C,15,BREAD/BAKERY,2708,1,0,1,2016,2,34,191
10,1149579,2016-08-24,2.0,True,0,0,0,C,15,BREAD/BAKERY,2708,1,0,1,2016,3,34,191
10,103520,2016-08-24,1.0,False,0,0,0,C,15,GROCERY I,1028,0,0,1,2016,3,34,191
10,103520,2016-08-25,1.0,False,0,0,0,C,15,GROCERY I,1028,0,0,1,2016,4,34,191
10,1149579,2016-08-25,1.0,True,0,0,0,C,15,BREAD/BAKERY,2708,1,0,1,2016,4,34,191
10,1149579,2016-08-26,2.0,True,0,0,0,C,15,BREAD/BAKERY,2708,1,0,1,2016,5,34,191
10,103520,2016-08-26,2.0,False,0,0,0,C,15,GROCERY I,1028,0,0,1,2016,5,34,191
10,1149579,2016-08-27,2.0,True,0,0,0,C,15,BREAD/BAKERY,2708,1,0,1,2016,6,34,191
10,103520,2016-08-27,,False,0,0,0,C,15,GROCERY I,1028,0,0,1,2016,6,34,191
10,1149579,2016-08-28,1.0,True,0,0,0,C,15,BREAD/BAKERY,2708,1,0,1,2016,7,34,191
10,103520,2016-08-28,,False,0,0,0,C,15,GROCERY I,1028,0,0,1,2016,7,34,191
10,103520,2016-08-29,1.0,False,0,0,0,C,15,GROCERY I,1028,0,0,1,2016,1,35,192
10,1149579,2016-08-29,5.0,True,0,0,0,C,15,BREAD/BAKERY,2708,1,0,1,2016,1,35,192
10,103520,2016-08-30,,False,0,0,0,C,15,GROCERY I,1028,0,0,1,2016,2,35,192
10,1149579,2016-08-30,2.0,True,0,0,0,C,15,BREAD/BAKERY,2708,1,0,1,2016,2,35,192
10,1149579,2016-08-31,,False,0,0,0,C,15,BREAD/BAKERY,2708,1,0,1,2016,3,35,192
10,103520,2016-08-31,,False,0,0,0,C,15,GROCERY I,1028,0,0,1,2016,3,35,192
10,103520,2016-09-01,,False,0,0,0,C,15,GROCERY I,1028,0,0,1,2016,4,35,192
10,1149579,2016-09-01,4.0,True,0,0,0,C,15,BREAD/BAKERY,2708,1,0,1,2016,4,35,192
10,1149579,2016-09-02,,False,0,0,0,C,15,BREAD/BAKERY,2708,1,0,1,2016,5,35,192
10,103520,2016-09-02,3.0,False,0,0,0,C,15,GROCERY I,1028,0,0,1,2016,5,35,192
10,103520,2016-09-03,3.0,False,0,0,0,C,15,GROCERY I,1028,0,0,1,2016,6,35,192
10,1149579,2016-09-03,,False,0,0,0,C,15,BREAD/BAKERY,2708,1,0,1,2016,6,35,192
10,103520,2016-09-04,3.0,False,0,0,0,C,15,GROCERY I,1028,0,0,1,2016,7,35,192
10,1149579,2016-09-04,5.0,True,0,0,0,C,15,BREAD/BAKERY,2708,1,0,1,2016,7,35,192
10,103520,2016-09-05,,False,0,0,0,C,15,GROCERY I,1028,0,0,1,2016,1,36,193
10,1149579,2016-09-05,2.0,True,0,0,0,C,15,BREAD/BAKERY,2708,1,0,1,2016,1,36,193
10,103520,2016-09-06,3.0,False,0,0,0,C,15,GROCERY I,1028,0,0,1,2016,2,36,193
10,1149579,2016-09-06,3.0,False,0,0,0,C,15,BREAD/BAKERY,2708,1,0,1,2016,2,36,193
10,1149579,2016-09-07,5.0,True,0,0,0,C,15,BREAD/BAKERY,2708,1,0,1,2016,3,36,193
10,103520,2016-09-07,,False,0,0,0,C,15,GROCERY I,1028,0,0,1,2016,3,36,193
10,1149579,2016-09-08,4.0,False,0,0,0,C,15,BREAD/BAKERY,2708,1,0,1,2016,4,36,193
10,103520,2016-09-08,,False,0,0,0,C,15,GROCERY I,1028,0,0,1,2016,4,36,193
10,103520,2016-09-09,,False,0,0,0,C,15,GROCERY I,1028,0,0,1,2016,5,36,193
10,1149579,2016-09-09,1.0,False,0,0,0,C,15,BREAD/BAKERY,2708,1,0,1,2016,5,36,193
10,1149579,2016-09-10,2.0,False,0,0,0,C,15,BREAD/BAKERY,2708,1,0,1,2016,6,36,193
10,103520,2016-09-10,,False,0,0,0,C,15,GROCERY I,1028,0,0,1,2016,6,36,193
10,103520,2016-09-11,2.0,False,0,0,0,C,15,GROCERY I,1028,0,0,1,2016,7,36,193
10,1149579,2016-09-11,2.0,True,0,0,0,C,15,BREAD/BAKERY,2708,1,0,1,2016,7,36,193
10,1149579,2016-09-12,3.0,False,0,0,0,C,15,BREAD/BAKERY,2708,1,0,1,2016,1,37,194
10,103520,2016-09-12,,False,0,0,0,C,15,GROCERY I,1028,0,0,1,2016,1,37,194
10,103520,2016-09-13,,False,0,0,0,C,15,GROCERY I,1028,0,0,1,2016,2,37,194
10,1149579,2016-09-13,,False,0,0,0,C,15,BREAD/BAKERY,2708,1,0,1,2016,2,37,194
10,1149579,2016-09-14,4.0,False,0,0,0,C,15,BREAD/BAKERY,2708,1,0,1,2016,3,37,194
10,103520,2016-09-14,3.0,False,0,0,0,C,15,GROCERY I,1028,0,0,1,2016,3,37,194
10,1149579,2016-09-15,2.0,False,0,0,0,C,15,BREAD/BAKERY,2708,1,0,1,2016,4,37,194
10,103520,2016-09-15,,False,0,0,0,C,15,GROCERY I,1028,0,0,1,2016,4,37,194
10,103520,2016-09-16,,False,0,0,0,C,15,GROCERY I,1028,0,0,1,2016,5,37,194
10,1149579,2016-09-16,,False,0,0,0,C,15,BREAD/BAKERY,2708,1,0,1,2016,5,37,194
10,1149579,2016-09-17,3.0,False,0,0,0,C,15,BREAD/BAKERY,2708,1,0,1,2016,6,37,194
10,103520,2016-09-17,,False,0,0,0,C,15,GROCERY I,1028,0,0,1,2016,6,37,194
10,103520,2016-09-18,,False,0,0,0,C,15,GROCERY I,1028,0,0,1,2016,7,37,194
10,1149579,2016-09-18,2.0,True,0,0,0,C,15,BREAD/BAKERY,2708,1,0,1,2016,7,37,194
10,1149579,2016-09-19,2.0,False,0,0,0,C,15,BREAD/BAKERY,2708,1,0,1,2016,1,38,195
10,103520,2016-09-19,,False,0,0,0,C,15,GROCERY I,1028,0,0,1,2016,1,38,195
10,103520,2016-09-20,1.0,False,0,0,0,C,15,GROCERY I,1028,0,0,1,2016,2,38,195
10,1149579,2016-09-20,4.0,False,0,0,0,C,15,BREAD/BAKERY,2708,1,0,1,2016,2,38,195
10,1149579,2016-09-21,2.0,False,0,0,0,C,15,BREAD/BAKERY,2708,1,0,1,2016,3,38,195
10,103520,2016-09-21,1.0,False,0,0,0,C,15,GROCERY I,1028,0,0,1,2016,3,38,195
10,1149579,2016-09-22,1.0,False,0,0,0,C,15,BREAD/BAKERY,2708,1,0,1,2016,4,38,195
10,103520,2016-09-22,1.0,False,0,0,0,C,15,GROCERY I,1028,0,0,1,2016,4,38,195
10,103520,2016-09-23,,False,0,0,0,C,15,GROCERY I,1028,0,0,1,2016,5,38,195
10,1149579,2016-09-23,3.0,False,0,0,0,C,15,BREAD/BAKERY,2708,1,0,1,2016,5,38,195
10,103520,2016-09-24,1.0,False,0,0,0,C,15,GROCERY I,1028,0,0,1,2016,6,38,195
10,1149579,2016-09-24,4.0,False,0,0,0,C,15,BREAD/BAKERY,2708,1,0,1,2016,6,38,195
10,103520,2016-09-25,,False,0,0,0,C,15,GROCERY I,1028,0,0,1,2016,7,38,195
10,1149579,2016-09-25,1.0,True,0,0,0,C,15,BREAD/BAKERY,2708,1,0,1,2016,7,38,195
10,103520,2016-09-26,,False,0,0,0,C,15,GROCERY I,1028,0,0,1,2016,1,39,196
10,1149579,2016-09-26,2.0,False,0,0,0,C,15,BREAD/BAKERY,2708,1,0,1,2016,1,39,196
10,103520,2016-09-27,,False,0,0,0,C,15,GROCERY I,1028,0,0,1,2016,2,39,196
10,1149579,2016-09-27,2.0,False,0,0,0,C,15,BREAD/BAKERY,2708,1,0,1,2016,2,39,196
10,1149579,2016-09-28,1.0,False,0,0,0,C,15,BREAD/BAKERY,2708,1,0,1,2016,3,39,196
10,103520,2016-09-28,,False,0,0,0,C,15,GROCERY I,1028,0,0,1,2016,3,39,196
10,1149579,2016-09-29,1.0,True,0,0,0,C,15,BREAD/BAKERY,2708,1,0,1,2016,4,39,196
10,103520,2016-09-29,,False,0,0,0,C,15,GROCERY I,1028,0,0,1,2016,4,39,196
10,1149579,2016-09-30,2.0,True,0,0,0,C,15,BREAD/BAKERY,2708,1,0,1,2016,5,39,196
10,103520,2016-09-30,1.0,False,0,0,0,C,15,GROCERY I,1028,0,0,1,2016,5,39,196
10,103520,2016-10-01,,False,0,0,0,C,15,GROCERY I,1028,0,0,1,2016,6,39,196
10,1149579,2016-10-01,1.0,True,0,0,0,C,15,BREAD/BAKERY,2708,1,0,1,2016,6,39,196
10,103520,2016-10-02,3.0,False,0,0,0,C,15,GROCERY I,1028,0,0,1,2016,7,39,196
10,1149579,2016-10-02,2.0,True,0,0,0,C,15,BREAD/BAKERY,2708,1,0,1,2016,7,39,196
10,103520,2016-10-03,1.0,False,0,0,0,C,15,GROCERY I,1028,0,0,1,2016,1,40,197
10,1149579,2016-10-03,4.0,True,0,0,0,C,15,BREAD/BAKERY,2708,1,0,1,2016,1,40,197
10,1149579,2016-10-04,3.0,True,0,0,0,C,15,BREAD/BAKERY,2708,1,0,1,2016,2,40,197
10,103520,2016-10-04,,False,0,0,0,C,15,GROCERY I,1028,0,0,1,2016,2,40,197
10,1149579,2016-10-05,1.0,True,0,0,0,C,15,BREAD/BAKERY,2708,1,0,1,2016,3,40,197
10,103520,2016-10-05,,False,0,0,0,C,15,GROCERY I,1028,0,0,1,2016,3,40,197
10,1149579,2016-10-06,,False,0,0,0,C,15,BREAD/BAKERY,2708,1,0,1,2016,4,40,197
10,103520,2016-10-06,,False,0,0,0,C,15,GROCERY I,1028,0,0,1,2016,4,40,197
10,1149579,2016-10-07,5.0,True,0,0,0,C,15,BREAD/BAKERY,2708,1,0,1,2016,5,40,197
10,103520,2016-10-07,,False,0,0,0,C,15,GROCERY I,1028,0,0,1,2016,5,40,197
10,103520,2016-10-08,3.0,False,0,0,0,C,15,GROCERY I,1028,0,0,1,2016,6,40,197
10,1149579,2016-10-08,4.0,True,0,0,0,C,15,BREAD/BAKERY,2708,1,0,1,2016,6,40,197
10,1149579,2016-10-09,4.0,True,0,1,0,C,15,BREAD/BAKERY,2708,1,0,1,2016,7,40,197
10,103520,2016-10-09,1.0,False,0,1,0,C,15,GROCERY I,1028,0,0,1,2016,7,40,197
10,103520,2016-10-10,,False,0,0,0,C,15,GROCERY I,1028,0,0,1,2016,1,41,198
10,1149579,2016-10-10,1.0,True,0,0,0,C,15,BREAD/BAKERY,2708,1,0,1,2016,1,41,198
10,1149579,2016-10-11,2.0,True,0,0,0,C,15,BREAD/BAKERY,2708,1,0,1,2016,2,41,198
10,103520,2016-10-11,,False,0,0,0,C,15,GROCERY I,1028,0,0,1,2016,2,41,198
10,1149579,2016-10-12,,False,0,0,0,C,15,BREAD/BAKERY,2708,1,0,1,2016,3,41,198
10,103520,2016-10-12,,False,0,0,0,C,15,GROCERY I,1028,0,0,1,2016,3,41,198
10,1149579,2016-10-13,1.0,True,0,0,0,C,15,BREAD/BAKERY,2708,1,0,1,2016,4,41,198
10,103520,2016-10-13,,False,0,0,0,C,15,GROCERY I,1028,0,0,1,2016,4,41,198
10,103520,2016-10-14,1.0,False,0,0,0,C,15,GROCERY I,1028,0,0,1,2016,5,41,198
10,1149579,2016-10-14,,False,0,0,0,C,15,BREAD/BAKERY,2708,1,0,1,2016,5,41,198
10,103520,2016-10-15,4.0,False,0,0,0,C,15,GROCERY I,1028,0,0,1,2016,6,41,198
10,1149579,2016-10-15,2.0,True,0,0,0,C,15,BREAD/BAKERY,2708,1,0,1,2016,6,41,198
10,1149579,2016-10-16,1.0,True,0,0,0,C,15,BREAD/BAKERY,2708,1,0,1,2016,7,41,198
10,103520,2016-10-16,,False,0,0,0,C,15,GROCERY I,1028,0,0,1,2016,7,41,198
10,103520,2016-10-17,,False,0,0,0,C,15,GROCERY I,1028,0,0,1,2016,1,42,199
10,1149579,2016-10-17,,False,0,0,0,C,15,BREAD/BAKERY,2708,1,0,1,2016,1,42,199
10,1149579,2016-10-18,1.0,True,0,0,0,C,15,BREAD/BAKERY,2708,1,0,1,2016,2,42,199
10,103520,2016-10-18,2.0,False,0,0,0,C,15,GROCERY I,1028,0,0,1,2016,2,42,199
10,1149579,2016-10-19,5.0,True,0,0,0,C,15,BREAD/BAKERY,2708,1,0,1,2016,3,42,199
10,103520,2016-10-19,1.0,False,0,0,0,C,15,GROCERY I,1028,0,0,1,2016,3,42,199
10,103520,2016-10-20,1.0,False,0,0,0,C,15,GROCERY I,1028,0,0,1,2016,4,42,199
10,1149579,2016-10-20,1.0,False,0,0,0,C,15,BREAD/BAKERY,2708,1,0,1,2016,4,42,199
10,1149579,2016-10-21,,False,0,0,0,C,15,BREAD/BAKERY,2708,1,0,1,2016,5,42,199
10,103520,2016-10-21,,False,0,0,0,C,15,GROCERY I,1028,0,0,1,2016,5,42,199
10,1149579,2016-10-22,,False,0,0,0,C,15,BREAD/BAKERY,2708,1,0,1,2016,6,42,199
10,103520,2016-10-22,,False,0,0,0,C,15,GROCERY I,1028,0,0,1,2016,6,42,199
10,103520,2016-10-23,1.0,False,0,0,0,C,15,GROCERY I,1028,0,0,1,2016,7,42,199
10,1149579,2016-10-23,,False,0,0,0,C,15,BREAD/BAKERY,2708,1,0,1,2016,7,42,199
10,1149579,2016-10-24,3.0,False,0,0,0,C,15,BREAD/BAKERY,2708,1,0,1,2016,1,43,200
10,103520,2016-10-24,1.0,False,0,0,0,C,15,GROCERY I,1028,0,0,1,2016,1,43,200
10,1149579,2016-10-25,2.0,False,0,0,0,C,15,BREAD/BAKERY,2708,1,0,1,2016,2,43,200
10,103520,2016-10-25,,False,0,0,0,C,15,GROCERY I,1028,0,0,1,2016,2,43,200
10,1149579,2016-10-26,2.0,False,0,0,0,C,15,BREAD/BAKERY,2708,1,0,1,2016,3,43,200
10,103520,2016-10-26,,False,0,0,0,C,15,GROCERY I,1028,0,0,1,2016,3,43,200
10,103520,2016-10-27,1.0,False,0,0,0,C,15,GROCERY I,1028,0,0,1,2016,4,43,200
10,1149579,2016-10-27,,False,0,0,0,C,15,BREAD/BAKERY,2708,1,0,1,2016,4,43,200
10,103520,2016-10-28,1.0,False,0,0,0,C,15,GROCERY I,1028,0,0,1,2016,5,43,200
10,1149579,2016-10-28,1.0,False,0,0,0,C,15,BREAD/BAKERY,2708,1,0,1,2016,5,43,200
10,1149579,2016-10-29,3.0,False,0,0,0,C,15,BREAD/BAKERY,2708,1,0,1,2016,6,43,200
10,103520,2016-10-29,,False,0,0,0,C,15,GROCERY I,1028,0,0,1,2016,6,43,200
10,103520,2016-10-30,,False,0,0,0,C,15,GROCERY I,1028,0,0,1,2016,7,43,200
10,1149579,2016-10-30,1.0,True,0,0,0,C,15,BREAD/BAKERY,2708,1,0,1,2016,7,43,200
10,1149579,2016-10-31,,False,0,0,0,C,15,BREAD/BAKERY,2708,1,0,1,2016,1,44,201
10,103520,2016-10-31,1.0,False,0,0,0,C,15,GROCERY I,1028,0,0,1,2016,1,44,201
10,1149579,2016-11-01,2.0,False,0,0,0,C,15,BREAD/BAKERY,2708,1,0,1,2016,2,44,201
10,103520,2016-11-01,,False,0,0,0,C,15,GROCERY I,1028,0,0,1,2016,2,44,201
10,1149579,2016-11-02,,False,0,1,0,C,15,BREAD/BAKERY,2708,1,0,1,2016,3,44,201
10,103520,2016-11-02,,False,0,1,0,C,15,GROCERY I,1028,0,0,1,2016,3,44,201
10,1149579,2016-11-03,,False,0,1,0,C,15,BREAD/BAKERY,2708,1,0,1,2016,4,44,201
10,103520,2016-11-03,,False,0,1,0,C,15,GROCERY I,1028,0,0,1,2016,4,44,201
10,1149579,2016-11-04,,False,0,1,0,C,15,BREAD/BAKERY,2708,1,0,1,2016,5,44,201
10,103520,2016-11-04,1.0,False,0,1,0,C,15,GROCERY I,1028,0,0,1,2016,5,44,201
10,103520,2016-11-05,,False,0,0,0,C,15,GROCERY I,1028,0,0,1,2016,6,44,201
10,1149579,2016-11-05,,False,0,0,0,C,15,BREAD/BAKERY,2708,1,0,1,2016,6,44,201
10,103520,2016-11-06,,False,0,0,0,C,15,GROCERY I,1028,0,0,1,2016,7,44,201
10,1149579,2016-11-06,1.0,True,0,0,0,C,15,BREAD/BAKERY,2708,1,0,1,2016,7,44,201
10,1149579,2016-11-07,4.0,False,0,0,0,C,15,BREAD/BAKERY,2708,1,0,1,2016,1,45,202
10,103520,2016-11-07,,False,0,0,0,C,15,GROCERY I,1028,0,0,1,2016,1,45,202
10,1149579,2016-11-08,,False,0,0,0,C,15,BREAD/BAKERY,2708,1,0,1,2016,2,45,202
10,103520,2016-11-08,,False,0,0,0,C,15,GROCERY I,1028,0,0,1,2016,2,45,202
10,103520,2016-11-09,,False,0,0,0,C,15,GROCERY I,1028,0,0,1,2016,3,45,202
10,1149579,2016-11-09,2.0,False,0,0,0,C,15,BREAD/BAKERY,2708,1,0,1,2016,3,45,202
10,1149579,2016-11-10,1.0,False,0,0,0,C,15,BREAD/BAKERY,2708,1,0,1,2016,4,45,202
10,103520,2016-11-10,,False,0,0,0,C,15,GROCERY I,1028,0,0,1,2016,4,45,202
10,103520,2016-11-11,1.0,False,0,0,0,C,15,GROCERY I,1028,0,0,1,2016,5,45,202
10,1149579,2016-11-11,2.0,False,0,0,0,C,15,BREAD/BAKERY,2708,1,0,1,2016,5,45,202
10,1149579,2016-11-12,2.0,False,0,1,0,C,15,BREAD/BAKERY,2708,1,0,1,2016,6,45,202
10,103520,2016-11-12,,False,0,1,0,C,15,GROCERY I,1028,0,0,1,2016,6,45,202
10,103520,2016-11-13,,False,0,0,0,C,15,GROCERY I,1028,0,0,1,2016,7,45,202
10,1149579,2016-11-13,4.0,True,0,0,0,C,15,BREAD/BAKERY,2708,1,0,1,2016,7,45,202
10,103520,2016-11-14,2.0,False,0,0,0,C,15,GROCERY I,1028,0,0,1,2016,1,46,203
10,1149579,2016-11-14,2.0,False,0,0,0,C,15,BREAD/BAKERY,2708,1,0,1,2016,1,46,203
10,103520,2016-11-15,,False,0,0,0,C,15,GROCERY I,1028,0,0,1,2016,2,46,203
10,1149579,2016-11-15,1.0,False,0,0,0,C,15,BREAD/BAKERY,2708,1,0,1,2016,2,46,203
10,103520,2016-11-16,1.0,False,0,0,0,C,15,GROCERY I,1028,0,0,1,2016,3,46,203
10,1149579,2016-11-16,,False,0,0,0,C,15,BREAD/BAKERY,2708,1,0,1,2016,3,46,203
10,103520,2016-11-17,1.0,False,0,0,0,C,15,GROCERY I,1028,0,0,1,2016,4,46,203
10,1149579,2016-11-17,,False,0,0,0,C,15,BREAD/BAKERY,2708,1,0,1,2016,4,46,203
10,103520,2016-11-18,,False,0,0,0,C,15,GROCERY I,1028,0,0,1,2016,5,46,203
10,1149579,2016-11-18,1.0,False,0,0,0,C,15,BREAD/BAKERY,2708,1,0,1,2016,5,46,203
10,103520,2016-11-19,,False,0,0,0,C,15,GROCERY I,1028,0,0,1,2016,6,46,203
10,1149579,2016-11-19,2.0,False,0,0,0,C,15,BREAD/BAKERY,2708,1,0,1,2016,6,46,203
10,1149579,2016-11-20,2.0,True,0,0,0,C,15,BREAD/BAKERY,2708,1,0,1,2016,7,46,203
10,103520,2016-11-20,,False,0,0,0,C,15,GROCERY I,1028,0,0,1,2016,7,46,203
10,1149579,2016-11-21,3.0,False,0,0,0,C,15,BREAD/BAKERY,2708,1,0,1,2016,1,47,204
10,103520,2016-11-21,,False,0,0,0,C,15,GROCERY I,1028,0,0,1,2016,1,47,204
10,103520,2016-11-22,,False,0,0,0,C,15,GROCERY I,1028,0,0,1,2016,2,47,204
10,1149579,2016-11-22,3.0,False,0,0,0,C,15,BREAD/BAKERY,2708,1,0,1,2016,2,47,204
10,103520,2016-11-23,1.0,False,0,0,0,C,15,GROCERY I,1028,0,0,1,2016,3,47,204
10,1149579,2016-11-23,,False,0,0,0,C,15,BREAD/BAKERY,2708,1,0,1,2016,3,47,204
10,1149579,2016-11-24,2.0,False,0,0,0,C,15,BREAD/BAKERY,2708,1,0,1,2016,4,47,204
10,103520,2016-11-24,,False,0,0,0,C,15,GROCERY I,1028,0,0,1,2016,4,47,204
10,1149579,2016-11-25,3.0,False,0,1,0,C,15,BREAD/BAKERY,2708,1,0,1,2016,5,47,204
10,103520,2016-11-25,,False,0,1,0,C,15,GROCERY I,1028,0,0,1,2016,5,47,204
10,1149579,2016-11-26,7.0,False,0,0,0,C,15,BREAD/BAKERY,2708,1,0,1,2016,6,47,204
10,103520,2016-11-26,3.0,False,0,0,0,C,15,GROCERY I,1028,0,0,1,2016,6,47,204
10,103520,2016-11-27,,False,0,0,0,C,15,GROCERY I,1028,0,0,1,2016,7,47,204
10,1149579,2016-11-27,1.0,True,0,0,0,C,15,BREAD/BAKERY,2708,1,0,1,2016,7,47,204
10,103520,2016-11-28,,False,0,1,0,C,15,GROCERY I,1028,0,0,1,2016,1,48,205
10,1149579,2016-11-28,2.0,False,0,1,0,C,15,BREAD/BAKERY,2708,1,0,1,2016,1,48,205
10,103520,2016-11-29,,False,0,0,0,C,15,GROCERY I,1028,0,0,1,2016,2,48,205
10,1149579,2016-11-29,,False,0,0,0,C,15,BREAD/BAKERY,2708,1,0,1,2016,2,48,205
10,1149579,2016-11-30,2.0,False,0,0,0,C,15,BREAD/BAKERY,2708,1,0,1,2016,3,48,205
10,103520,2016-11-30,,False,0,0,0,C,15,GROCERY I,1028,0,0,1,2016,3,48,205
10,1149579,2016-12-01,5.0,False,0,0,0,C,15,BREAD/BAKERY,2708,1,0,1,2016,4,48,205
10,103520,2016-12-01,,False,0,0,0,C,15,GROCERY I,1028,0,0,1,2016,4,48,205
10,103520,2016-12-02,,False,0,0,0,C,15,GROCERY I,1028,0,0,1,2016,5,48,205
10,1149579,2016-12-02,,False,0,0,0,C,15,BREAD/BAKERY,2708,1,0,1,2016,5,48,205
10,1149579,2016-12-03,3.0,False,0,0,0,C,15,BREAD/BAKERY,2708,1,0,1,2016,6,48,205
10,103520,2016-12-03,,False,0,0,0,C,15,GROCERY I,1028,0,0,1,2016,6,48,205
10,103520,2016-12-04,,False,0,0,0,C,15,GROCERY I,1028,0,0,1,2016,7,48,205
10,1149579,2016-12-04,,False,0,0,0,C,15,BREAD/BAKERY,2708,1,0,1,2016,7,48,205
10,103520,2016-12-05,,False,1,0,0,C,15,GROCERY I,1028,0,0,1,2016,1,49,206
10,1149579,2016-12-05,,False,1,0,0,C,15,BREAD/BAKERY,2708,1,0,1,2016,1,49,206
10,1149579,2016-12-06,1.0,False,1,0,0,C,15,BREAD/BAKERY,2708,1,0,1,2016,2,49,206
10,103520,2016-12-06,,False,1,0,0,C,15,GROCERY I,1028,0,0,1,2016,2,49,206
10,103520,2016-12-07,1.0,False,0,0,0,C,15,GROCERY I,1028,0,0,1,2016,3,49,206
10,1149579,2016-12-07,2.0,False,0,0,0,C,15,BREAD/BAKERY,2708,1,0,1,2016,3,49,206
10,103520,2016-12-08,2.0,False,0,0,0,C,15,GROCERY I,1028,0,0,1,2016,4,49,206
10,1149579,2016-12-08,3.0,False,0,0,0,C,15,BREAD/BAKERY,2708,1,0,1,2016,4,49,206
10,1149579,2016-12-09,3.0,False,0,0,0,C,15,BREAD/BAKERY,2708,1,0,1,2016,5,49,206
10,103520,2016-12-09,1.0,False,0,0,0,C,15,GROCERY I,1028,0,0,1,2016,5,49,206
10,1149579,2016-12-10,1.0,False,0,0,0,C,15,BREAD/BAKERY,2708,1,0,1,2016,6,49,206
10,103520,2016-12-10,,False,0,0,0,C,15,GROCERY I,1028,0,0,1,2016,6,49,206
10,1149579,2016-12-11,1.0,True,0,0,0,C,15,BREAD/BAKERY,2708,1,0,1,2016,7,49,206
10,103520,2016-12-11,1.0,False,0,0,0,C,15,GROCERY I,1028,0,0,1,2016,7,49,206
10,1149579,2016-12-12,,False,0,0,0,C,15,BREAD/BAKERY,2708,1,0,1,2016,1,50,207
10,103520,2016-12-12,1.0,False,0,0,0,C,15,GROCERY I,1028,0,0,1,2016,1,50,207
10,1149579,2016-12-13,,False,0,0,0,C,15,BREAD/BAKERY,2708,1,0,1,2016,2,50,207
10,103520,2016-12-13,1.0,False,0,0,0,C,15,GROCERY I,1028,0,0,1,2016,2,50,207
10,103520,2016-12-14,2.0,False,0,0,0,C,15,GROCERY I,1028,0,0,1,2016,3,50,207
10,1149579,2016-12-14,5.0,False,0,0,0,C,15,BREAD/BAKERY,2708,1,0,1,2016,3,50,207
10,103520,2016-12-15,2.0,False,0,0,0,C,15,GROCERY I,1028,0,0,1,2016,4,50,207
10,1149579,2016-12-15,2.0,False,0,0,0,C,15,BREAD/BAKERY,2708,1,0,1,2016,4,50,207
10,1149579,2016-12-16,,False,0,0,0,C,15,BREAD/BAKERY,2708,1,0,1,2016,5,50,207
10,103520,2016-12-16,1.0,False,0,0,0,C,15,GROCERY I,1028,0,0,1,2016,5,50,207
10,1149579,2016-12-17,,False,0,0,0,C,15,BREAD/BAKERY,2708,1,0,1,2016,6,50,207
10,103520,2016-12-17,7.0,False,0,0,0,C,15,GROCERY I,1028,0,0,1,2016,6,50,207
10,103520,2016-12-18,,False,0,0,0,C,15,GROCERY I,1028,0,0,1,2016,7,50,207
10,1149579,2016-12-18,,False,0,0,0,C,15,BREAD/BAKERY,2708,1,0,1,2016,7,50,207
10,103520,2016-12-19,2.0,False,0,0,0,C,15,GROCERY I,1028,0,0,1,2016,1,51,208
10,1149579,2016-12-19,,False,0,0,0,C,15,BREAD/BAKERY,2708,1,0,1,2016,1,51,208
10,1149579,2016-12-20,,False,0,0,0,C,15,BREAD/BAKERY,2708,1,0,1,2016,2,51,208
10,103520,2016-12-20,4.0,False,0,0,0,C,15,GROCERY I,1028,0,0,1,2016,2,51,208
10,1149579,2016-12-21,3.0,False,0,1,0,C,15,BREAD/BAKERY,2708,1,0,1,2016,3,51,208
10,103520,2016-12-21,1.0,False,0,1,0,C,15,GROCERY I,1028,0,0,1,2016,3,51,208
10,1149579,2016-12-22,2.0,False,0,1,0,C,15,BREAD/BAKERY,2708,1,0,1,2016,4,51,208
10,103520,2016-12-22,5.0,False,0,1,0,C,15,GROCERY I,1028,0,0,1,2016,4,51,208
10,1149579,2016-12-23,3.0,False,0,1,0,C,15,BREAD/BAKERY,2708,1,0,1,2016,5,51,208
10,103520,2016-12-23,4.0,False,0,1,0,C,15,GROCERY I,1028,0,0,1,2016,5,51,208
10,1149579,2016-12-24,,False,0,1,0,C,15,BREAD/BAKERY,2708,1,0,1,2016,6,51,208
10,103520,2016-12-24,8.0,False,0,1,0,C,15,GROCERY I,1028,0,0,1,2016,6,51,208
10,103520,2016-12-25,0.0,False,0,1,0,C,15,GROCERY I,1028,0,4,1,2016,7,51,208
10,1149579,2016-12-25,0.0,False,0,1,0,C,15,BREAD/BAKERY,2708,1,4,1,2016,7,51,208
10,1149579,2016-12-26,,False,0,1,0,C,15,BREAD/BAKERY,2708,1,0,1,2016,1,52,209
10,103520,2016-12-26,7.0,False,0,1,0,C,15,GROCERY I,1028,0,0,1,2016,1,52,209
10,1149579,2016-12-27,,False,0,0,0,C,15,BREAD/BAKERY,2708,1,0,1,2016,2,52,209
10,103520,2016-12-27,4.0,False,0,0,0,C,15,GROCERY I,1028,0,0,1,2016,2,52,209
10,1149579,2016-12-28,5.0,False,0,0,0,C,15,BREAD/BAKERY,2708,1,0,1,2016,3,52,209
10,103520,2016-12-28,1.0,False,0,0,0,C,15,GROCERY I,1028,0,0,1,2016,3,52,209
10,103520,2016-12-29,1.0,False,0,0,0,C,15,GROCERY I,1028,0,0,1,2016,4,52,209
10,1149579,2016-12-29,1.0,False,0,0,0,C,15,BREAD/BAKERY,2708,1,0,1,2016,4,52,209
10,103520,2016-12-30,4.0,False,0,0,0,C,15,GROCERY I,1028,0,0,1,2016,5,52,209
10,1149579,2016-12-30,2.0,False,0,0,0,C,15,BREAD/BAKERY,2708,1,0,1,2016,5,52,209
10,1149579,2016-12-31,3.0,False,0,1,0,C,15,BREAD/BAKERY,2708,1,0,1,2016,6,52,209
10,103520,2016-12-31,4.0,False,0,1,0,C,15,GROCERY I,1028,0,0,1,2016,6,52,209
10,1149579,2017-01-01,0.0,False,0,1,0,C,15,BREAD/BAKERY,2708,1,4,1,2016,7,52,209
10,103520,2017-01-01,0.0,False,0,1,0,C,15,GROCERY I,1028,0,4,1,2016,7,52,209
10,1149579,2017-01-02,3.0,False,0,1,0,C,15,BREAD/BAKERY,2708,1,0,1,2017,1,1,210
10,103520,2017-01-02,1.0,False,0,1,0,C,15,GROCERY I,1028,0,0,1,2017,1,1,210
10,103520,2017-01-03,,False,0,0,0,C,15,GROCERY I,1028,0,0,1,2017,2,1,210
10,1149579,2017-01-03,1.0,False,0,0,0,C,15,BREAD/BAKERY,2708,1,0,1,2017,2,1,210
10,103520,2017-01-04,,False,0,0,0,C,15,GROCERY I,1028,0,0,1,2017,3,1,210
10,1149579,2017-01-04,,False,0,0,0,C,15,BREAD/BAKERY,2708,1,0,1,2017,3,1,210
10,103520,2017-01-05,2.0,False,0,0,0,C,15,GROCERY I,1028,0,0,1,2017,4,1,210
10,1149579,2017-01-05,2.0,False,0,0,0,C,15,BREAD/BAKERY,2708,1,0,1,2017,4,1,210
10,1149579,2017-01-06,1.0,False,0,0,0,C,15,BREAD/BAKERY,2708,1,0,1,2017,5,1,210
10,103520,2017-01-06,,False,0,0,0,C,15,GROCERY I,1028,0,0,1,2017,5,1,210
10,103520,2017-01-07,3.0,False,0,0,0,C,15,GROCERY I,1028,0,0,1,2017,6,1,210
10,1149579,2017-01-07,4.0,False,0,0,0,C,15,BREAD/BAKERY,2708,1,0,1,2017,6,1,210
10,1149579,2017-01-08,1.0,True,0,0,0,C,15,BREAD/BAKERY,2708,1,0,1,2017,7,1,210
10,103520,2017-01-08,,False,0,0,0,C,15,GROCERY I,1028,0,0,1,2017,7,1,210
10,1149579,2017-01-09,1.0,False,0,0,0,C,15,BREAD/BAKERY,2708,1,0,1,2017,1,2,211
10,103520,2017-01-09,,False,0,0,0,C,15,GROCERY I,1028,0,0,1,2017,1,2,211
10,103520,2017-01-10,,False,0,0,0,C,15,GROCERY I,1028,0,0,1,2017,2,2,211
10,1149579,2017-01-10,5.0,False,0,0,0,C,15,BREAD/BAKERY,2708,1,0,1,2017,2,2,211
10,1149579,2017-01-11,,False,0,0,0,C,15,BREAD/BAKERY,2708,1,0,1,2017,3,2,211
10,103520,2017-01-11,,False,0,0,0,C,15,GROCERY I,1028,0,0,1,2017,3,2,211
10,1149579,2017-01-12,1.0,False,0,0,0,C,15,BREAD/BAKERY,2708,1,0,1,2017,4,2,211
10,103520,2017-01-12,5.0,False,0,0,0,C,15,GROCERY I,1028,0,0,1,2017,4,2,211
10,103520,2017-01-13,1.0,False,0,0,0,C,15,GROCERY I,1028,0,0,1,2017,5,2,211
10,1149579,2017-01-13,1.0,False,0,0,0,C,15,BREAD/BAKERY,2708,1,0,1,2017,5,2,211
10,103520,2017-01-14,,False,0,0,0,C,15,GROCERY I,1028,0,0,1,2017,6,2,211
10,1149579,2017-01-14,3.0,False,0,0,0,C,15,BREAD/BAKERY,2708,1,0,1,2017,6,2,211
10,1149579,2017-01-15,3.0,True,0,0,0,C,15,BREAD/BAKERY,2708,1,0,1,2017,7,2,211
10,103520,2017-01-15,1.0,False,0,0,0,C,15,GROCERY I,1028,0,0,1,2017,7,2,211
10,1149579,2017-01-16,,False,0,0,0,C,15,BREAD/BAKERY,2708,1,0,1,2017,1,3,212
10,103520,2017-01-16,,False,0,0,0,C,15,GROCERY I,1028,0,0,1,2017,1,3,212
10,103520,2017-01-17,,False,0,0,0,C,15,GROCERY I,1028,0,0,1,2017,2,3,212
10,1149579,2017-01-17,,False,0,0,0,C,15,BREAD/BAKERY,2708,1,0,1,2017,2,3,212
10,103520,2017-01-18,1.0,False,0,0,0,C,15,GROCERY I,1028,0,0,1,2017,3,3,212
10,1149579,2017-01-18,,False,0,0,0,C,15,BREAD/BAKERY,2708,1,0,1,2017,3,3,212
10,1149579,2017-01-19,,False,0,0,0,C,15,BREAD/BAKERY,2708,1,0,1,2017,4,3,212
10,103520,2017-01-19,,False,0,0,0,C,15,GROCERY I,1028,0,0,1,2017,4,3,212
10,103520,2017-01-20,,False,0,0,0,C,15,GROCERY I,1028,0,0,1,2017,5,3,212
10,1149579,2017-01-20,,False,0,0,0,C,15,BREAD/BAKERY,2708,1,0,1,2017,5,3,212
10,1149579,2017-01-21,,False,0,0,0,C,15,BREAD/BAKERY,2708,1,0,1,2017,6,3,212
10,103520,2017-01-21,,False,0,0,0,C,15,GROCERY I,1028,0,0,1,2017,6,3,212
10,1149579,2017-01-22,,False,0,0,0,C,15,BREAD/BAKERY,2708,1,0,1,2017,7,3,212
10,103520,2017-01-22,1.0,False,0,0,0,C,15,GROCERY I,1028,0,0,1,2017,7,3,212
10,103520,2017-01-23,,False,0,0,0,C,15,GROCERY I,1028,0,0,1,2017,1,4,213
10,1149579,2017-01-23,,False,0,0,0,C,15,BREAD/BAKERY,2708,1,0,1,2017,1,4,213
10,103520,2017-01-24,,False,0,0,0,C,15,GROCERY I,1028,0,0,1,2017,2,4,213
10,1149579,2017-01-24,,False,0,0,0,C,15,BREAD/BAKERY,2708,1,0,1,2017,2,4,213
10,103520,2017-01-25,,False,0,0,0,C,15,GROCERY I,1028,0,0,1,2017,3,4,213
10,1149579,2017-01-25,,False,0,0,0,C,15,BREAD/BAKERY,2708,1,0,1,2017,3,4,213
10,1149579,2017-01-26,,False,0,0,0,C,15,BREAD/BAKERY,2708,1,0,1,2017,4,4,213
10,103520,2017-01-26,1.0,False,0,0,0,C,15,GROCERY I,1028,0,0,1,2017,4,4,213
10,1149579,2017-01-27,,False,0,0,0,C,15,BREAD/BAKERY,2708,1,0,1,2017,5,4,213
10,103520,2017-01-27,,False,0,0,0,C,15,GROCERY I,1028,0,0,1,2017,5,4,213
10,1149579,2017-01-28,1.0,False,0,0,0,C,15,BREAD/BAKERY,2708,1,0,1,2017,6,4,213
10,103520,2017-01-28,,False,0,0,0,C,15,GROCERY I,1028,0,0,1,2017,6,4,213
10,103520,2017-01-29,,False,0,0,0,C,15,GROCERY I,1028,0,0,1,2017,7,4,213
10,1149579,2017-01-29,2.0,True,0,0,0,C,15,BREAD/BAKERY,2708,1,0,1,2017,7,4,213
10,103520,2017-01-30,,False,0,0,0,C,15,GROCERY I,1028,0,0,1,2017,1,5,214
10,1149579,2017-01-30,2.0,False,0,0,0,C,15,BREAD/BAKERY,2708,1,0,1,2017,1,5,214
10,1149579,2017-01-31,,False,0,0,0,C,15,BREAD/BAKERY,2708,1,0,1,2017,2,5,214
10,103520,2017-01-31,,False,0,0,0,C,15,GROCERY I,1028,0,0,1,2017,2,5,214
10,103520,2017-02-01,1.0,False,0,0,0,C,15,GROCERY I,1028,0,0,1,2017,3,5,214
10,1149579,2017-02-01,3.0,False,0,0,0,C,15,BREAD/BAKERY,2708,1,0,1,2017,3,5,214
10,1149579,2017-02-02,,False,0,0,0,C,15,BREAD/BAKERY,2708,1,0,1,2017,4,5,214
10,103520,2017-02-02,1.0,False,0,0,0,C,15,GROCERY I,1028,0,0,1,2017,4,5,214
10,1149579,2017-02-03,2.0,False,0,0,0,C,15,BREAD/BAKERY,2708,1,0,1,2017,5,5,214
10,103520,2017-02-03,,False,0,0,0,C,15,GROCERY I,1028,0,0,1,2017,5,5,214
10,103520,2017-02-04,,False,0,0,0,C,15,GROCERY I,1028,0,0,1,2017,6,5,214
10,1149579,2017-02-04,3.0,False,0,0,0,C,15,BREAD/BAKERY,2708,1,0,1,2017,6,5,214
10,103520,2017-02-05,,False,0,0,0,C,15,GROCERY I,1028,0,0,1,2017,7,5,214
10,1149579,2017-02-05,1.0,True,0,0,0,C,15,BREAD/BAKERY,2708,1,0,1,2017,7,5,214
10,103520,2017-02-06,,False,0,0,0,C,15,GROCERY I,1028,0,0,1,2017,1,6,215
10,1149579,2017-02-06,4.0,False,0,0,0,C,15,BREAD/BAKERY,2708,1,0,1,2017,1,6,215
10,103520,2017-02-07,1.0,False,0,0,0,C,15,GROCERY I,1028,0,0,1,2017,2,6,215
10,1149579,2017-02-07,5.0,False,0,0,0,C,15,BREAD/BAKERY,2708,1,0,1,2017,2,6,215
10,103520,2017-02-08,,False,0,0,0,C,15,GROCERY I,1028,0,0,1,2017,3,6,215
10,1149579,2017-02-08,3.0,False,0,0,0,C,15,BREAD/BAKERY,2708,1,0,1,2017,3,6,215
10,1149579,2017-02-09,1.0,False,0,0,0,C,15,BREAD/BAKERY,2708,1,0,1,2017,4,6,215
10,103520,2017-02-09,,False,0,0,0,C,15,GROCERY I,1028,0,0,1,2017,4,6,215
10,1149579,2017-02-10,2.0,False,0,0,0,C,15,BREAD/BAKERY,2708,1,0,1,2017,5,6,215
10,103520,2017-02-10,,False,0,0,0,C,15,GROCERY I,1028,0,0,1,2017,5,6,215
10,103520,2017-02-11,1.0,False,0,0,0,C,15,GROCERY I,1028,0,0,1,2017,6,6,215
10,1149579,2017-02-11,4.0,False,0,0,0,C,15,BREAD/BAKERY,2708,1,0,1,2017,6,6,215
10,1149579,2017-02-12,1.0,True,0,0,0,C,15,BREAD/BAKERY,2708,1,0,1,2017,7,6,215
10,103520,2017-02-12,1.0,False,0,0,0,C,15,GROCERY I,1028,0,0,1,2017,7,6,215
10,103520,2017-02-13,2.0,False,0,0,0,C,15,GROCERY I,1028,0,0,1,2017,1,7,216
10,1149579,2017-02-13,1.0,False,0,0,0,C,15,BREAD/BAKERY,2708,1,0,1,2017,1,7,216
10,103520,2017-02-14,2.0,False,0,0,0,C,15,GROCERY I,1028,0,0,1,2017,2,7,216
10,1149579,2017-02-14,,False,0,0,0,C,15,BREAD/BAKERY,2708,1,0,1,2017,2,7,216
10,103520,2017-02-15,,False,0,0,0,C,15,GROCERY I,1028,0,0,1,2017,3,7,216
10,1149579,2017-02-15,1.0,False,0,0,0,C,15,BREAD/BAKERY,2708,1,0,1,2017,3,7,216
10,1149579,2017-02-16,2.0,False,0,0,0,C,15,BREAD/BAKERY,2708,1,0,1,2017,4,7,216
10,103520,2017-02-16,,False,0,0,0,C,15,GROCERY I,1028,0,0,1,2017,4,7,216
10,103520,2017-02-17,,False,0,0,0,C,15,GROCERY I,1028,0,0,1,2017,5,7,216
10,1149579,2017-02-17,,False,0,0,0,C,15,BREAD/BAKERY,2708,1,0,1,2017,5,7,216
10,1149579,2017-02-18,1.0,False,0,0,0,C,15,BREAD/BAKERY,2708,1,0,1,2017,6,7,216
10,103520,2017-02-18,1.0,False,0,0,0,C,15,GROCERY I,1028,0,0,1,2017,6,7,216
10,1149579,2017-02-19,2.0,True,0,0,0,C,15,BREAD/BAKERY,2708,1,0,1,2017,7,7,216
10,103520,2017-02-19,,False,0,0,0,C,15,GROCERY I,1028,0,0,1,2017,7,7,216
10,103520,2017-02-20,,False,0,0,0,C,15,GROCERY I,1028,0,0,1,2017,1,8,217
10,1149579,2017-02-20,,False,0,0,0,C,15,BREAD/BAKERY,2708,1,0,1,2017,1,8,217
10,103520,2017-02-21,,False,0,0,0,C,15,GROCERY I,1028,0,0,1,2017,2,8,217
10,1149579,2017-02-21,2.0,False,0,0,0,C,15,BREAD/BAKERY,2708,1,0,1,2017,2,8,217
10,103520,2017-02-22,,False,0,0,0,C,15,GROCERY I,1028,0,0,1,2017,3,8,217
10,1149579,2017-02-22,4.0,False,0,0,0,C,15,BREAD/BAKERY,2708,1,0,1,2017,3,8,217
10,1149579,2017-02-23,2.0,False,0,0,0,C,15,BREAD/BAKERY,2708,1,0,1,2017,4,8,217
10,103520,2017-02-23,,False,0,0,0,C,15,GROCERY I,1028,0,0,1,2017,4,8,217
10,1149579,2017-02-24,,False,0,0,0,C,15,BREAD/BAKERY,2708,1,0,1,2017,5,8,217
10,103520,2017-02-24,,False,0,0,0,C,15,GROCERY I,1028,0,0,1,2017,5,8,217
10,1149579,2017-02-25,,False,0,0,0,C,15,BREAD/BAKERY,2708,1,0,1,2017,6,8,217
10,103520,2017-02-25,,False,0,0,0,C,15,GROCERY I,1028,0,0,1,2017,6,8,217
10,103520,2017-02-26,,False,0,0,0,C,15,GROCERY I,1028,0,0,1,2017,7,8,217
10,1149579,2017-02-26,,False,0,0,0,C,15,BREAD/BAKERY,2708,1,0,1,2017,7,8,217
10,103520,2017-02-27,1.0,False,0,1,0,C,15,GROCERY I,1028,0,0,1,2017,1,9,218
10,1149579,2017-02-27,3.0,False,0,1,0,C,15,BREAD/BAKERY,2708,1,0,1,2017,1,9,218
10,1149579,2017-02-28,1.0,False,0,1,0,C,15,BREAD/BAKERY,2708,1,0,1,2017,2,9,218
10,103520,2017-02-28,,False,0,1,0,C,15,GROCERY I,1028,0,0,1,2017,2,9,218
10,1149579,2017-03-01,1.0,False,0,0,0,C,15,BREAD/BAKERY,2708,1,0,1,2017,3,9,218
10,103520,2017-03-01,,False,0,0,0,C,15,GROCERY I,1028,0,0,1,2017,3,9,218
10,103520,2017-03-02,,False,0,0,0,C,15,GROCERY I,1028,0,0,1,2017,4,9,218
10,1149579,2017-03-02,1.0,False,0,0,0,C,15,BREAD/BAKERY,2708,1,0,1,2017,4,9,218
10,1149579,2017-03-03,3.0,False,0,0,0,C,15,BREAD/BAKERY,2708,1,0,1,2017,5,9,218
10,103520,2017-03-03,1.0,False,0,0,0,C,15,GROCERY I,1028,0,0,1,2017,5,9,218
10,1149579,2017-03-04,1.0,False,0,0,0,C,15,BREAD/BAKERY,2708,1,0,1,2017,6,9,218
10,103520,2017-03-04,,False,0,0,0,C,15,GROCERY I,1028,0,0,1,2017,6,9,218
10,1149579,2017-03-05,1.0,True,0,0,0,C,15,BREAD/BAKERY,2708,1,0,1,2017,7,9,218
10,103520,2017-03-05,,False,0,0,0,C,15,GROCERY I,1028,0,0,1,2017,7,9,218
10,1149579,2017-03-06,,False,0,0,0,C,15,BREAD/BAKERY,2708,1,0,1,2017,1,10,219
10,103520,2017-03-06,,False,0,0,0,C,15,GROCERY I,1028,0,0,1,2017,1,10,219
10,1149579,2017-03-07,2.0,False,0,0,0,C,15,BREAD/BAKERY,2708,1,0,1,2017,2,10,219
10,103520,2017-03-07,,False,0,0,0,C,15,GROCERY I,1028,0,0,1,2017,2,10,219
10,1149579,2017-03-08,1.0,False,0,0,0,C,15,BREAD/BAKERY,2708,1,0,1,2017,3,10,219
10,103520,2017-03-08,1.0,False,0,0,0,C,15,GROCERY I,1028,0,0,1,2017,3,10,219
10,103520,2017-03-09,,False,0,0,0,C,15,GROCERY I,1028,0,0,1,2017,4,10,219
10,1149579,2017-03-09,,False,0,0,0,C,15,BREAD/BAKERY,2708,1,0,1,2017,4,10,219
10,1149579,2017-03-10,4.0,False,0,0,0,C,15,BREAD/BAKERY,2708,1,0,1,2017,5,10,219
10,103520,2017-03-10,,False,0,0,0,C,15,GROCERY I,1028,0,0,1,2017,5,10,219
10,1149579,2017-03-11,,False,0,0,0,C,15,BREAD/BAKERY,2708,1,0,1,2017,6,10,219
10,103520,2017-03-11,,False,0,0,0,C,15,GROCERY I,1028,0,0,1,2017,6,10,219
10,1149579,2017-03-12,,False,0,0,0,C,15,BREAD/BAKERY,2708,1,0,1,2017,7,10,219
10,103520,2017-03-12,,False,0,0,0,C,15,GROCERY I,1028,0,0,1,2017,7,10,219
10,1149579,2017-03-13,1.0,False,0,0,0,C,15,BREAD/BAKERY,2708,1,0,1,2017,1,11,220
10,103520,2017-03-13,1.0,False,0,0,0,C,15,GROCERY I,1028,0,0,1,2017,1,11,220
10,1149579,2017-03-14,,False,0,0,0,C,15,BREAD/BAKERY,2708,1,0,1,2017,2,11,220
10,103520,2017-03-14,,False,0,0,0,C,15,GROCERY I,1028,0,0,1,2017,2,11,220
10,103520,2017-03-15,,False,0,0,0,C,15,GROCERY I,1028,0,0,1,2017,3,11,220
10,1149579,2017-03-15,2.0,False,0,0,0,C,15,BREAD/BAKERY,2708,1,0,1,2017,3,11,220
10,103520,2017-03-16,,False,0,0,0,C,15,GROCERY I,1028,0,0,1,2017,4,11,220
10,1149579,2017-03-16,1.0,False,0,0,0,C,15,BREAD/BAKERY,2708,1,0,1,2017,4,11,220
10,1149579,2017-03-17,1.0,False,0,0,0,C,15,BREAD/BAKERY,2708,1,0,1,2017,5,11,220
10,103520,2017-03-17,,False,0,0,0,C,15,GROCERY I,1028,0,0,1,2017,5,11,220
10,103520,2017-03-18,1.0,False,0,0,0,C,15,GROCERY I,1028,0,0,1,2017,6,11,220
10,1149579,2017-03-18,4.0,False,0,0,0,C,15,BREAD/BAKERY,2708,1,0,1,2017,6,11,220
10,1149579,2017-03-19,,False,0,0,0,C,15,BREAD/BAKERY,2708,1,0,1,2017,7,11,220
10,103520,2017-03-19,2.0,False,0,0,0,C,15,GROCERY I,1028,0,0,1,2017,7,11,220
10,1149579,2017-03-20,,False,0,0,0,C,15,BREAD/BAKERY,2708,1,0,1,2017,1,12,221
10,103520,2017-03-20,,False,0,0,0,C,15,GROCERY I,1028,0,0,1,2017,1,12,221
10,1149579,2017-03-21,4.0,False,0,0,0,C,15,BREAD/BAKERY,2708,1,0,1,2017,2,12,221
10,103520,2017-03-21,1.0,False,0,0,0,C,15,GROCERY I,1028,0,0,1,2017,2,12,221
10,103520,2017-03-22,,False,0,0,0,C,15,GROCERY I,1028,0,0,1,2017,3,12,221
10,1149579,2017-03-22,1.0,False,0,0,0,C,15,BREAD/BAKERY,2708,1,0,1,2017,3,12,221
10,103520,2017-03-23,,False,0,0,0,C,15,GROCERY I,1028,0,0,1,2017,4,12,221
10,1149579,2017-03-23,,False,0,0,0,C,15,BREAD/BAKERY,2708,1,0,1,2017,4,12,221
10,103520,2017-03-24,,False,0,0,0,C,15,GROCERY I,1028,0,0,1,2017,5,12,221
10,1149579,2017-03-24,3.0,False,0,0,0,C,15,BREAD/BAKERY,2708,1,0,1,2017,5,12,221
10,1149579,2017-03-25,1.0,False,0,0,0,C,15,BREAD/BAKERY,2708,1,0,1,2017,6,12,221
10,103520,2017-03-25,5.0,False,0,0,0,C,15,GROCERY I,1028,0,0,1,2017,6,12,221
10,103520,2017-03-26,,False,0,0,0,C,15,GROCERY I,1028,0,0,1,2017,7,12,221
10,1149579,2017-03-26,4.0,True,0,0,0,C,15,BREAD/BAKERY,2708,1,0,1,2017,7,12,221
10,103520,2017-03-27,,False,0,0,0,C,15,GROCERY I,1028,0,0,1,2017,1,13,222
10,1149579,2017-03-27,2.0,False,0,0,0,C,15,BREAD/BAKERY,2708,1,0,1,2017,1,13,222
10,103520,2017-03-28,,False,0,0,0,C,15,GROCERY I,1028,0,0,1,2017,2,13,222
10,1149579,2017-03-28,,False,0,0,0,C,15,BREAD/BAKERY,2708,1,0,1,2017,2,13,222
10,1149579,2017-03-29,,False,0,0,0,C,15,BREAD/BAKERY,2708,1,0,1,2017,3,13,222
10,103520,2017-03-29,,False,0,0,0,C,15,GROCERY I,1028,0,0,1,2017,3,13,222
10,1149579,2017-03-30,,False,0,0,0,C,15,BREAD/BAKERY,2708,1,0,1,2017,4,13,222
10,103520,2017-03-30,,False,0,0,0,C,15,GROCERY I,1028,0,0,1,2017,4,13,222
10,1149579,2017-03-31,2.0,False,0,0,0,C,15,BREAD/BAKERY,2708,1,0,1,2017,5,13,222
10,103520,2017-03-31,,False,0,0,0,C,15,GROCERY I,1028,0,0,1,2017,5,13,222
10,103520,2017-04-01,1.0,False,0,0,0,C,15,GROCERY I,1028,0,0,1,2017,6,13,222
10,1149579,2017-04-01,1.0,False,0,0,0,C,15,BREAD/BAKERY,2708,1,0,1,2017,6,13,222
10,1149579,2017-04-02,1.0,True,0,0,0,C,15,BREAD/BAKERY,2708,1,0,1,2017,7,13,222
10,103520,2017-04-02,,False,0,0,0,C,15,GROCERY I,1028,0,0,1,2017,7,13,222
10,1149579,2017-04-03,,False,0,0,0,C,15,BREAD/BAKERY,2708,1,0,1,2017,1,14,223
10,103520,2017-04-03,,False,0,0,0,C,15,GROCERY I,1028,0,0,1,2017,1,14,223
10,103520,2017-04-04,,False,0,0,0,C,15,GROCERY I,1028,0,0,1,2017,2,14,223
10,1149579,2017-04-04,1.0,False,0,0,0,C,15,BREAD/BAKERY,2708,1,0,1,2017,2,14,223
10,103520,2017-04-05,,False,0,0,0,C,15,GROCERY I,1028,0,0,1,2017,3,14,223
10,1149579,2017-04-05,3.0,False,0,0,0,C,15,BREAD/BAKERY,2708,1,0,1,2017,3,14,223
10,1149579,2017-04-06,3.0,False,0,0,0,C,15,BREAD/BAKERY,2708,1,0,1,2017,4,14,223
10,103520,2017-04-06,1.0,False,0,0,0,C,15,GROCERY I,1028,0,0,1,2017,4,14,223
10,103520,2017-04-07,2.0,False,0,0,0,C,15,GROCERY I,1028,0,0,1,2017,5,14,223
10,1149579,2017-04-07,1.0,False,0,0,0,C,15,BREAD/BAKERY,2708,1,0,1,2017,5,14,223
10,1149579,2017-04-08,,False,0,0,0,C,15,BREAD/BAKERY,2708,1,0,1,2017,6,14,223
10,103520,2017-04-08,,False,0,0,0,C,15,GROCERY I,1028,0,0,1,2017,6,14,223
10,103520,2017-04-09,1.0,False,0,0,0,C,15,GROCERY I,1028,0,0,1,2017,7,14,223
10,1149579,2017-04-09,2.0,True,0,0,0,C,15,BREAD/BAKERY,2708,1,0,1,2017,7,14,223
10,103520,2017-04-10,,False,0,0,0,C,15,GROCERY I,1028,0,0,1,2017,1,15,224
10,1149579,2017-04-10,2.0,False,0,0,0,C,15,BREAD/BAKERY,2708,1,0,1,2017,1,15,224
10,103520,2017-04-11,2.0,False,0,0,0,C,15,GROCERY I,1028,0,0,1,2017,2,15,224
10,1149579,2017-04-11,1.0,False,0,0,0,C,15,BREAD/BAKERY,2708,1,0,1,2017,2,15,224
10,1149579,2017-04-12,,False,0,0,0,C,15,BREAD/BAKERY,2708,1,0,1,2017,3,15,224
10,103520,2017-04-12,1.0,False,0,0,0,C,15,GROCERY I,1028,0,0,1,2017,3,15,224
10,103520,2017-04-13,,False,0,0,0,C,15,GROCERY I,1028,0,0,1,2017,4,15,224
10,1149579,2017-04-13,1.0,False,0,0,0,C,15,BREAD/BAKERY,2708,1,0,1,2017,4,15,224
10,1149579,2017-04-14,1.0,False,0,1,0,C,15,BREAD/BAKERY,2708,1,0,1,2017,5,15,224
10,103520,2017-04-14,,False,0,1,0,C,15,GROCERY I,1028,0,0,1,2017,5,15,224
10,1149579,2017-04-15,1.0,False,0,0,0,C,15,BREAD/BAKERY,2708,1,0,1,2017,6,15,224
10,103520,2017-04-15,1.0,False,0,0,0,C,15,GROCERY I,1028,0,0,1,2017,6,15,224
10,103520,2017-04-16,,False,0,0,0,C,15,GROCERY I,1028,0,0,1,2017,7,15,224
10,1149579,2017-04-16,2.0,True,0,0,0,C,15,BREAD/BAKERY,2708,1,0,1,2017,7,15,224
10,1149579,2017-04-17,,False,0,0,0,C,15,BREAD/BAKERY,2708,1,0,1,2017,1,16,225
10,103520,2017-04-17,1.0,False,0,0,0,C,15,GROCERY I,1028,0,0,1,2017,1,16,225
10,103520,2017-04-18,1.0,False,0,0,0,C,15,GROCERY I,1028,0,0,1,2017,2,16,225
10,1149579,2017-04-18,,False,0,0,0,C,15,BREAD/BAKERY,2708,1,0,1,2017,2,16,225
10,1149579,2017-04-19,1.0,False,0,0,0,C,15,BREAD/BAKERY,2708,1,0,1,2017,3,16,225
10,103520,2017-04-19,,False,0,0,0,C,15,GROCERY I,1028,0,0,1,2017,3,16,225
10,1149579,2017-04-20,2.0,False,0,0,0,C,15,BREAD/BAKERY,2708,1,0,1,2017,4,16,225
10,103520,2017-04-20,,False,0,0,0,C,15,GROCERY I,1028,0,0,1,2017,4,16,225
10,1149579,2017-04-21,3.0,False,0,0,0,C,15,BREAD/BAKERY,2708,1,0,1,2017,5,16,225
10,103520,2017-04-21,1.0,False,0,0,0,C,15,GROCERY I,1028,0,0,1,2017,5,16,225
10,1149579,2017-04-22,1.0,False,0,0,0,C,15,BREAD/BAKERY,2708,1,0,1,2017,6,16,225
10,103520,2017-04-22,,False,0,0,0,C,15,GROCERY I,1028,0,0,1,2017,6,16,225
10,1149579,2017-04-23,1.0,True,0,0,0,C,15,BREAD/BAKERY,2708,1,0,1,2017,7,16,225
10,103520,2017-04-23,,False,0,0,0,C,15,GROCERY I,1028,0,0,1,2017,7,16,225
10,103520,2017-04-24,,False,0,0,0,C,15,GROCERY I,1028,0,0,1,2017,1,17,226
10,1149579,2017-04-24,,False,0,0,0,C,15,BREAD/BAKERY,2708,1,0,1,2017,1,17,226
10,103520,2017-04-25,,False,0,0,0,C,15,GROCERY I,1028,0,0,1,2017,2,17,226
10,1149579,2017-04-25,4.0,False,0,0,0,C,15,BREAD/BAKERY,2708,1,0,1,2017,2,17,226
10,103520,2017-04-26,,False,0,0,0,C,15,GROCERY I,1028,0,0,1,2017,3,17,226
10,1149579,2017-04-26,1.0,False,0,0,0,C,15,BREAD/BAKERY,2708,1,0,1,2017,3,17,226
10,103520,2017-04-27,,False,0,0,0,C,15,GROCERY I,1028,0,0,1,2017,4,17,226
10,1149579,2017-04-27,,False,0,0,0,C,15,BREAD/BAKERY,2708,1,0,1,2017,4,17,226
10,1149579,2017-04-28,,False,0,0,0,C,15,BREAD/BAKERY,2708,1,0,1,2017,5,17,226
10,103520,2017-04-28,,False,0,0,0,C,15,GROCERY I,1028,0,0,1,2017,5,17,226
10,1149579,2017-04-29,,False,0,0,0,C,15,BREAD/BAKERY,2708,1,0,1,2017,6,17,226
10,103520,2017-04-29,,False,0,0,0,C,15,GROCERY I,1028,0,0,1,2017,6,17,226
10,1149579,2017-04-30,,False,0,0,0,C,15,BREAD/BAKERY,2708,1,0,1,2017,7,17,226
10,103520,2017-04-30,,False,0,0,0,C,15,GROCERY I,1028,0,0,1,2017,7,17,226
10,1149579,2017-05-01,3.0,False,0,1,0,C,15,BREAD/BAKERY,2708,1,0,1,2017,1,18,227
10,103520,2017-05-01,,False,0,1,0,C,15,GROCERY I,1028,0,0,1,2017,1,18,227
10,103520,2017-05-02,,False,0,0,0,C,15,GROCERY I,1028,0,0,1,2017,2,18,227
10,1149579,2017-05-02,2.0,False,0,0,0,C,15,BREAD/BAKERY,2708,1,0,1,2017,2,18,227
10,103520,2017-05-03,,False,0,0,0,C,15,GROCERY I,1028,0,0,1,2017,3,18,227
10,1149579,2017-05-03,,False,0,0,0,C,15,BREAD/BAKERY,2708,1,0,1,2017,3,18,227
10,103520,2017-05-04,,False,0,0,0,C,15,GROCERY I,1028,0,0,1,2017,4,18,227
10,1149579,2017-05-04,1.0,False,0,0,0,C,15,BREAD/BAKERY,2708,1,0,1,2017,4,18,227
10,1149579,2017-05-05,,False,0,0,0,C,15,BREAD/BAKERY,2708,1,0,1,2017,5,18,227
10,103520,2017-05-05,,False,0,0,0,C,15,GROCERY I,1028,0,0,1,2017,5,18,227
10,1149579,2017-05-06,,False,0,0,0,C,15,BREAD/BAKERY,2708,1,0,1,2017,6,18,227
10,103520,2017-05-06,,False,0,0,0,C,15,GROCERY I,1028,0,0,1,2017,6,18,227
10,103520,2017-05-07,,False,0,0,0,C,15,GROCERY I,1028,0,0,1,2017,7,18,227
10,1149579,2017-05-07,2.0,True,0,0,0,C,15,BREAD/BAKERY,2708,1,0,1,2017,7,18,227
10,103520,2017-05-08,,False,0,0,0,C,15,GROCERY I,1028,0,0,1,2017,1,19,228
10,1149579,2017-05-08,4.0,False,0,0,0,C,15,BREAD/BAKERY,2708,1,0,1,2017,1,19,228
10,103520,2017-05-09,,False,0,0,0,C,15,GROCERY I,1028,0,0,1,2017,2,19,228
10,1149579,2017-05-09,2.0,False,0,0,0,C,15,BREAD/BAKERY,2708,1,0,1,2017,2,19,228
10,103520,2017-05-10,,False,0,0,0,C,15,GROCERY I,1028,0,0,1,2017,3,19,228
10,1149579,2017-05-10,2.0,False,0,0,0,C,15,BREAD/BAKERY,2708,1,0,1,2017,3,19,228
10,1149579,2017-05-11,,False,0,0,0,C,15,BREAD/BAKERY,2708,1,0,1,2017,4,19,228
10,103520,2017-05-11,2.0,False,0,0,0,C,15,GROCERY I,1028,0,0,1,2017,4,19,228
10,1149579,2017-05-12,,False,0,0,0,C,15,BREAD/BAKERY,2708,1,0,1,2017,5,19,228
10,103520,2017-05-12,3.0,False,0,0,0,C,15,GROCERY I,1028,0,0,1,2017,5,19,228
10,103520,2017-05-13,1.0,False,0,1,0,C,15,GROCERY I,1028,0,0,1,2017,6,19,228
10,1149579,2017-05-13,,False,0,1,0,C,15,BREAD/BAKERY,2708,1,0,1,2017,6,19,228
10,1149579,2017-05-14,,False,0,1,0,C,15,BREAD/BAKERY,2708,1,0,1,2017,7,19,228
10,103520,2017-05-14,1.0,False,0,1,0,C,15,GROCERY I,1028,0,0,1,2017,7,19,228
10,1149579,2017-05-15,,False,0,0,0,C,15,BREAD/BAKERY,2708,1,0,1,2017,1,20,229
10,103520,2017-05-15,,False,0,0,0,C,15,GROCERY I,1028,0,0,1,2017,1,20,229
10,103520,2017-05-16,1.0,False,0,0,0,C,15,GROCERY I,1028,0,0,1,2017,2,20,229
10,1149579,2017-05-16,,False,0,0,0,C,15,BREAD/BAKERY,2708,1,0,1,2017,2,20,229
10,1149579,2017-05-17,1.0,False,0,0,0,C,15,BREAD/BAKERY,2708,1,0,1,2017,3,20,229
10,103520,2017-05-17,1.0,False,0,0,0,C,15,GROCERY I,1028,0,0,1,2017,3,20,229
10,1149579,2017-05-18,1.0,False,0,0,0,C,15,BREAD/BAKERY,2708,1,0,1,2017,4,20,229
10,103520,2017-05-18,,False,0,0,0,C,15,GROCERY I,1028,0,0,1,2017,4,20,229
10,1149579,2017-05-19,,False,0,0,0,C,15,BREAD/BAKERY,2708,1,0,1,2017,5,20,229
10,103520,2017-05-19,2.0,False,0,0,0,C,15,GROCERY I,1028,0,0,1,2017,5,20,229
10,1149579,2017-05-20,,False,0,0,0,C,15,BREAD/BAKERY,2708,1,0,1,2017,6,20,229
10,103520,2017-05-20,4.0,False,0,0,0,C,15,GROCERY I,1028,0,0,1,2017,6,20,229
10,1149579,2017-05-21,3.0,True,0,0,0,C,15,BREAD/BAKERY,2708,1,0,1,2017,7,20,229
10,103520,2017-05-21,1.0,False,0,0,0,C,15,GROCERY I,1028,0,0,1,2017,7,20,229
10,1149579,2017-05-22,,False,0,0,0,C,15,BREAD/BAKERY,2708,1,0,1,2017,1,21,230
10,103520,2017-05-22,,False,0,0,0,C,15,GROCERY I,1028,0,0,1,2017,1,21,230
10,1149579,2017-05-23,1.0,False,0,0,0,C,15,BREAD/BAKERY,2708,1,0,1,2017,2,21,230
10,103520,2017-05-23,1.0,False,0,0,0,C,15,GROCERY I,1028,0,0,1,2017,2,21,230
10,103520,2017-05-24,,False,0,1,0,C,15,GROCERY I,1028,0,0,1,2017,3,21,230
10,1149579,2017-05-24,,False,0,1,0,C,15,BREAD/BAKERY,2708,1,0,1,2017,3,21,230
10,103520,2017-05-25,2.0,False,0,0,0,C,15,GROCERY I,1028,0,0,1,2017,4,21,230
10,1149579,2017-05-25,3.0,False,0,0,0,C,15,BREAD/BAKERY,2708,1,0,1,2017,4,21,230
10,103520,2017-05-26,,False,0,1,0,C,15,GROCERY I,1028,0,0,1,2017,5,21,230
10,1149579,2017-05-26,1.0,False,0,1,0,C,15,BREAD/BAKERY,2708,1,0,1,2017,5,21,230
10,103520,2017-05-27,,False,0,0,0,C,15,GROCERY I,1028,0,0,1,2017,6,21,230
10,1149579,2017-05-27,,False,0,0,0,C,15,BREAD/BAKERY,2708,1,0,1,2017,6,21,230
10,1149579,2017-05-28,,False,0,0,0,C,15,BREAD/BAKERY,2708,1,0,1,2017,7,21,230
10,103520,2017-05-28,,False,0,0,0,C,15,GROCERY I,1028,0,0,1,2017,7,21,230
10,1149579,2017-05-29,1.0,False,0,0,0,C,15,BREAD/BAKERY,2708,1,0,1,2017,1,22,231
10,103520,2017-05-29,1.0,False,0,0,0,C,15,GROCERY I,1028,0,0,1,2017,1,22,231
10,103520,2017-05-30,1.0,False,0,0,0,C,15,GROCERY I,1028,0,0,1,2017,2,22,231
10,1149579,2017-05-30,1.0,False,0,0,0,C,15,BREAD/BAKERY,2708,1,0,1,2017,2,22,231
10,103520,2017-05-31,4.0,False,0,0,0,C,15,GROCERY I,1028,0,0,1,2017,3,22,231
10,1149579,2017-05-31,2.0,False,0,0,0,C,15,BREAD/BAKERY,2708,1,0,1,2017,3,22,231
10,1149579,2017-06-01,2.0,False,0,0,0,C,15,BREAD/BAKERY,2708,1,0,1,2017,4,22,231
10,103520,2017-06-01,1.0,False,0,0,0,C,15,GROCERY I,1028,0,0,1,2017,4,22,231
10,1149579,2017-06-02,2.0,False,0,0,0,C,15,BREAD/BAKERY,2708,1,0,1,2017,5,22,231
10,103520,2017-06-02,,False,0,0,0,C,15,GROCERY I,1028,0,0,1,2017,5,22,231
10,1149579,2017-06-03,,False,0,0,0,C,15,BREAD/BAKERY,2708,1,0,1,2017,6,22,231
10,103520,2017-06-03,1.0,False,0,0,0,C,15,GROCERY I,1028,0,0,1,2017,6,22,231
10,1149579,2017-06-04,,False,0,0,0,C,15,BREAD/BAKERY,2708,1,0,1,2017,7,22,231
10,103520,2017-06-04,,False,0,0,0,C,15,GROCERY I,1028,0,0,1,2017,7,22,231
10,103520,2017-06-05,,False,0,0,0,C,15,GROCERY I,1028,0,0,1,2017,1,23,232
10,1149579,2017-06-05,2.0,False,0,0,0,C,15,BREAD/BAKERY,2708,1,0,1,2017,1,23,232
10,1149579,2017-06-06,3.0,False,0,0,0,C,15,BREAD/BAKERY,2708,1,0,1,2017,2,23,232
10,103520,2017-06-06,1.0,False,0,0,0,C,15,GROCERY I,1028,0,0,1,2017,2,23,232
10,1149579,2017-06-07,3.0,False,0,0,0,C,15,BREAD/BAKERY,2708,1,0,1,2017,3,23,232
10,103520,2017-06-07,,False,0,0,0,C,15,GROCERY I,1028,0,0,1,2017,3,23,232
10,103520,2017-06-08,,False,0,0,0,C,15,GROCERY I,1028,0,0,1,2017,4,23,232
10,1149579,2017-06-08,1.0,False,0,0,0,C,15,BREAD/BAKERY,2708,1,0,1,2017,4,23,232
10,1149579,2017-06-09,4.0,False,0,0,0,C,15,BREAD/BAKERY,2708,1,0,1,2017,5,23,232
10,103520,2017-06-09,,False,0,0,0,C,15,GROCERY I,1028,0,0,1,2017,5,23,232
10,1149579,2017-06-10,,False,0,0,0,C,15,BREAD/BAKERY,2708,1,0,1,2017,6,23,232
10,103520,2017-06-10,,False,0,0,0,C,15,GROCERY I,1028,0,0,1,2017,6,23,232
10,1149579,2017-06-11,5.0,True,0,0,0,C,15,BREAD/BAKERY,2708,1,0,1,2017,7,23,232
10,103520,2017-06-11,,False,0,0,0,C,15,GROCERY I,1028,0,0,1,2017,7,23,232
10,1149579,2017-06-12,4.0,False,0,0,0,C,15,BREAD/BAKERY,2708,1,0,1,2017,1,24,233
10,103520,2017-06-12,1.0,False,0,0,0,C,15,GROCERY I,1028,0,0,1,2017,1,24,233
10,103520,2017-06-13,1.0,False,0,0,0,C,15,GROCERY I,1028,0,0,1,2017,2,24,233
10,1149579,2017-06-13,3.0,False,0,0,0,C,15,BREAD/BAKERY,2708,1,0,1,2017,2,24,233
10,103520,2017-06-14,1.0,False,0,0,0,C,15,GROCERY I,1028,0,0,1,2017,3,24,233
10,1149579,2017-06-14,5.0,False,0,0,0,C,15,BREAD/BAKERY,2708,1,0,1,2017,3,24,233
10,1149579,2017-06-15,3.0,False,0,0,0,C,15,BREAD/BAKERY,2708,1,0,1,2017,4,24,233
10,103520,2017-06-15,1.0,False,0,0,0,C,15,GROCERY I,1028,0,0,1,2017,4,24,233
10,103520,2017-06-16,,False,0,0,0,C,15,GROCERY I,1028,0,0,1,2017,5,24,233
10,1149579,2017-06-16,1.0,False,0,0,0,C,15,BREAD/BAKERY,2708,1,0,1,2017,5,24,233
10,103520,2017-06-17,,False,0,0,0,C,15,GROCERY I,1028,0,0,1,2017,6,24,233
10,1149579,2017-06-17,7.0,False,0,0,0,C,15,BREAD/BAKERY,2708,1,0,1,2017,6,24,233
10,103520,2017-06-18,4.0,False,0,0,0,C,15,GROCERY I,1028,0,0,1,2017,7,24,233
10,1149579,2017-06-18,,False,0,0,0,C,15,BREAD/BAKERY,2708,1,0,1,2017,7,24,233
10,103520,2017-06-19,,False,0,0,0,C,15,GROCERY I,1028,0,0,1,2017,1,25,234
10,1149579,2017-06-19,2.0,False,0,0,0,C,15,BREAD/BAKERY,2708,1,0,1,2017,1,25,234
10,1149579,2017-06-20,3.0,False,0,0,0,C,15,BREAD/BAKERY,2708,1,0,1,2017,2,25,234
10,103520,2017-06-20,,False,0,0,0,C,15,GROCERY I,1028,0,0,1,2017,2,25,234
10,1149579,2017-06-21,1.0,False,0,0,0,C,15,BREAD/BAKERY,2708,1,0,1,2017,3,25,234
10,103520,2017-06-21,,False,0,0,0,C,15,GROCERY I,1028,0,0,1,2017,3,25,234
10,1149579,2017-06-22,1.0,False,0,0,0,C,15,BREAD/BAKERY,2708,1,0,1,2017,4,25,234
10,103520,2017-06-22,3.0,False,0,0,0,C,15,GROCERY I,1028,0,0,1,2017,4,25,234
10,103520,2017-06-23,2.0,False,0,0,0,C,15,GROCERY I,1028,0,0,1,2017,5,25,234
10,1149579,2017-06-23,2.0,False,0,0,0,C,15,BREAD/BAKERY,2708,1,0,1,2017,5,25,234
10,1149579,2017-06-24,1.0,False,0,0,0,C,15,BREAD/BAKERY,2708,1,0,1,2017,6,25,234
10,103520,2017-06-24,,False,0,0,0,C,15,GROCERY I,1028,0,0,1,2017,6,25,234
10,1149579,2017-06-25,3.0,True,0,0,0,C,15,BREAD/BAKERY,2708,1,0,1,2017,7,25,234
10,103520,2017-06-25,2.0,False,0,0,0,C,15,GROCERY I,1028,0,0,1,2017,7,25,234
10,1149579,2017-06-26,5.0,False,0,0,0,C,15,BREAD/BAKERY,2708,1,0,1,2017,1,26,235
10,103520,2017-06-26,,False,0,0,0,C,15,GROCERY I,1028,0,0,1,2017,1,26,235
10,103520,2017-06-27,1.0,False,0,0,0,C,15,GROCERY I,1028,0,0,1,2017,2,26,235
10,1149579,2017-06-27,3.0,False,0,0,0,C,15,BREAD/BAKERY,2708,1,0,1,2017,2,26,235
10,103520,2017-06-28,1.0,False,0,0,0,C,15,GROCERY I,1028,0,0,1,2017,3,26,235
10,1149579,2017-06-28,,False,0,0,0,C,15,BREAD/BAKERY,2708,1,0,1,2017,3,26,235
10,103520,2017-06-29,2.0,False,0,0,0,C,15,GROCERY I,1028,0,0,1,2017,4,26,235
10,1149579,2017-06-29,,False,0,0,0,C,15,BREAD/BAKERY,2708,1,0,1,2017,4,26,235
10,103520,2017-06-30,1.0,False,0,0,0,C,15,GROCERY I,1028,0,0,1,2017,5,26,235
10,1149579,2017-06-30,1.0,False,0,0,0,C,15,BREAD/BAKERY,2708,1,0,1,2017,5,26,235
10,103520,2017-07-01,,False,0,0,0,C,15,GROCERY I,1028,0,0,1,2017,6,26,235
10,1149579,2017-07-01,2.0,False,0,0,0,C,15,BREAD/BAKERY,2708,1,0,1,2017,6,26,235
10,103520,2017-07-02,1.0,False,0,0,0,C,15,GROCERY I,1028,0,0,1,2017,7,26,235
10,1149579,2017-07-02,4.0,True,0,0,0,C,15,BREAD/BAKERY,2708,1,0,1,2017,7,26,235
10,103520,2017-07-03,,False,0,0,0,C,15,GROCERY I,1028,0,0,1,2017,1,27,236
10,1149579,2017-07-03,3.0,False,0,0,0,C,15,BREAD/BAKERY,2708,1,0,1,2017,1,27,236
10,103520,2017-07-04,2.0,False,0,0,0,C,15,GROCERY I,1028,0,0,1,2017,2,27,236
10,1149579,2017-07-04,4.0,False,0,0,0,C,15,BREAD/BAKERY,2708,1,0,1,2017,2,27,236
10,103520,2017-07-05,1.0,False,0,0,0,C,15,GROCERY I,1028,0,0,1,2017,3,27,236
10,1149579,2017-07-05,4.0,False,0,0,0,C,15,BREAD/BAKERY,2708,1,0,1,2017,3,27,236
10,1149579,2017-07-06,3.0,False,0,0,0,C,15,BREAD/BAKERY,2708,1,0,1,2017,4,27,236
10,103520,2017-07-06,1.0,False,0,0,0,C,15,GROCERY I,1028,0,0,1,2017,4,27,236
10,1149579,2017-07-07,,False,0,0,0,C,15,BREAD/BAKERY,2708,1,0,1,2017,5,27,236
10,103520,2017-07-07,,False,0,0,0,C,15,GROCERY I,1028,0,0,1,2017,5,27,236
10,1149579,2017-07-08,2.0,False,0,0,0,C,15,BREAD/BAKERY,2708,1,0,1,2017,6,27,236
10,103520,2017-07-08,,False,0,0,0,C,15,GROCERY I,1028,0,0,1,2017,6,27,236
10,103520,2017-07-09,,False,0,0,0,C,15,GROCERY I,1028,0,0,1,2017,7,27,236
10,1149579,2017-07-09,3.0,True,0,0,0,C,15,BREAD/BAKERY,2708,1,0,1,2017,7,27,236
10,103520,2017-07-10,,False,0,0,0,C,15,GROCERY I,1028,0,0,1,2017,1,28,237
10,1149579,2017-07-10,2.0,False,0,0,0,C,15,BREAD/BAKERY,2708,1,0,1,2017,1,28,237
10,1149579,2017-07-11,1.0,False,0,0,0,C,15,BREAD/BAKERY,2708,1,0,1,2017,2,28,237
10,103520,2017-07-11,,False,0,0,0,C,15,GROCERY I,1028,0,0,1,2017,2,28,237
10,103520,2017-07-12,,False,0,0,0,C,15,GROCERY I,1028,0,0,1,2017,3,28,237
10,1149579,2017-07-12,,False,0,0,0,C,15,BREAD/BAKERY,2708,1,0,1,2017,3,28,237
10,1149579,2017-07-13,1.0,False,0,0,0,C,15,BREAD/BAKERY,2708,1,0,1,2017,4,28,237
10,103520,2017-07-13,,False,0,0,0,C,15,GROCERY I,1028,0,0,1,2017,4,28,237
10,1149579,2017-07-14,2.0,False,0,0,0,C,15,BREAD/BAKERY,2708,1,0,1,2017,5,28,237
10,103520,2017-07-14,2.0,False,0,0,0,C,15,GROCERY I,1028,0,0,1,2017,5,28,237
10,1149579,2017-07-15,2.0,False,0,0,0,C,15,BREAD/BAKERY,2708,1,0,1,2017,6,28,237
10,103520,2017-07-15,,False,0,0,0,C,15,GROCERY I,1028,0,0,1,2017,6,28,237
10,103520,2017-07-16,1.0,False,0,0,0,C,15,GROCERY I,1028,0,0,1,2017,7,28,237
10,1149579,2017-07-16,6.0,True,0,0,0,C,15,BREAD/BAKERY,2708,1,0,1,2017,7,28,237
10,1149579,2017-07-17,,False,0,0,0,C,15,BREAD/BAKERY,2708,1,0,1,2017,1,29,238
10,103520,2017-07-17,,False,0,0,0,C,15,GROCERY I,1028,0,0,1,2017,1,29,238
10,103520,2017-07-18,1.0,False,0,0,0,C,15,GROCERY I,1028,0,0,1,2017,2,29,238
10,1149579,2017-07-18,1.0,False,0,0,0,C,15,BREAD/BAKERY,2708,1,0,1,2017,2,29,238
10,1149579,2017-07-19,1.0,False,0,0,0,C,15,BREAD/BAKERY,2708,1,0,1,2017,3,29,238
10,103520,2017-07-19,,False,0,0,0,C,15,GROCERY I,1028,0,0,1,2017,3,29,238
10,1149579,2017-07-20,1.0,False,0,0,0,C,15,BREAD/BAKERY,2708,1,0,1,2017,4,29,238
10,103520,2017-07-20,,False,0,0,0,C,15,GROCERY I,1028,0,0,1,2017,4,29,238
10,1149579,2017-07-21,3.0,False,0,0,0,C,15,BREAD/BAKERY,2708,1,0,1,2017,5,29,238
10,103520,2017-07-21,1.0,False,0,0,0,C,15,GROCERY I,1028,0,0,1,2017,5,29,238
10,1149579,2017-07-22,2.0,False,0,0,0,C,15,BREAD/BAKERY,2708,1,0,1,2017,6,29,238
10,103520,2017-07-22,1.0,False,0,0,0,C,15,GROCERY I,1028,0,0,1,2017,6,29,238
10,103520,2017-07-23,,False,0,0,0,C,15,GROCERY I,1028,0,0,1,2017,7,29,238
10,1149579,2017-07-23,,False,0,0,0,C,15,BREAD/BAKERY,2708,1,0,1,2017,7,29,238
10,103520,2017-07-24,,False,0,0,0,C,15,GROCERY I,1028,0,0,1,2017,1,30,239
10,1149579,2017-07-24,,False,0,0,0,C,15,BREAD/BAKERY,2708,1,0,1,2017,1,30,239
10,1149579,2017-07-25,1.0,False,0,0,0,C,15,BREAD/BAKERY,2708,1,0,1,2017,2,30,239
10,103520,2017-07-25,2.0,False,0,0,0,C,15,GROCERY I,1028,0,0,1,2017,2,30,239
10,103520,2017-07-26,,False,0,0,0,C,15,GROCERY I,1028,0,0,1,2017,3,30,239
10,1149579,2017-07-26,6.0,False,0,0,0,C,15,BREAD/BAKERY,2708,1,0,1,2017,3,30,239
10,103520,2017-07-27,,False,0,0,0,C,15,GROCERY I,1028,0,0,1,2017,4,30,239
10,1149579,2017-07-27,,False,0,0,0,C,15,BREAD/BAKERY,2708,1,0,1,2017,4,30,239
10,1149579,2017-07-28,,False,0,0,0,C,15,BREAD/BAKERY,2708,1,0,1,2017,5,30,239
10,103520,2017-07-28,2.0,False,0,0,0,C,15,GROCERY I,1028,0,0,1,2017,5,30,239
10,1149579,2017-07-29,,False,0,0,0,C,15,BREAD/BAKERY,2708,1,0,1,2017,6,30,239
10,103520,2017-07-29,1.0,False,0,0,0,C,15,GROCERY I,1028,0,0,1,2017,6,30,239
10,1149579,2017-07-30,,False,0,0,0,C,15,BREAD/BAKERY,2708,1,0,1,2017,7,30,239
10,103520,2017-07-30,1.0,False,0,0,0,C,15,GROCERY I,1028,0,0,1,2017,7,30,239
10,103520,2017-07-31,1.0,False,0,0,0,C,15,GROCERY I,1028,0,0,1,2017,1,31,240
10,1149579,2017-07-31,3.0,False,0,0,0,C,15,BREAD/BAKERY,2708,1,0,1,2017,1,31,240
10,1149579,2017-08-01,3.0,False,0,0,0,C,15,BREAD/BAKERY,2708,1,0,1,2017,2,31,240
10,103520,2017-08-01,1.0,False,0,0,0,C,15,GROCERY I,1028,0,0,1,2017,2,31,240
10,103520,2017-08-02,,False,0,0,0,C,15,GROCERY I,1028,0,0,1,2017,3,31,240
10,1149579,2017-08-02,,False,0,0,0,C,15,BREAD/BAKERY,2708,1,0,1,2017,3,31,240
10,103520,2017-08-03,,False,0,0,0,C,15,GROCERY I,1028,0,0,1,2017,4,31,240
10,1149579,2017-08-03,2.0,False,0,0,0,C,15,BREAD/BAKERY,2708,1,0,1,2017,4,31,240
10,103520,2017-08-04,1.0,False,0,0,0,C,15,GROCERY I,1028,0,0,1,2017,5,31,240
10,1149579,2017-08-04,2.0,False,0,0,0,C,15,BREAD/BAKERY,2708,1,0,1,2017,5,31,240
10,103520,2017-08-05,3.0,False,0,0,0,C,15,GROCERY I,1028,0,0,1,2017,6,31,240
10,1149579,2017-08-05,1.0,False,0,0,0,C,15,BREAD/BAKERY,2708,1,0,1,2017,6,31,240
10,1149579,2017-08-06,1.0,True,0,0,0,C,15,BREAD/BAKERY,2708,1,0,1,2017,7,31,240
10,103520,2017-08-06,,False,0,0,0,C,15,GROCERY I,1028,0,0,1,2017,7,31,240
10,1149579,2017-08-07,1.0,False,0,0,0,C,15,BREAD/BAKERY,2708,1,0,1,2017,1,32,241
10,103520,2017-08-07,,False,0,0,0,C,15,GROCERY I,1028,0,0,1,2017,1,32,241
10,1149579,2017-08-08,3.0,False,0,0,0,C,15,BREAD/BAKERY,2708,1,0,1,2017,2,32,241
10,103520,2017-08-08,1.0,False,0,0,0,C,15,GROCERY I,1028,0,0,1,2017,2,32,241
10,103520,2017-08-09,,False,0,0,0,C,15,GROCERY I,1028,0,0,1,2017,3,32,241
10,1149579,2017-08-09,1.0,False,0,0,0,C,15,BREAD/BAKERY,2708,1,0,1,2017,3,32,241
10,1149579,2017-08-10,1.0,False,0,1,0,C,15,BREAD/BAKERY,2708,1,0,1,2017,4,32,241
10,103520,2017-08-10,,False,0,1,0,C,15,GROCERY I,1028,0,0,1,2017,4,32,241
10,1149579,2017-08-11,,False,0,1,0,C,15,BREAD/BAKERY,2708,1,0,1,2017,5,32,241
10,103520,2017-08-11,,False,0,1,0,C,15,GROCERY I,1028,0,0,1,2017,5,32,241
10,103520,2017-08-12,,False,0,0,0,C,15,GROCERY I,1028,0,0,1,2017,6,32,241
10,1149579,2017-08-12,,False,0,0,0,C,15,BREAD/BAKERY,2708,1,0,1,2017,6,32,241
10,103520,2017-08-13,1.0,False,0,0,0,C,15,GROCERY I,1028,0,0,1,2017,7,32,241
10,1149579,2017-08-13,,False,0,0,0,C,15,BREAD/BAKERY,2708,1,0,1,2017,7,32,241
10,1149579,2017-08-14,2.0,False,0,0,0,C,15,BREAD/BAKERY,2708,1,0,1,2017,1,33,242
10,103520,2017-08-14,1.0,False,0,0,0,C,15,GROCERY I,1028,0,0,1,2017,1,33,242
10,103520,2017-08-15,,False,0,0,0,C,15,GROCERY I,1028,0,0,7,2017,2,33,242
10,1149579,2017-08-15,2.0,False,0,0,0,C,15,BREAD/BAKERY,2708,1,0,1,2017,2,33,242
